source1_entity_id	matched_entity_ids
S1-100006609	S2-529025625,S2-736006177
S1-100043280	S2-242276064,S2-626484921,S2-904539470
S1-100060833	S3-408882903,S3-852214762
S1-100096794	S2-137823857,S2-598034158,S3-88978423
S1-100133944	S2-515443805,S2-569369128,S3-958949510
S1-100172226	S2-684611909,S2-396542510,S2-350737987,S3-99641948,S3-127470486,S3-512566478,S3-258291527
S1-100310753	S2-985427930,S3-682694953,S3-918326210
S1-100356248	S2-50976160,S3-856039661,S3-197341812
S1-100381482	S2-584730164,S2-365249520,S2-726950543,S3-740846657,S3-401642813,S3-180482400
S1-100388935	S2-980232971,S2-445408182,S2-111805550,S2-928637986,S3-969302490
S1-100445202	S2-901369511,S2-738849173,S3-558336328
S1-100528001	S2-315034093,S2-241136493,S3-398436189,S3-655891859,S3-507488231
S1-100565634	S2-873076028,S2-44957093,S2-141366233,S2-221310579,S3-853127299,S3-969583724
S1-100574805	S2-80674353,S2-288601894
S1-100601737	S3-79085420,S3-597029436
S1-100665142	S2-56031722,S3-686879827,S3-81951801,S3-188163472
S1-100804120	S2-982873991,S2-328635916,S2-956966646,S3-652243555,S3-103265321,S3-322041032
S1-100819942	S2-109758263,S2-31018145,S3-695514270,S3-684035666
S1-100898743	S2-108614689,S2-952405007,S3-353779554,S3-395476214
S1-100931526	
S1-100977364	S2-388401692,S3-252767119,S3-742409810,S3-455206440
S1-100992954	S2-246739350,S3-340054247
S1-101112528	S2-65687872,S3-969125539
S1-101151329	S2-918391462,S2-886770489,S3-850486152
S1-101261174	S2-829027645,S2-63197813,S3-374905736,S3-2304631,S3-221606623,S3-481227248,S3-584690330
S1-101306465	S2-194905102,S2-386570829,S2-225072923,S3-799105955
S1-101323745	S2-573675549,S3-339354930
S1-101347137	S2-471679665,S2-17871373,S2-986139293,S3-239965845,S3-668765219,S3-21508967
S1-101423429	S2-573438446,S3-347226075
S1-101507884	S2-925351776,S3-211415438
S1-101512390	S2-382478094,S3-803928114
S1-101835320	
S1-101853318	S2-60050562,S3-320889670,S3-870154419
S1-101873091	S2-340217039,S3-167860973,S3-280437495
S1-101943308	
S1-101957631	S2-555740324,S3-722035276,S3-439454539
S1-101973207	S2-275710866,S3-624141741,S3-769137243,S3-745686278
S1-102013992	S2-832596721,S2-20264852,S2-191883192,S3-504572508,S3-301253909
S1-102017320	
S1-102031443	S2-214922261,S3-922090723
S1-102079287	S2-157355708,S2-322995390,S2-483583636,S3-342577309,S3-916453193
S1-102102658	S3-863764355,S3-788607725
S1-102137843	S2-477854079,S3-976692535,S3-110168885,S3-16294269
S1-102174964	S3-386960663
S1-102189541	S2-252687495,S2-10449657,S3-272691340
S1-102285151	S3-66664774,S3-420995868,S3-706151429,S3-814217001
S1-102345719	S2-578985035,S2-573322128,S2-560994418,S2-629757296,S3-420403781,S3-967606022
S1-102412791	S2-112782250
S1-102424603	S2-677137990,S2-26431780,S2-215475212,S3-336566100
S1-102426974	S3-246801677,S3-848117602,S3-149013487
S1-102519566	S2-617519650,S2-61596395,S3-491210180,S3-911516224
S1-102536513	S3-373309297
S1-102568643	S2-192307261,S2-819662469,S3-739360215,S3-285229376
S1-10260159	S2-237719153,S3-733901921,S3-563729438
S1-102610749	S2-833015811,S2-987674226,S2-859575143,S3-83897750,S3-50737333,S3-669248230
S1-102761511	S2-497967854,S2-611492801
S1-102761968	S2-990155489,S3-591427367,S3-400495973,S3-580990675,S3-697766351
S1-102804777	S2-414642073,S3-189057767,S3-76199081
S1-102885104	S3-411239514,S3-427234792,S3-97057942
S1-102905536	S2-73918587,S3-382455597
S1-102954276	S2-698181431,S2-735084496,S3-52826383,S3-167236920,S3-436529579
S1-102965979	S2-192156935,S2-224600869,S2-219596100,S3-25675890,S3-385027912,S3-690263729
S1-103004446	S2-163835099,S3-138221585,S3-605893229,S3-418333623,S3-396625893,S3-54383046
S1-103157191	S2-96412540,S2-803882733,S3-411556810,S3-634004164,S3-860883804
S1-10326250	S2-780090057,S3-547046233,S3-882131125
S1-103263020	S2-693676456,S2-821156315,S3-134431297,S3-808653263
S1-103269960	S2-125038296,S3-658467277
S1-103305396	S2-634038258,S2-145589964,S3-488649472
S1-103349845	S2-946545927,S3-477155354,S3-951639141,S3-782007105
S1-103362066	S2-679584374,S2-908288981,S3-934333503,S3-290825410
S1-103372888	S2-714713045,S2-92863990,S2-57785420,S3-400318924,S3-355694018,S3-852962263,S3-830712183
S1-103399758	S2-552676897,S2-852811584,S3-691711162
S1-103408261	S2-545790488,S2-323655216,S3-323255221,S3-159543593
S1-103453884	S2-82035350,S3-533913146
S1-10353071	
S1-103554907	
S1-103594817	S2-7703177,S2-53041177,S3-918490760
S1-103664274	S2-861231377,S2-808268519,S2-206747878,S3-354759012,S3-847813260,S3-235071133
S1-103701261	S2-324175738,S3-509713016
S1-103775423	S2-382118120,S3-590542548
S1-103787218	S2-380173202,S2-431815297,S2-77984954,S3-336193108,S3-43827146
S1-103847597	S2-137566796,S2-330386240,S3-735818555,S3-905390930
S1-103888383	S2-888262326,S3-97823071
S1-104208608	S3-719974134,S3-654604452
S1-10430936	S2-607998756,S2-234148456,S2-828028413,S3-995426437,S3-972151253,S3-248119270
S1-104390191	S2-230966158,S3-743717720,S3-296636273,S3-503041493
S1-104397670	S2-566341172,S3-250811635,S3-320016793,S3-980595900,S3-546407635
S1-104533800	S2-281730468,S3-97200114,S3-341748075,S3-216684628
S1-104549289	S3-511780738
S1-104555383	S2-970835956,S2-712789575,S2-828583328
S1-104740612	S2-744739561,S3-297482975,S3-711386270,S3-332935056,S3-108831691
S1-104775495	S2-182198494,S2-614903656,S2-512320332,S2-600419476,S3-730217637,S3-355811199,S3-489100322
S1-104794288	S2-748142725,S2-895359546,S2-49421296,S3-523712621
S1-10483781	S2-840344477,S2-742399613,S3-526264570
S1-10485730	S2-623578616,S2-774301752
S1-104870976	S2-920270777,S2-366546608,S3-621080392,S3-341667898
S1-104883942	S2-383906225,S3-658769861,S3-921277301
S1-105108136	S2-703146065,S3-445481998,S3-512581054
S1-105136840	S2-815782261,S2-182704876,S3-651721825
S1-105153022	S2-58858523,S2-259828762,S2-147492171,S3-96979083,S3-609133461
S1-10518997	S2-143715853,S2-285729811,S3-413757187,S3-85570379
S1-10520077	S2-86439624,S2-145364047,S3-717730070
S1-105292219	S2-603019756,S2-136086982,S3-787842936,S3-29728454,S3-880171947
S1-105311843	S2-635255545,S2-271443082,S2-107482587,S2-4728128,S3-440009924,S3-451260920,S3-631881121,S3-692466894,S3-187155402,S3-593469602
S1-105448372	S2-130361386,S2-592385197,S3-706494524
S1-105455949	S2-531097972,S2-7820714,S2-984217054,S2-79122486,S3-541051053
S1-105620973	S3-90782865,S3-481460310,S3-128999967
S1-105727449	S2-590226235,S2-961942792,S3-494128371
S1-105729777	S2-482653326,S3-988367719,S3-304071567,S3-445668800
S1-10575084	S3-178701195,S3-751146773
S1-105939645	S2-583854960,S2-164392063,S2-185501738,S3-261561094,S3-639681406,S3-212834464,S3-46635246
S1-105981051	S2-421250411,S2-523283845,S3-234320141,S3-404901481,S3-439542805
S1-10603799	S2-171917709,S2-216743303,S2-676163098,S3-886173688
S1-106131496	S2-474050899,S2-356897008
S1-106196840	S2-333033706,S2-96293259,S3-824737848,S3-584830260
S1-10622402	S2-874866307,S3-877846392,S3-751836353
S1-106297078	S2-292208182,S2-745076468,S3-425932409,S3-264980708,S3-435060745,S3-917875768
S1-106388257	S2-165623709,S3-461168468,S3-9069238
S1-106443888	S2-485846585,S3-72016253,S3-286036148
S1-106456275	S2-803947500,S3-89525870,S3-297893106,S3-356054590
S1-106465233	S2-55327464,S2-795272048,S2-253081957,S3-342500556
S1-106468962	S2-92357368,S2-67664557
S1-106492365	S2-566023904,S3-602753137
S1-106497971	S2-290340456,S3-765609244
S1-106519510	S2-385545335,S3-638543034,S3-740240045
S1-106608784	S2-851951467,S3-370544999,S3-259176266
S1-10677022	
S1-106780226	S2-941871299,S3-509353259,S3-197717834
S1-106883468	S2-897099863,S2-418955324,S3-89171174,S3-959532945,S3-659064969
S1-106886744	S3-511475284,S3-234240880,S3-166929073
S1-106888098	S2-359306048,S2-236411040,S3-812595394
S1-106923772	S2-993940287,S2-875684637,S3-323052177,S3-823171163,S3-584277717,S3-331360885
S1-107263730	S2-957504882,S2-648776526,S2-351901331,S2-153941680
S1-107302696	S2-636874398,S2-674353537,S2-711939624,S2-352838241
S1-10734200	S3-21208804,S3-918891288
S1-107358198	S2-571644043,S3-851687306
S1-107364115	S2-112465031
S1-107376403	S2-189271824,S3-375659537
S1-107397553	S2-663523766,S2-145601786
S1-107430440	
S1-107435080	S2-97085943,S2-545736238,S2-54795092,S2-68886653,S2-351178103,S3-152925806
S1-107442606	S2-343778715,S3-557496441
S1-10746682	S2-251484095,S2-969223351,S3-501002259
S1-107565146	S2-621714228,S3-505242136
S1-107725570	S2-760549388,S2-857484160,S2-145632102,S3-547642780,S3-297977007
S1-107737090	S2-242001103,S3-582902648
S1-107822372	
S1-108217923	
S1-1082298	S3-339890247,S3-272116174,S3-980892337,S3-412501239
S1-108273145	S3-226694896
S1-108288941	S2-945882981,S2-866370386,S2-122567071,S3-181240452,S3-364872499,S3-67347758
S1-108318431	S2-482809579,S2-287690069,S2-74090236,S3-794308472
S1-108341009	S2-985176835,S3-471962937
S1-108410931	S2-722427042,S3-905050413
S1-108436870	S2-610167940,S2-658672314,S2-900222888,S2-988245425,S3-743319199
S1-108494012	S2-597655415,S2-956655290,S3-348802766,S3-192935768,S3-896339692
S1-108590120	S2-165317566,S2-166572049,S3-500982427
S1-108687445	S2-539360731,S2-300302575,S2-821291541,S3-407492144,S3-152070667,S3-291267686,S3-518264281,S3-284288147
S1-10895172	S2-125087669,S2-116987335,S3-536989597
S1-108964444	S2-367766191,S2-237134748,S2-115683460,S2-102411502,S3-647454465,S3-175153411,S3-880815099,S3-427749255
S1-108968175	S2-727415098,S3-398573623,S3-982013423
S1-108982445	S2-973932222,S2-972677565,S2-668288812
S1-109003461	S2-991045134,S2-966224702,S3-895692827
S1-10906412	S2-115725313,S2-527653352,S3-122547413,S3-62423218
S1-109065112	S2-822507613,S2-447889303,S3-388840864
S1-109072961	S2-993314067,S2-165583907,S3-46702504,S3-580996780
S1-109126746	S2-725158034,S2-114596565
S1-109166628	S2-346569741,S2-947424622,S3-860868950
S1-10918720	S2-5309839,S2-574746898,S2-839352216,S3-669607869
S1-109204315	S2-992272442,S2-652967793,S3-369647560,S3-458804099
S1-109285370	S2-887553340,S2-446739946,S3-26241857,S3-109030034,S3-131063123,S3-494334434
S1-109316164	S2-607909754,S3-522942755
S1-109337656	S2-772003427,S3-959959798
S1-109362485	
S1-109435373	S2-541231485,S3-626681257
S1-109439259	S2-808669470,S2-636107809,S2-965090295,S3-127482426,S3-963030369
S1-109448649	S2-292023798,S2-47736124,S3-308164084
S1-109523880	S3-755971640,S3-931050298
S1-109580111	S2-141855326,S3-299528404,S3-311733090
S1-109589601	S3-832830794
S1-109675711	S2-784724502
S1-109747646	S2-470356563,S2-30527827,S2-527671280,S3-65615647
S1-109852796	S2-965109134,S3-359431923,S3-782918622,S3-596211334
S1-10995585	S2-753047940,S3-820091726
S1-109989888	S2-764118984,S2-851526973,S3-417086542
S1-1100873	S2-926466184,S2-381344542,S3-60750241,S3-149986645
S1-110236836	S2-538252377,S3-827989421,S3-462994961,S3-278052759
S1-110370231	S3-179620985
S1-110480323	S2-80336870,S2-135107969,S3-8394101
S1-11051885	S2-368738627,S2-16118363,S2-418700716,S3-864563634
S1-110537963	S2-741187714,S2-446926741,S2-99366931,S3-648309799,S3-556603336
S1-110652336	S2-141209975
S1-110671124	S2-145173644,S2-567222783,S3-232451500,S3-783055437
S1-110678548	S2-540992743,S3-467156488
S1-110684839	S2-471140284,S2-562241199,S3-236608326,S3-672090471
S1-110693739	S2-342971134,S2-85696478,S3-469182732,S3-76849375,S3-806081047
S1-110726401	S2-702524154,S3-849223284,S3-891359673,S3-661127663,S3-787121028
S1-110742848	S2-562477049,S3-566147996
S1-1107790	S2-761339127,S3-589386644,S3-916586802,S3-643576173
S1-110792300	S2-696114912,S2-109272352
S1-110983555	S2-995757516,S2-326278638,S2-857988586,S3-98955910
S1-111003728	S2-733302492,S2-911460093,S3-4831169
S1-111008229	S2-172881824,S2-421221629,S3-856732967,S3-843895314
S1-111093337	S2-96300551,S3-485290391,S3-427564670,S3-579987956
S1-111103765	S2-379039086,S2-191013058,S2-880583058,S3-332865721,S3-693791347,S3-17377049
S1-111123944	S2-571592670,S3-316839158,S3-591669618
S1-111181951	
S1-111193132	S2-409043646,S3-281473183,S3-560640168,S3-456845124,S3-767602531
S1-111253642	S3-433027713
S1-111262056	S2-634856626,S3-992925227,S3-322694585
S1-111262511	S3-905587144,S3-568723974,S3-871656910
S1-111331864	S2-193591650,S3-83705370
S1-111359911	S2-635370035,S3-544554527,S3-40965369,S3-25072817
S1-111448428	S2-94289136,S2-507575595,S2-486147687
S1-111463774	S2-365060380,S3-629618176,S3-346113062,S3-172545108,S3-392497449
S1-111481000	S2-890971187,S3-674719739
S1-111603518	S2-903581271,S3-696807253,S3-619601021
S1-111615266	S2-395336462,S2-680296986,S3-505049824,S3-791878780,S3-3352272,S3-633811937
S1-111634627	
S1-11166434	S3-786823174,S3-333258916
S1-111723523	S2-373722855,S2-407233865,S3-776080672,S3-940214192
S1-111725617	S2-368459809,S3-15999542
S1-111775379	S2-995048294,S2-70698211,S3-538921890,S3-894494866
S1-111858410	S2-884627022,S3-648391222,S3-268360894,S3-383440648,S3-344179810
S1-111900086	S2-543524929,S2-502244758,S2-84237456,S2-598463254,S3-136321911
S1-111962129	S2-899195829,S3-564193119,S3-389763480,S3-970775600
S1-112039801	S3-123245252
S1-112097445	S2-45719140,S3-598551233
S1-112138213	S2-964788179,S2-152602230,S3-89115489,S3-306778795
S1-112186881	S2-641502520,S3-777590814
S1-112248094	S3-818780390
S1-112276486	S2-192435893,S2-498098066,S2-73579631,S3-115450998,S3-292968457
S1-112350682	S2-739353639,S2-590450969,S2-675406719,S2-732581055,S3-336799464,S3-935654778,S3-928999140
S1-112374333	S2-146620681,S3-221053856,S3-168469479,S3-607567793,S3-282583694
S1-112435959	S2-422611251,S3-374077448
S1-112448201	S2-287804970,S2-635822315,S2-3649096
S1-112487230	S2-846131501,S3-272731551,S3-504596312
S1-112489195	S2-506831632,S3-625060872
S1-112519039	S2-441201788,S2-814492054,S3-610645242,S3-131692737,S3-789460608
S1-112716923	S2-670828618,S2-370947237,S3-392292196,S3-25015515,S3-976144971,S3-590224852
S1-112743377	S2-282963034,S2-768439937,S3-230775725,S3-724949438,S3-47440220
S1-112752920	S2-903740410,S2-641945158,S3-525055061
S1-112780708	S2-26527463,S2-342678985,S3-499271925
S1-11282373	S2-398016941,S2-569911310,S2-983996838,S3-760629628
S1-112853421	S2-548180542,S2-47373495,S3-986567528
S1-112881960	S2-256481543,S2-144208863,S2-573496801,S3-926951106
S1-112908022	S2-32367567,S2-980547406,S2-671144862,S3-786676005
S1-112939037	S2-487548437,S2-779639292,S3-292217761
S1-112970319	S2-164537673,S2-593694123,S2-306250924,S2-540923136,S3-788477331
S1-113103053	S2-948544587,S2-144010243,S2-862776289,S3-511038439,S3-728991493,S3-347997110
S1-113186576	S2-168778406,S2-841032217,S2-883790110,S3-725455022,S3-140985477,S3-121765371,S3-562014339
S1-113240630	S2-439275261,S2-867240370,S3-481693642,S3-428527750,S3-475859012
S1-113289318	S2-508955840,S2-343923028,S3-171771460
S1-113300352	S2-949682501,S3-977469976,S3-396212801,S3-443128216
S1-113360121	S2-662268733,S3-287727474,S3-198832056,S3-797807285
S1-113613917	S2-221243159,S3-501353986,S3-376986364
S1-113721894	S2-507276450,S2-51734100,S3-326531924,S3-40872736,S3-620079716
S1-113726779	S2-924932438,S3-24268927,S3-951172402,S3-588899130,S3-282593878,S3-936679944
S1-113755668	S2-889406225,S3-523448629,S3-838804715,S3-548245967,S3-49548482,S3-752041684
S1-11377199	S2-533264392,S2-67458222,S3-666440931,S3-77970495,S3-762707266
S1-113777577	S2-441357662,S2-990864619,S3-631989430
S1-113807879	S2-654397860,S2-951675566,S2-339931434,S3-114065031,S3-38246181
S1-11390775	S2-298318185,S3-668832874
S1-113926491	S2-583120152,S2-712244696,S2-347229408,S3-276339285,S3-970855780
S1-113955017	S2-673047374
S1-114042850	S3-454593257
S1-114061162	S2-998600557,S2-814641769,S3-46693985
S1-114086481	S2-60768643,S2-189403458,S3-376820109,S3-381455362
S1-114102242	S2-682672321,S2-942560430,S2-871779511,S3-704986208,S3-535727782
S1-114135741	S2-44856901,S2-983116945,S2-797945585,S3-915621102,S3-277684923,S3-503245005,S3-518986206,S3-323417716,S3-639031405
S1-114136684	S2-890263842,S2-808650330,S3-596000209
S1-114324494	S2-896767433,S3-362749460
S1-114384514	S2-572983174,S2-245495039,S3-519669291
S1-114451299	S2-285034772,S2-414593419,S2-687698190,S2-735219366,S3-72750818,S3-601959289
S1-114482416	S2-462038508,S2-25120702,S3-51096365
S1-114513073	S2-784497695,S2-151233714,S2-87819164,S2-159112460,S2-318652345,S3-331415796,S3-393657244,S3-963453401
S1-114599617	S2-221028584,S3-236411061
S1-114663418	S2-719776797,S3-781441952,S3-828413276
S1-114716982	S2-382109675,S3-645724150,S3-172160356
S1-11472364	S3-662944083
S1-114798125	S2-58674989,S2-741321876,S2-535472353,S3-954749565
S1-114800516	S3-586931737,S3-241739491,S3-476386039
S1-114808225	
S1-114821330	S2-692923172,S3-401773085,S3-881925657
S1-114822864	S2-226837657,S3-696962148
S1-114826982	S2-736809316,S2-90229911,S2-802345240,S3-191221595,S3-444727194,S3-878909965
S1-114888731	S2-982625964,S3-727914134
S1-114964682	S2-434958708,S3-488593357,S3-992777585,S3-478437150,S3-339914648
S1-115009682	S2-179512351,S3-486626760
S1-115032759	S2-966830500,S3-713308451
S1-115088162	S2-934226132,S2-389490200
S1-115130539	S2-658714483,S2-412975527,S2-192282287,S3-880816411,S3-835008907
S1-115298186	S2-715047150,S2-642089631
S1-11539055	S2-408109561,S2-193751443,S2-906471136,S3-624801439
S1-11539461	S2-64831553,S2-765126104,S2-13732387,S3-692200164,S3-840196413
S1-115451452	S3-800192084,S3-404867782
S1-115477212	S2-360877719,S2-595689088
S1-115510121	S2-751892849,S2-956818399,S2-683409947,S3-687055772,S3-27073905
S1-115555625	S2-960430141,S3-541127326
S1-115647740	S2-395158506,S2-504001603,S2-644859521,S2-4053892,S3-474854058
S1-115669750	S2-132543723,S3-936041061,S3-866853826
S1-115738251	S2-644519079,S2-820499685,S2-203763850,S3-501853168,S3-445118451,S3-166233485
S1-11581827	S2-10566299,S2-550118711,S3-855377295,S3-577810236,S3-759181449
S1-11590705	S2-565997611,S2-222649811,S2-359736753,S3-765948745,S3-941595753,S3-780299894
S1-116018998	S2-186854149,S3-61572887,S3-759179364,S3-635001488,S3-572225769,S3-263231306
S1-116085527	S2-997866123,S3-318354,S3-906366923
S1-116184049	S2-311211212,S3-974463077,S3-236670576
S1-116279927	S2-246184136,S2-756892160,S3-308827902,S3-987466819
S1-11632218	S2-228330782,S2-522274799,S2-314901381,S3-325764734
S1-116597237	S2-321694994,S2-108946961
S1-116684286	S2-556442949,S2-22357818
S1-116722034	S2-127061338,S3-348446651,S3-318775149
S1-117233729	S2-134250833,S3-29772496,S3-892750981,S3-402108732,S3-358366081
S1-117250892	S2-300373001,S2-273227874,S3-137118596,S3-79117770,S3-288984332
S1-11734723	S2-176389602,S2-977268161,S2-327936077,S3-641656369
S1-117377277	S2-765806769,S2-877963917,S3-755002543
S1-117479529	S2-339542462,S2-710283492,S3-173807933
S1-117535435	S2-256527180,S2-547744668,S2-895391144
S1-117540578	S2-325253366,S2-593326719,S3-974713074,S3-713652123
S1-117567684	S2-365359936,S2-292660676,S3-771070219
S1-117657786	S2-446288895,S3-345322687
S1-117713464	S3-662787376
S1-1177568	S2-894415207,S2-623542772,S3-994931461,S3-627588250,S3-246638814,S3-784063946
S1-117816754	S2-598974187,S2-759831470,S3-511044584
S1-117882200	S2-739121505,S3-700113227,S3-690133150,S3-881056270
S1-117894695	S2-257433430,S3-529548862,S3-857424570
S1-117932607	S2-781950873,S3-469289796,S3-625923243,S3-715396252
S1-118011359	S2-396251034,S2-708592592,S2-22275779,S3-504424756,S3-448942937,S3-669849039,S3-837307716
S1-118064314	S2-208944365,S2-637420447,S3-376015468,S3-270992307
S1-118093348	S2-441956028,S3-23303902,S3-988890028
S1-118093956	S2-610270249,S2-789345372,S3-80245566,S3-422996072,S3-281243974
S1-118159810	S2-431466803
S1-118260003	S2-575397076,S2-155810190,S2-587752391,S3-440964684
S1-118361208	S2-570162566,S3-277502246,S3-997404138,S3-932748974
S1-118403065	S2-193060491,S3-974733530
S1-118420817	S2-620859673,S3-343543235
S1-118438285	S2-366576618,S3-631015388,S3-830962143,S3-213100841,S3-321145147,S3-444638571
S1-118698959	S2-400454814,S3-166278929
S1-11880866	S3-36848194,S3-169733838,S3-104723078
S1-118843659	S2-793208328,S2-888228878,S3-972508035,S3-634181175
S1-118869777	S2-788655450,S3-933833279,S3-916526491
S1-118941552	S2-607675057,S2-547557319,S2-167253269,S3-355514530,S3-208197501,S3-604735966,S3-24356043,S3-609214508
S1-118962510	S2-592582534,S3-282481472,S3-739203523,S3-909250669
S1-118964707	S2-931468671,S3-199788113
S1-119008575	S2-163719021,S2-952623917,S2-520861460,S3-140077455
S1-119039419	S2-923464110,S3-723737658
S1-119061997	S2-843688247,S2-568657668,S3-392134171,S3-839742533,S3-579324258,S3-29517272
S1-119124210	S2-282359574,S2-166718190,S2-483176771,S3-904520104,S3-292553592,S3-789631774
S1-119125448	S2-203220771,S2-838135342,S3-279634226,S3-249348156
S1-119184317	S2-635613447,S3-340241307
S1-119257617	S2-985760967,S3-578139322,S3-37649878
S1-119297535	S2-309178466,S2-754296735,S3-426972006,S3-897508100
S1-119369310	S2-103895343
S1-119404895	S2-167170804,S2-846753784,S3-947611380,S3-863749438
S1-119464732	S2-582026403,S2-114550807,S3-623299075
S1-119501845	S2-110548789,S2-519364002,S3-788696917,S3-779860091,S3-537368136
S1-119531595	S3-926750033,S3-137051441
S1-119540871	S2-844729667,S2-536143338,S2-782849855,S3-407530842
S1-119542054	S2-235921914,S2-324386231,S2-144607813,S3-263659322,S3-2592703,S3-906361687
S1-119666358	S2-195600509,S2-762701671,S2-823989068,S2-853311810,S3-65607252,S3-620395691,S3-435500532,S3-400500029,S3-270023246
S1-119748810	
S1-119758554	S2-479251718,S3-205617659,S3-190886863
S1-119858637	S2-923512846,S2-582454055,S3-397103144,S3-810158206
S1-119869087	S2-174074815,S2-852869645,S2-230771492,S2-580640628,S3-617322182,S3-362479489
S1-119912127	S2-656438863,S2-707605138,S2-559457257,S3-669261709
S1-119929529	S2-372772784,S2-365843622,S2-483761179
S1-119990676	S2-256067748,S2-141143787,S3-34993052,S3-971267416
S1-120036170	S3-958221147,S3-505544091,S3-49972421
S1-120097604	S2-648046457,S2-562601908
S1-120105660	S2-431270785,S2-92034103,S2-684504083
S1-12013756	S2-916126,S2-245573257,S2-892568693,S3-17632766,S3-290443306
S1-120146317	S2-170953489
S1-120149524	S2-250794891,S3-185927721,S3-119357810
S1-120310594	S2-26968948,S2-825013463,S3-189010712,S3-398419185,S3-156770024
S1-120383050	S2-889601738,S2-203054422,S2-401877317,S2-674901377,S3-140427338,S3-945125378
S1-120409766	S2-90465155,S3-320564433,S3-575424999
S1-120422972	
S1-120464375	S2-899020355,S3-797037870,S3-961809709
S1-120616399	S2-313390520,S2-709289382,S3-280786171
S1-120673771	S2-301981808,S2-892298786,S3-817572091,S3-573445321,S3-547855859
S1-120693494	S2-961122794,S3-165034594
S1-12081569	S2-554059312,S2-547230818,S3-219442631,S3-893576111
S1-120941705	S2-500146407,S2-890622236,S2-103497416,S3-612665755
S1-12096067	S2-853617447,S3-530531429,S3-61978311
S1-120964670	S2-784177795
S1-120976476	S2-735381881,S2-847338573,S2-965998401,S3-186977003
S1-121018528	S2-188332288,S2-866870841,S2-340659881,S3-986228667,S3-891283531
S1-121042484	S2-234029531,S3-990269206,S3-282043242
S1-121165883	S2-273907271,S3-922755764,S3-793437904,S3-452192730,S3-618461918
S1-121245113	S2-65769803,S2-210137496,S3-737271790
S1-121306529	S2-245820301,S2-278534070,S3-954446725,S3-6378236
S1-121441022	S2-353836874,S3-821009561,S3-990317171
S1-121485115	S2-328575122,S2-759747669,S2-771107496,S3-673290350,S3-21762311,S3-320523328,S3-398454240
S1-121524243	S2-264416794,S3-486934317,S3-180283471,S3-891315325
S1-121674211	S2-306353254,S2-374203221,S3-423996806
S1-121741999	S2-412420841,S2-559857774,S3-346991907
S1-121820414	S2-407347041,S2-835760768,S2-320408706,S2-384614165,S2-565191920,S3-552311167,S3-900443418,S3-142356608,S3-296612849,S3-645654687
S1-121886627	S2-731863072,S2-302994928,S2-908103977,S3-912073318,S3-825464967,S3-270844860
S1-121939498	S2-83717703,S2-486164923,S3-402059029,S3-44977295,S3-960532169
S1-121943096	S2-227635446,S2-469139563,S3-993251020,S3-282231415,S3-6628515
S1-122040299	S2-120523292,S2-236835081,S3-532922489,S3-12904613
S1-122041221	S2-387904422,S2-929530765,S3-955999941,S3-749303266
S1-122078562	S2-439493748,S3-370812123
S1-122092470	S2-78923896,S3-664556421,S3-584447901
S1-122178980	S2-754022415,S2-850337061,S3-506817984
S1-122192868	S2-168657522
S1-122284906	S2-803694901,S3-629341785,S3-492914575
S1-122313734	S2-976937342,S3-378563407,S3-10004338,S3-334897315
S1-122363346	S2-870794441,S3-645720639,S3-264164686,S3-610341088
S1-122420007	S2-873473731,S2-690555460,S3-223043063
S1-122452254	S2-230059857
S1-122510625	S2-397789464,S3-425185725,S3-426713860
S1-122534175	S2-656898576,S2-718676879,S3-7549881
S1-122537393	S2-795136323,S3-433742550,S3-675768311,S3-452166410
S1-12264735	S2-578628115,S2-611198333,S2-889630699,S3-410056680,S3-507597644
S1-122759655	S2-492169639,S2-241907139,S2-569004930,S2-539849301,S3-377694999,S3-914373601
S1-122811452	S2-766246499,S2-102083454,S3-563596507,S3-83870867
S1-122884528	S3-339254584,S3-614389981,S3-975513520
S1-12289160	S2-560186356,S3-155899650,S3-13129403
S1-122910576	S2-902866658,S2-990454942,S3-279577193
S1-122920120	S2-795871652,S3-26530437,S3-974286041,S3-590522406
S1-122934520	S2-444295293,S2-964834007,S2-273977340,S3-135066951,S3-2000369
S1-122972728	S2-84827396,S2-489888057,S2-585303979,S3-632012482
S1-123080826	S2-898067836,S3-664961466,S3-818457389,S3-800464929
S1-123158561	S2-801375669,S3-36268332,S3-939112394
S1-123254282	S2-869333894,S2-207401427,S2-440398486,S3-178706400,S3-443492629,S3-328536789,S3-960266695
S1-123256846	S2-593918694,S2-83523956,S2-541899870,S3-284542811,S3-975642538,S3-490212014,S3-917613857
S1-123263505	S2-720873929,S3-39826459,S3-380201382
S1-123317588	S2-241195307,S3-791461976,S3-669525195,S3-792729125
S1-12332676	S2-700073447,S2-142470830,S3-352129125
S1-123341208	S2-876937956,S2-517542157,S3-871886835,S3-919077864
S1-12337904	S2-872589092,S3-171103888,S3-104898578,S3-207417830
S1-123395432	S2-502589351,S3-896779301,S3-812027671
S1-123517774	S2-683653729,S2-350022000,S3-651751029,S3-848173909
S1-12352900	S2-337051344,S3-444619922,S3-612971313,S3-104753334
S1-123696204	S2-838676829,S3-161175522,S3-725068576
S1-123696285	S2-137439426,S2-456164483,S2-238974856,S2-487401822,S3-321527413
S1-123855211	S2-784920259,S2-285453704,S3-138560482,S3-433113856,S3-442728195
S1-123918556	
S1-123962479	S2-60197132,S2-263684002,S3-63718220
S1-123983271	S2-200879949,S2-728666037,S3-863969447,S3-419171515,S3-89898304
S1-124000035	S2-147507601,S2-362186439,S3-420437297,S3-130375277
S1-124013410	S2-222822463,S2-484855273
S1-124105377	S2-794777232,S3-643137186,S3-159568728
S1-124105780	S2-916856100,S2-786675560,S3-922806978,S3-178368744
S1-124107760	S2-416186657,S3-459884236
S1-124142547	S2-203024731,S3-215042526,S3-822639533
S1-124193944	S2-40024150,S2-170215581,S2-984675826,S2-969222820,S2-401664594
S1-12420876	S2-17381138,S2-353567617,S2-522411674,S3-446182864,S3-626189831
S1-124228701	S2-406652718,S2-383495244,S2-939229642,S2-821583788,S3-690992224
S1-124240027	S2-974723702,S2-698588164,S2-999977253,S3-900098142,S3-830092289,S3-131346516
S1-124268489	S2-956795575,S3-95822382,S3-479099550
S1-124270087	S2-146078430,S3-134315256,S3-322118270,S3-761459778,S3-297379408
S1-124394302	S2-777439106,S2-565407421,S2-803623454,S2-948893694
S1-124487252	S2-620047986,S2-327215265,S3-528842404
S1-124527461	S2-690001064,S2-464789771,S3-306494705
S1-12459490	S2-304589397,S2-936516916,S3-291050582,S3-71192032,S3-6195974
S1-124606542	S2-353940719,S2-198454837,S2-865042718,S2-876297117,S3-449235648,S3-100171623
S1-12463615	S2-707900702,S2-193406748,S3-673933978
S1-124739619	S2-990666189,S2-475960384
S1-124748044	S2-316889294,S2-666902482,S2-92805903,S3-198868107,S3-820478646
S1-124787438	S2-550161200,S2-435162461,S3-17296019,S3-852894009,S3-499606162
S1-124795504	S2-53488859,S2-794632574,S3-647607475
S1-124796340	S2-233350172,S2-487437451,S3-343120185,S3-878336170
S1-124823545	S2-992869812,S2-960331713,S2-108555160,S3-721620450
S1-1248470	S3-401347029,S3-308100955,S3-349503710,S3-874211477,S3-72896865
S1-124883140	S2-119252939,S2-837806611,S2-200362882,S3-523101999
S1-124919615	S2-647095340,S3-54999254,S3-461032486
S1-124972349	S2-857390857,S3-334855933,S3-855897292,S3-354196170,S3-841271268
S1-124989765	S3-554059222,S3-706677498
S1-124998752	S2-45956966,S3-177440435,S3-63069888
S1-125182572	S3-56507466
S1-125207931	S2-775283839,S2-623856780,S2-718560168,S3-34445371,S3-813196828,S3-719825239,S3-483044932
S1-125296934	
S1-125368624	S2-813248425,S2-94070539
S1-125407890	S2-265325462,S2-879209139,S2-235756729,S3-803436935
S1-125479142	S2-444615373,S2-855740248,S2-736169459,S3-40248192,S3-975281872,S3-25182166
S1-125595125	S2-497664025,S3-641082960
S1-125686221	
S1-125717996	S2-970884907,S3-487658561,S3-901370074
S1-125731222	S2-279211450,S3-924686250
S1-125790680	S2-230650011,S2-791874826,S3-932259950
S1-125884178	S2-490886955,S2-807528267,S3-98676525,S3-327471850,S3-626751530,S3-687270821
S1-125909134	S2-905119996,S3-193806655,S3-466779310
S1-125981577	S2-453741253,S2-720879362,S2-444905674,S3-551979320
S1-125998811	S2-34544858,S2-412250552,S2-305908260,S3-243057214,S3-870696726
S1-126036522	S2-854125324,S2-945717288,S2-550381484,S3-17752612
S1-126047765	S3-272124272,S3-431919324,S3-143506190
S1-126214930	S2-67972153,S3-902722402
S1-126226530	S2-813014464,S3-154746926
S1-126304330	S2-777409154,S2-304505128,S2-25586341,S3-713805397,S3-113481297,S3-993621469
S1-12633820	S2-968561914,S2-201190870,S3-284694918,S3-585509648,S3-901331883
S1-126452274	S2-990247047,S2-587702312,S2-424858855,S3-246311366
S1-126522102	S2-66497857,S3-545078352,S3-28150524,S3-7983932,S3-462843291
S1-126536723	S2-827754586,S2-440424610,S3-696343206,S3-453589305
S1-126688554	S2-846751402,S3-117977442,S3-190792042
S1-126771744	S2-487247091,S3-629127364,S3-405720648
S1-126791466	S2-194534463
S1-126814582	S2-386899359,S2-597812718,S3-816894727,S3-861150705
S1-126823758	S2-439612217,S2-635736076,S2-192466986,S2-810953749,S3-130849947,S3-391659031,S3-720905983
S1-126904080	S2-26714713,S2-572269836,S2-146115839,S3-370132137,S3-323652205
S1-127012421	S2-695884196,S2-345414361,S2-678817529,S2-987030795,S2-350838237,S3-667541304
S1-127016093	S2-63296319,S2-645134349,S2-571905378,S3-488200713
S1-127121544	S3-391521930,S3-484531042
S1-127161626	S2-79941505,S2-353123084,S2-100528854,S3-930703668,S3-798934277,S3-307599833,S3-865263199
S1-127235032	S2-500523815,S3-288209225,S3-734416355
S1-127277425	S2-407921535,S2-878374403,S3-346931550,S3-649504534
S1-127310625	S2-639172965,S3-344506784,S3-47332193
S1-127388798	S2-989217031,S2-875710930,S3-321374191,S3-86308643
S1-127456059	S3-334978654
S1-127520855	S3-695868561,S3-752859174,S3-301825364
S1-12759061	S3-90729578,S3-995638598
S1-12764900	S2-612863970,S2-197021797,S2-961025636,S3-666960582,S3-583086955,S3-852877685
S1-127670146	S2-483895791,S3-820430632
S1-127722979	S2-826619492,S3-768598427
S1-12774654	S2-872084603,S2-182153361,S3-311421709
S1-127757952	S2-274722862,S3-914581360,S3-872859401,S3-671864682
S1-127771041	S2-109611614,S2-98932637,S3-875268609,S3-888287916
S1-12794746	S2-432027340
S1-128099391	S2-552581520,S2-261737200,S2-862932078,S2-716111073,S3-935555853,S3-470526550
S1-128261972	S2-285803968,S2-416206454,S2-137329153,S2-124830050
S1-128369691	S2-528184065
S1-128528037	S2-464858102,S3-819025073
S1-128579388	S2-551786136,S2-26734663,S3-904386952
S1-128595561	S2-561016537,S3-103662175,S3-951588859,S3-78535936,S3-961570709
S1-128600326	S2-481547121,S2-178425354,S2-410892920,S2-913536119,S3-274399924
S1-128607017	S2-120572493,S3-428170856,S3-513312350
S1-128676150	S2-888397881,S2-296441050,S3-205141901,S3-995639263,S3-816190988,S3-987575877
S1-128676153	S2-650264288,S3-298801214
S1-128682415	S2-122932953,S2-108058705,S3-491722184,S3-224267067,S3-887991617
S1-12875979	S2-34478941,S3-118535198,S3-91126013,S3-715257240
S1-128771404	S2-857550215,S2-287800597,S3-738353363
S1-128810563	S2-873563647,S3-324809871
S1-128865207	S2-168036055,S2-574805102,S3-310674390,S3-179006819
S1-128871565	S2-396303198,S3-872965817,S3-521343576
S1-128957268	S2-865620242,S2-456426083
S1-129096336	S2-666188535,S2-419624137,S3-341856997,S3-763492574
S1-129126625	S2-404682997,S2-19415740,S2-16658572,S3-690955944
S1-12914821	S2-630546078,S2-79966491,S2-371210069,S3-677281881
S1-129153416	S2-42244303,S2-285389766,S2-83550791,S3-317936752
S1-129178434	S2-49678431,S2-624481920,S3-506675608,S3-693825196
S1-129210340	S2-671484551,S2-464950833,S3-691405125
S1-129254520	S2-219356866,S2-381161155,S3-604409046
S1-129309339	S2-947293859,S2-132853414,S2-156879486,S3-640119812,S3-683457601
S1-129393008	S2-34476015,S3-636526839,S3-565934320
S1-129394625	S2-707193758,S3-115765694,S3-993915120
S1-129398091	S2-305405494,S2-998521712,S3-501007267
S1-129418478	S2-689471836,S2-817203222,S2-947425819,S2-122485128,S3-435282243,S3-854551898,S3-96087744
S1-129471325	S2-625715395,S2-642169460,S3-149760840
S1-129522452	S2-79676304,S3-629290155,S3-136791238,S3-427421735,S3-856614199
S1-129548282	S2-258404720,S3-253403114,S3-93848503
S1-129597549	S2-275913453,S2-820162299,S2-489015123,S2-481103020,S3-336718482
S1-12961978	S2-70579512,S3-674386769,S3-646816593,S3-266841983
S1-129663382	S2-209660493,S2-60150904,S3-873977607
S1-129743797	S2-646507511,S2-492436638,S2-670969196,S2-207483601,S3-765752949,S3-435285105
S1-12978578	S2-623746089,S3-712732469,S3-23734723,S3-861317453
S1-129801244	S2-496016901
S1-129897657	S2-25432971,S3-730518302,S3-820719593,S3-209696591,S3-966717413
S1-1299142	S2-295156028,S2-72402041,S2-820662473,S3-234115824,S3-790770655
S1-129917209	S2-483663249,S2-193671233,S2-316709225,S3-695247614
S1-12992394	S2-754132463,S3-111010489,S3-430520279,S3-347990495
S1-129956250	S2-606018800,S2-196307959,S3-557487005
S1-12998727	S2-41012123,S2-807391627,S2-258576554
S1-13001236	S2-190819010
S1-130018931	S2-75490762
S1-130172105	
S1-130229780	S2-521983696,S3-676075021
S1-130245629	S2-579085444,S3-653959102,S3-84559393,S3-770320144
S1-130363157	S2-576918542,S2-836763163,S3-678919202,S3-975552437,S3-359268025,S3-13934501
S1-130391853	S2-235299904,S2-171333830,S3-530221631
S1-130411055	S2-154977712,S3-265820138,S3-52222469
S1-130465342	S2-702014435,S2-279958510,S2-827400070
S1-130502230	S2-486699055,S2-387750244,S2-519970789,S3-55141674,S3-215859334,S3-618108668
S1-130620089	S2-53432672,S2-921794747,S2-478308149,S2-609882118,S3-84593492,S3-813920184,S3-933642910,S3-378201798
S1-130707865	S2-223655524,S2-309187223,S3-603780308
S1-13072862	
S1-130769892	S2-578193761,S2-726797783,S2-683604946,S3-920944501
S1-130847880	S2-653171150,S3-361289868,S3-304835372,S3-508298399
S1-131008926	S2-128118733
S1-131194046	S2-550975888,S2-516906429,S2-752428788,S3-649240278,S3-303788489,S3-757148135
S1-131263750	S2-499119984,S3-393113951
S1-131331284	S2-961074882,S2-738358519,S2-636377591
S1-13136097	S2-618530005,S3-986841167
S1-13138189	S2-972321293,S2-887321531,S3-991332408,S3-460345032
S1-131390168	S2-986522454,S2-454012459,S3-805532193
S1-131462432	S2-712397924,S2-408463634,S3-141012176,S3-918225013
S1-131500815	S2-471126081,S2-717156511,S2-529526216,S3-583822938
S1-131573675	
S1-131731347	S2-356019099,S3-793735545
S1-131843709	S3-94812349,S3-324173865
S1-131874511	S2-673213164,S2-84297136,S3-391960784
S1-131890324	S2-384227332,S2-839798422,S2-226664921,S3-729170731,S3-682935745
S1-131943837	S2-254080889,S3-908937001,S3-256126393
S1-131959914	S2-57546446,S2-139045539,S2-512590630,S3-668237837,S3-947708472
S1-131965436	S3-163332356,S3-805822318
S1-131976951	S2-172192095,S2-760188807,S3-215050392,S3-7812799,S3-642797827,S3-331098509
S1-132129448	S2-875779945,S2-830440676,S3-182610759,S3-517464901
S1-132319500	
S1-132321952	S2-262127560,S3-565540385,S3-881739959
S1-132330089	S2-745017646,S3-666609956,S3-944068091
S1-132373043	S2-149185207,S2-177670372,S3-682693312,S3-221561772
S1-132446608	S2-360777656,S3-968277992,S3-681281778
S1-132447505	S2-477700371,S3-135360260,S3-81010088,S3-971299368
S1-132471394	S2-899602513,S2-312901369,S3-289199700,S3-372531219
S1-132529509	S2-167845908,S2-324683734,S2-489659532,S2-483454005,S2-333519490,S3-34285792
S1-132544143	S2-116758121,S2-558527394,S2-821968651,S3-528533921,S3-694237142,S3-152871723
S1-132551549	S2-315489065,S3-359007956,S3-20214228,S3-916236340,S3-768166299
S1-132571979	S2-263086907,S3-53747793
S1-132593199	S2-373491017,S3-645959623,S3-86001257
S1-132597231	S2-775370547,S2-961498279,S3-584824396,S3-27707321
S1-132618229	S2-974789120,S2-482088926,S2-908621501,S2-223554121,S3-214144575
S1-132689509	
S1-132753027	S2-340506990,S3-203143015,S3-927679453
S1-132823816	S2-46745601,S2-772431972
S1-132851474	S2-591470090,S2-161393947,S3-511609004,S3-947219056
S1-132898381	S2-451248320
S1-132965050	S2-900771522,S3-163901781,S3-129760434,S3-751197537,S3-586348391
S1-133100904	S2-77355231,S3-526349195,S3-198515505
S1-133176074	S2-598366059,S3-340679243,S3-647813939
S1-133243240	S2-883635669,S2-39025433,S3-403355810
S1-133299967	S2-242299816,S3-215497884,S3-512413650,S3-288695698,S3-939297344
S1-133374887	S2-95421875,S2-410449949,S2-71298668,S3-920673700,S3-136621910,S3-418653278
S1-133527604	S3-462400492
S1-133549129	S2-389861784,S3-24917122,S3-241579837
S1-133564796	S2-208205787,S2-197130107,S3-446118001,S3-723672975,S3-745569337
S1-133623027	S2-664147684,S2-638550494,S3-123221678,S3-736470788
S1-133765667	S2-995424956,S2-834118552,S2-98675203
S1-133806671	S2-517275382,S3-735266701
S1-134103731	S2-933925829,S2-983858535,S3-959237499
S1-134142985	S2-360686566,S2-509222722,S3-669344523
S1-134274366	S2-712102327,S2-390676455,S2-226303355,S3-2515130,S3-407863286,S3-931871594
S1-134345449	S2-941495537,S3-377275416
S1-134347909	S2-141200189,S3-858397980
S1-1343886	S2-603795695,S2-25580615,S3-588191973
S1-134480351	S2-857162687,S2-930485305
S1-134605315	S2-170313655,S2-926446252,S3-345019187,S3-67989785
S1-134605833	S2-697383011,S2-836974619,S3-737216914,S3-434935224,S3-963000103
S1-134624045	S2-171273445,S2-65481565,S2-550388240,S3-324573003,S3-785786539,S3-927817529
S1-134659826	S2-134797624,S3-600279538,S3-430771321
S1-134694419	S2-335393029,S3-599258982,S3-268774882
S1-13479241	S2-944644089,S2-870642054,S2-217023689
S1-134844506	S2-462171261,S2-878129032,S3-36487249
S1-134925585	S2-737015902,S2-745188487,S3-89276180,S3-915049212
S1-134948779	S2-14870411,S2-954595224,S2-153829407,S3-843448480
S1-13501255	S2-122489427,S2-998879511
S1-13505984	
S1-135125412	S2-303402487,S3-945164624
S1-135194339	S2-867461841,S2-190470538,S3-563763644,S3-388880586
S1-135198335	S2-131927638,S3-638687557,S3-416130778
S1-135298740	S2-343254662,S3-16010,S3-312995239
S1-135309600	S2-776867173,S3-451106304,S3-852258486
S1-135349528	S2-410323242,S3-750113901,S3-999770296
S1-135399993	S2-762897970,S3-311723431,S3-311621374
S1-135426884	S2-815801488,S3-499986431
S1-13567117	S3-505956674,S3-614803897
S1-135680321	S2-709925818,S2-594234794,S3-124048378,S3-419520563
S1-13568886	S2-65865201,S2-692291659
S1-135689124	S2-795773620,S3-198310630
S1-13572297	S2-6306892,S3-382630966,S3-964977306,S3-151023425
S1-135805785	S2-301164528,S2-301522718,S3-630961357
S1-135816554	S2-99781338,S3-216556455,S3-943357760
S1-135844881	S3-798309885,S3-133549557
S1-135869122	S2-981477880,S2-422293259,S3-693550320
S1-135918586	S2-541508161,S3-947369224,S3-373879587,S3-463942276,S3-124557977,S3-33933726
S1-135945539	S2-171396032,S2-586626603,S3-57303223,S3-748780930
S1-136012734	S2-802144508,S2-674245796,S3-778337954,S3-654743892,S3-506032394,S3-376984473,S3-250758031
S1-13612132	S2-882142235,S2-99806294,S3-5087337
S1-136168248	S2-956814778,S2-788787417,S2-188963491,S3-81539894
S1-136294883	S2-467760964,S2-385120829,S3-447519267
S1-136295231	S2-289553396,S2-389915123
S1-136429600	S2-837691527,S2-195173944,S2-326321235,S3-383093014,S3-902639451
S1-136475848	S2-595160837,S3-529756459
S1-136482284	S2-393262819,S3-602100753,S3-281897041
S1-136568375	S2-496110926,S2-582825575,S2-660915476,S2-994515907
S1-136568474	S2-662144261,S3-172233160,S3-114997957,S3-946882899,S3-490969509
S1-136622998	S2-901719077,S2-584694781,S2-576551742,S3-11476964,S3-770907107
S1-136696733	S2-990706150,S2-154640773,S2-762221708,S3-409995711,S3-392642032,S3-830800096
S1-136706313	S2-911075019,S3-977465183
S1-136800043	S2-319980054,S2-463032812,S2-444885721,S3-962055956
S1-136824658	S2-291713151,S2-274404069,S2-422103643,S2-681780704,S3-290615139
S1-136830844	S2-920093948,S2-696538932,S2-12764612,S2-68567604,S3-795168922,S3-823914308,S3-581027743
S1-136840309	S2-102958839,S2-540935096,S2-777068883,S2-605664664,S3-744352037
S1-136925266	S2-413845031,S3-455434203
S1-136957984	S2-512350679,S3-53305001,S3-838737035,S3-839902805
S1-137024101	S3-236052821
S1-13707491	S2-617223169,S2-630783104,S3-561130654
S1-137195033	S2-440260585,S2-213497497,S3-922763168,S3-89852296
S1-137651144	S2-706567369,S2-376701260,S3-348455199,S3-405036747,S3-993685568,S3-285126543
S1-137663035	S2-781542395,S2-328569042,S3-451533756,S3-820388067,S3-710023672
S1-137705597	S2-530051369,S2-365422340,S3-937221179,S3-699258264
S1-137737778	S2-426441706,S3-830313384,S3-162493634,S3-829510115,S3-480370317
S1-137750367	S2-557853207,S2-682721729,S2-809021109,S3-238698502,S3-989907927,S3-579363547,S3-492480872
S1-137762311	S2-483777578,S2-788448020,S3-229296964,S3-815324922,S3-409817366
S1-137850347	S2-430169626,S2-813642454,S3-501439094,S3-968428073,S3-607211109
S1-137852528	S3-604229778
S1-137887818	S2-662663517,S3-179254052,S3-359042688
S1-137904895	S2-529521998,S3-850999199
S1-137935090	S2-817430897,S3-693315400,S3-631436774
S1-137984875	S2-452902547,S3-136968128,S3-740678019,S3-483959721
S1-13799306	S2-544317721,S3-718774787,S3-734462769
S1-13811760	S2-981861853,S2-683946469,S3-716572263,S3-18752876,S3-716358067
S1-13819395	S3-650440751,S3-693080110
S1-138233211	S2-727742708,S2-549289806,S3-324772815,S3-658865038
S1-138326627	S3-642976206,S3-257768238,S3-958605017
S1-138331240	
S1-138355675	S2-889638641,S3-769293853,S3-811734996,S3-197253991,S3-946824677
S1-138693202	S2-10946689,S3-406040311,S3-259035726,S3-235376972
S1-138770168	S3-988115704,S3-464701173,S3-263936785
S1-138792051	S2-377817670,S2-985626543,S2-74516707
S1-138792494	
S1-138875254	S2-569569050,S3-823293394
S1-138875666	S2-176694101,S3-415963005
S1-138883060	S2-861725561,S3-588649051,S3-634363312
S1-138920595	S2-476287018,S3-397881547,S3-667439149,S3-802446741
S1-138943093	S2-93567866,S3-995563810
S1-138947479	S2-451574522,S3-97943213,S3-551475037
S1-138952321	S2-149057441,S2-819958630,S3-23431854,S3-582627856,S3-671617316,S3-124639476
S1-138974817	S2-861603042
S1-138986936	
S1-13901394	S2-800900559,S2-732166077,S3-458865996
S1-139056108	S2-712700115,S3-886195467,S3-587497839
S1-139101804	S2-363584709,S3-402727857,S3-724568725
S1-139230872	S2-6784918,S2-663153814,S2-361984928,S2-830949340,S3-146122956
S1-139245242	S2-922922894,S3-986925527,S3-494734340
S1-139297477	S3-889008697,S3-733648198
S1-139301031	S3-778987267,S3-429966233
S1-139367083	S3-66589917,S3-914648265,S3-203634909
S1-139448869	S2-798661861
S1-139499657	S2-497730446,S2-800399294,S2-614443120,S3-381126837,S3-922570308,S3-766919743,S3-695802121,S3-451733790
S1-139516975	S2-264750557,S2-295502047,S3-487408934
S1-139523174	S2-582287472,S3-643383887,S3-831991926
S1-139582491	S2-547513758,S3-202577015,S3-670501463,S3-732948812
S1-139594262	S2-555381686,S3-151903964,S3-551718890
S1-139628357	S2-609878727,S3-889407375
S1-139718065	S2-741617527,S2-53335756,S3-196270802
S1-139804819	S2-994057888,S3-9384599,S3-120807126,S3-769284150
S1-139947154	S2-796729628,S2-775848689,S2-314298427
S1-139950923	S2-122696732,S2-827972886,S2-914350351,S3-837899213,S3-278897019
S1-140108244	S2-91799047,S2-128087173,S2-882148963,S3-348991057
S1-14029677	S2-288043624,S2-459669861,S3-153768326,S3-456340478,S3-645272721
S1-140301155	S2-952323981,S3-197361044,S3-412385316,S3-624874208
S1-140305166	S2-844244510,S2-843844606,S3-990497986,S3-24653527,S3-488816995
S1-14032947	S2-246368264,S2-699326085,S2-898593139,S3-323663487
S1-140335946	S2-656250704,S2-360353072
S1-140476807	S2-8739389,S3-584050403
S1-140550140	S2-638508127,S2-784148091,S3-417239819
S1-140605392	S2-726947391,S2-280040617,S3-134913418,S3-514270157,S3-361245506,S3-684095377
S1-140627480	S2-358424925,S3-686176457,S3-783350052,S3-876474478
S1-140688254	S2-848457988,S2-32318977,S2-626966787,S2-326299701
S1-140702724	S2-651819477,S3-341707593,S3-446898949,S3-642420472
S1-140711653	S3-334192563,S3-10742932
S1-140739711	S2-543798294,S3-795177536,S3-332068575,S3-783117132
S1-14075445	S2-37666610,S2-276580204,S2-547081673,S3-332552231,S3-783644220,S3-215012515
S1-140874321	S3-57258542
S1-140895795	S2-22618565,S2-237253399,S2-694689649,S3-534049630,S3-204097175
S1-140912924	S2-74181978,S2-75040722,S2-736837398,S3-163223256,S3-478936193
S1-141122637	S2-190053744,S3-815422911,S3-730465574,S3-783860628
S1-141167076	S2-662925656,S3-109765349,S3-47607236
S1-141274085	S2-939431395,S2-472813267,S3-154524578,S3-164763724,S3-79415141
S1-141309467	S2-384295663,S2-411928925,S3-477441983,S3-654438977
S1-141312419	S2-461345833,S2-292147120,S2-875734317,S2-310899705,S3-422231304,S3-641793302
S1-141350282	S2-521295791,S3-659155328,S3-186595432
S1-141353953	S2-558888326,S2-385619107,S3-455871502
S1-141366939	S3-573089072,S3-707225561
S1-141371448	S2-683086968,S2-911133054,S3-934877126
S1-141385895	S2-686735749,S2-488642126,S3-408816067,S3-809535606
S1-141467052	S2-60097602,S3-973134844
S1-141530526	S2-229517100,S2-928803299,S3-520153601,S3-489129641,S3-492704896,S3-461303445
S1-141547745	S2-188819823,S3-850106270,S3-285143796
S1-141615706	S2-297403724,S2-776364066,S3-33027199
S1-141636028	S2-602416843,S3-925142035,S3-464644635,S3-132259546,S3-575408804,S3-863009377
S1-141785936	S2-84759819,S3-920577797,S3-711659643
S1-141897312	S2-93319259,S2-818364520,S2-143638403,S2-79513160,S3-836678418,S3-674087420
S1-141924572	S2-209120300,S3-741590156,S3-414811734,S3-532023048,S3-45972384
S1-141929897	
S1-141930142	S2-889425185
S1-141949434	S2-561354296,S2-19579508,S3-154480147,S3-234941088
S1-142033050	S2-22532118,S2-191574395,S3-653181389,S3-768995368,S3-173277432,S3-6734022
S1-142056483	S2-101146633,S3-253880583
S1-142091503	S2-443965662,S2-830873451,S2-955651329,S3-580241107
S1-142124620	S2-277764374,S3-321255330
S1-142151726	S2-246340175,S3-192463157,S3-464768913,S3-145987836
S1-142164523	S2-990476147,S3-978263272
S1-1421887	S2-64113107,S3-229861879,S3-236722173
S1-142212632	S2-361766363
S1-142436178	S2-119986305,S2-194956615,S2-992673294,S3-461537262,S3-793076714
S1-142467470	S2-124909800,S2-29424252,S3-781362600,S3-901821448,S3-429569830
S1-142650098	S2-296756123,S2-883614654,S2-522823988,S3-445043986,S3-991124616
S1-142822171	S2-659457475,S2-809768316,S3-38713036,S3-143406891,S3-249718722,S3-214133242
S1-142822758	S2-755954111,S2-14368234,S3-125883038,S3-646496227
S1-142867393	S2-957614909,S2-852871042,S3-94441564
S1-142893063	
S1-142916409	S2-476111331,S3-732414307
S1-143029448	S2-604347001,S3-723484573,S3-334805224
S1-14309176	S2-300952051,S2-741942026,S3-552687924,S3-53798562,S3-143174832,S3-35202650
S1-143121203	S3-639678116,S3-174521323
S1-143237743	S2-346079214,S2-802191746
S1-143264608	S2-963589522,S3-277618667,S3-217469971,S3-697277549
S1-143286305	S2-480071236,S3-92614622,S3-822513068
S1-143295329	S3-474193528,S3-227358349,S3-847495782
S1-143306587	S2-619682504,S2-397854329,S3-377913479,S3-498121848
S1-14331129	S2-414142371,S2-134975183,S3-859479769
S1-143370274	S2-387045746,S3-649548677
S1-143439721	S2-218828717,S3-645415937,S3-863295621,S3-979595885
S1-143455799	S2-151357681,S2-610427303,S3-482431057,S3-855448446,S3-646764403
S1-143468292	S2-398329105,S2-490024097,S2-816711005,S3-765858987,S3-719567172
S1-143529013	S2-64409100,S2-514665057,S3-966726568
S1-143534190	S2-36403477,S2-963014789,S2-700235899,S2-293427235,S3-792879622,S3-372525609,S3-542908158
S1-143564728	S2-486257268,S2-588645856,S3-532087208,S3-187769104,S3-871013599,S3-691336564,S3-26804044
S1-143603513	S2-75842355,S3-852532280,S3-41316689,S3-415732346,S3-563450635
S1-1437909	S2-190333433,S2-559590551,S3-411960937
S1-143799956	S2-946701466,S2-909814134,S2-148775363,S3-751596976
S1-143805733	S2-788806424,S2-539317476,S2-1591038,S2-857169085,S3-339241807
S1-143874383	S2-146532526,S2-738230729,S3-242224172,S3-457581908,S3-863758284
S1-143893500	S2-590993763,S3-169741264,S3-857851341
S1-144010892	S2-586800882,S2-38977296,S3-507516411,S3-733183614
S1-144119542	S2-769193688,S2-111423547,S3-371513694,S3-300808996
S1-144132669	S2-825319344,S2-461070015,S2-713024030,S3-871089344
S1-144224165	S2-361501629,S2-874238660,S3-19393909,S3-611158823,S3-797271214,S3-637586576
S1-144294138	S2-166586594,S2-835298959,S3-291296212,S3-207908645
S1-14432013	S2-776570658,S2-934065341,S2-690810334,S3-30292831,S3-422436197
S1-144439851	S2-568316717,S2-257144112,S3-474003414,S3-643791299
S1-144479033	S2-938294764,S2-217774590
S1-144529111	S2-520442026,S3-122080412,S3-943748227
S1-144600103	S2-336682160,S2-216261165,S3-315111730,S3-316225324
S1-14460171	S2-768463282,S2-20011830,S3-336080405
S1-144674117	S2-75109020,S3-997804706,S3-830661453
S1-144714325	S2-787837938,S2-873882000
S1-144788927	S2-595547544,S3-650657239,S3-898598635
S1-144814155	S2-801812338,S3-774542611,S3-192455371
S1-144879101	S2-178051235,S3-345371393,S3-742682137,S3-174843955
S1-144888537	S2-725752464,S3-95210129,S3-987542532
S1-144975532	S2-525104587,S3-283632707,S3-704114447,S3-56694016
S1-145003406	S2-187125240,S3-686114844
S1-145025455	S2-253696177,S3-957214482
S1-145040459	S2-920481850,S2-965427441,S3-699855918,S3-643315115,S3-316905477,S3-44336254,S3-208348198
S1-145047890	S2-353600971,S3-304408647,S3-123725611
S1-145077114	S2-48190987,S3-684017938,S3-925867567,S3-35192925,S3-701632691
S1-14523497	S3-629985834
S1-145252012	S2-437899034,S2-524078585,S3-663053282,S3-840469106
S1-145332159	S2-632470116,S3-941494493,S3-622518812,S3-625679942
S1-14537192	S2-451598193,S3-759619484,S3-115290274
S1-145403323	
S1-145447513	S2-292749765,S2-233657707,S2-159611427,S2-281428451,S3-931111942,S3-80831085
S1-145474453	S2-353797850,S2-230811010,S2-653835343,S3-277472266,S3-246896324,S3-721657341,S3-216731503
S1-145487173	S2-267818714,S2-821800194,S3-648367668,S3-486743984
S1-145595863	S2-54779576,S2-293272270,S3-823268169,S3-276538435
S1-145633018	S2-491189350,S2-667500146,S2-524185355,S3-280927865
S1-14576231	S2-983849731,S2-80753074,S2-961461075,S2-772734388,S2-331348358,S3-800885728,S3-120612135,S3-549676607
S1-145927386	S2-83291387,S2-379861180,S3-441020556
S1-145941171	S2-864300741,S2-583821811,S2-453944071,S3-385791680,S3-819961192
S1-145959345	S2-733261658,S3-528538526,S3-530731623,S3-220357457
S1-145998874	S2-667036927,S2-325748030,S2-601333377,S3-282420240,S3-516100529
S1-14602615	S2-239940408,S2-157406769,S3-609688451,S3-536887320,S3-902181642,S3-500478087
S1-146287517	S2-753043944,S2-729267569,S3-672960707
S1-146312054	S2-83585022,S2-155780906,S3-800924546,S3-161484655
S1-146331639	S2-649153669,S3-842587742
S1-146343377	S2-5294099,S3-206145413,S3-629757559
S1-146542409	S2-903718997,S3-295927372,S3-330511446,S3-808832345,S3-29321055
S1-146552056	S2-637475672,S2-692426784
S1-14659041	S2-439621708,S2-480654155,S3-598328522,S3-260453679,S3-746503475
S1-14663617	S2-511791966,S2-608374807,S2-389279490,S2-321210903,S3-39900317,S3-910882740,S3-332828576
S1-146655472	S2-641113802,S3-802604004,S3-822037983
S1-146819269	
S1-14682393	S2-277086057,S3-3090761,S3-613828541,S3-595532854
S1-146838136	
S1-146897294	S2-769776897,S2-407468963,S2-701446284,S3-650548711,S3-517448535,S3-383812985
S1-146962586	S2-334340286,S2-138547560,S3-793851456
S1-147053886	S2-573194133,S2-799782575,S2-463486155,S3-653004489,S3-321250615
S1-147111152	S2-974001809,S3-454394038
S1-147123393	
S1-147202166	S2-856569998,S2-125365550,S3-63827684,S3-221064094,S3-395473576
S1-147308352	S2-458787540,S2-913997165,S3-575717551,S3-854584211
S1-1473509	S2-958540400,S2-409010266,S3-609688804,S3-375099466
S1-147383810	S2-253332325,S3-744349759,S3-300974124,S3-38007263
S1-147393688	S2-786046145,S2-29264704,S2-963819453,S3-906150582
S1-147394361	S3-918794843,S3-837790722
S1-147411840	S2-446416419,S2-842304651,S2-408325580,S3-631132577,S3-758626152,S3-730200389
S1-14744814	
S1-14746817	S2-604358559,S2-91056580,S2-354459982,S3-135916473,S3-607449225
S1-147473312	S2-900469862,S2-248518251,S3-288091064,S3-264073836
S1-147477003	S2-785323358,S2-198217903,S3-752461633
S1-147566860	S2-672824570,S2-845527959,S3-80907129,S3-219863994,S3-122821045
S1-147600237	S2-815735280,S3-723685262,S3-231336199,S3-263246751,S3-504898535
S1-147609564	S2-865432864,S3-6870883,S3-581254167,S3-853337716
S1-147632376	S2-186095992,S3-80389996,S3-260785549,S3-577427188
S1-147654869	S2-277014247,S3-588028003,S3-981997471
S1-147846031	S2-177799095,S3-533662230
S1-147854232	S2-153783584,S2-239444495,S2-804731428,S3-49760131
S1-147870676	S2-353608288,S2-615367117,S3-955502585,S3-645068979,S3-655524247
S1-147963342	S2-579364348,S3-531425746,S3-729965735
S1-148023243	S3-813480022,S3-135465982,S3-133824051,S3-215669259
S1-148100613	S2-76063932,S2-792768566,S2-699832535,S2-674741220,S2-260763069,S3-457535019,S3-3276122
S1-148134152	S2-554141459,S3-155111563,S3-197518787
S1-148196933	S2-354806686,S2-583207395,S3-248621518
S1-148209482	S2-575783114,S3-977410365,S3-861172156
S1-148228513	S2-421772062,S3-765688033
S1-148236818	S2-639937673,S3-71552125
S1-148280041	S2-761500168,S3-933697231
S1-148315813	S2-148442218,S2-12685796,S3-787793436,S3-524800428,S3-581129470
S1-148387368	S2-872644331,S3-758351751,S3-946703065
S1-148424308	S3-551533192,S3-477522240
S1-148447012	S2-76799661,S2-655973936,S2-30799399,S3-393966635,S3-572851957
S1-148476069	S3-135412990
S1-148478296	S2-8093533,S2-398094312,S3-621804635,S3-180820737
S1-14856118	S2-93884190,S2-431316052,S2-56419944,S3-108819430,S3-850838831
S1-148643512	S2-276546180,S2-722378147,S3-504048597,S3-439866368,S3-99560544
S1-148651656	S2-428592134,S2-979183256,S3-714706386
S1-148666670	S2-328264763,S3-906020791,S3-455729536,S3-787389782,S3-279189883
S1-148686542	S2-534586690,S2-398607996,S2-708514119,S3-931772890,S3-606323777
S1-148787266	S2-520105639,S3-784196099,S3-215408197,S3-92706664,S3-434265525
S1-148966184	S2-160780808,S2-395658711,S3-768414267
S1-148999827	
S1-149055743	
S1-149077807	S2-935404724,S2-516755600,S3-218920563,S3-741375088
S1-149218144	S2-759422483,S2-405241272,S3-964440538,S3-358078953,S3-792882431,S3-790479869,S3-760336795
S1-1492200	S2-618407549,S3-596415810
S1-149244910	S2-532588665,S3-854993104
S1-149251753	S2-961463106,S3-176308654
S1-149263678	S2-169058228,S3-254780103,S3-645781852
S1-149275332	S3-563855598
S1-149278361	
S1-149371073	S2-138082525,S2-675887554,S3-688769519
S1-149453743	S2-676794493,S2-423778873,S3-740976840,S3-979176251
S1-14949685	S2-666490158,S3-151182684
S1-149543480	S2-903096339,S3-244320004
S1-149552632	S2-291896792,S3-836743229,S3-635715735,S3-418850760
S1-149685485	S2-919192836,S2-351490029,S2-275316482,S3-626814535,S3-98991761
S1-149696400	S2-266004138,S3-410875261
S1-149726026	S2-921621750,S2-61734831,S2-250849842,S3-876400378,S3-490840126,S3-756960810
S1-149739021	S2-572637137,S2-486798324,S3-380274345
S1-149753144	S2-977396363,S3-751713062
S1-149869078	S2-932125080,S3-842399854
S1-149999399	S2-130438781,S2-528320208,S2-392898623,S2-160821957,S3-684579143
S1-150072387	S2-297457860,S2-157744731,S3-558469261
S1-150147393	S2-657052143,S3-241469387,S3-286481221,S3-509001422
S1-150188718	S3-143498320,S3-366830520
S1-150422305	S2-228209033,S3-196427643
S1-150461689	S2-925794590
S1-150465677	S2-612924707,S2-301060832,S2-491110149,S3-510179993,S3-882967016,S3-427432959
S1-150500962	S2-209729846,S3-911703439,S3-378018705,S3-582443370,S3-261897905
S1-150561870	
S1-150563209	S3-8695440,S3-228809229
S1-150728083	S2-106722350,S2-763473703,S3-34494542
S1-150884423	
S1-150990245	S3-891470842,S3-797658630
S1-150993701	S2-17413656,S2-590771629,S3-580123334,S3-894266479,S3-413860164,S3-229360492,S3-860653165
S1-151015450	S2-943280759,S2-673089023,S3-505833911
S1-151019929	S2-928560323,S2-304092238,S2-736890511,S2-438428483,S3-116071111
S1-15107602	S2-734729814,S3-166382431,S3-150665586
S1-151186589	S2-987223279,S2-311365553,S3-294207550,S3-941663079
S1-151234482	S2-454384381,S2-680962297,S2-497670690,S3-990831695
S1-151261681	S2-72658714,S3-728290202,S3-999488708
S1-151512232	S2-860049342,S2-816278741
S1-151514777	S2-886542138,S2-486314960,S2-568387006,S2-402485259,S3-532212926,S3-557109724,S3-186479661
S1-151661073	S2-333026024,S2-82343140,S2-132565457,S3-296075622,S3-646101697
S1-151665591	S3-161882427,S3-710008951
S1-151685221	S3-146848268,S3-544624170
S1-15169361	
S1-151696637	S2-323405429,S2-349686188,S2-899702792,S3-59194030,S3-949308190
S1-151700438	S3-834414379
S1-151771507	S2-437207204,S3-619547875,S3-818170522,S3-566105070
S1-151837403	S2-850462085,S3-467701745,S3-779415977,S3-551042764
S1-151860754	S2-89043877,S3-116655642
S1-151863178	S2-819723305,S2-979304630,S2-279267890,S3-655691751
S1-151881041	S2-466891729,S2-901491091,S3-500331307,S3-819870297
S1-152073346	S2-37239900,S2-201316396,S3-390214764,S3-774387677,S3-483177993
S1-152086798	S2-150699179,S2-922159230,S3-567591116
S1-152087077	S2-915499761,S2-561686588,S2-653223527,S3-27547408,S3-870146764
S1-152226247	S2-844610911,S3-91068546,S3-89525160,S3-664769600
S1-152230568	S2-127429962,S2-135767742,S2-931799772,S3-379818149,S3-605394031,S3-381574756
S1-152245491	S2-475932624,S3-414218518,S3-958755854,S3-343140144
S1-152339361	S3-920330290,S3-813802718
S1-15239759	S2-133913457,S2-332887489,S2-761166344,S3-622607063,S3-9902089,S3-51730354
S1-152481427	S2-9998780,S3-870894969
S1-152528817	S2-76875309,S2-859202474,S2-929412781,S2-250376709,S3-154856150,S3-335261875,S3-732142740
S1-152550397	S2-845178719,S3-824232787
S1-152630883	
S1-15270095	S2-549162932,S3-173527557,S3-951343679
S1-152712476	S2-410781041,S2-567720924
S1-15284120	S2-900207263,S3-901909699,S3-96597657,S3-662200106,S3-735457923
S1-152903723	S2-982347972,S2-896017624,S2-896223546,S2-267160419,S2-55962355,S3-741065833
S1-15296714	S2-146814866
S1-152992397	S2-510213233,S2-738920922,S2-12588283,S3-224679018
S1-153100696	S3-122612745
S1-153150386	S2-914352788,S2-403206971,S2-920898818,S3-701913567,S3-670302496,S3-211926389
S1-153344489	S2-574230049,S2-45507386,S2-825842240,S3-122679927,S3-69175503
S1-153430186	S3-283269012
S1-153592250	S3-378647231,S3-852718247
S1-153593717	S2-53477915,S2-568330256,S2-554888582,S3-521678152
S1-153600431	S2-372701109,S2-191386063,S2-288300203,S2-317245315,S3-146216911,S3-782492518,S3-532270483,S3-349836671
S1-153721429	S3-364093406
S1-153726447	S2-636785667,S3-252832375,S3-599557727
S1-153768049	S2-276231800,S3-220400660,S3-101130824
S1-153876504	S2-347633651,S2-217239492,S2-719798450,S3-640777045,S3-162995844,S3-417850344,S3-75972615,S3-136843382,S3-711554980
S1-154414917	S3-153811603,S3-195191830
S1-154440840	S2-728396182,S3-43946286
S1-154498620	S2-503418526,S3-480762079,S3-376481794,S3-284022158
S1-154791632	S3-878846002
S1-154832508	S2-532840979,S3-937622189,S3-16990893,S3-267071943
S1-154933520	S2-720276307,S2-951978111
S1-154968152	S2-931142010,S3-912731708,S3-306186982
S1-154999616	S2-854541147,S2-613558139,S3-241304920,S3-697851125
S1-155020680	S2-755780713,S2-748278344,S3-104253844
S1-155192691	S2-251074330,S3-128579520,S3-530465150
S1-155400322	S2-652577802,S2-581340843,S2-987144135,S2-593750695,S3-69172585,S3-875071204,S3-287145909
S1-155426184	S3-462660891
S1-155465262	S2-58056135,S3-532102344,S3-146117292
S1-155495991	S2-932567761,S2-648191636,S3-136978581,S3-611878345,S3-392345302
S1-155503279	S2-822549324,S3-583009004
S1-155510626	S2-272600583,S3-712045408,S3-794962281
S1-155539847	S2-470987383,S2-998505818,S3-33830935,S3-7931454,S3-788933733,S3-854759969,S3-172754740
S1-155652532	S2-702377710,S3-609778742
S1-155791831	S2-899338867,S2-466174700,S3-842875859,S3-559165105
S1-155801526	S2-925250682,S2-329791897,S3-920500095
S1-155865985	S2-26914866,S2-999537214,S2-158094262,S3-504523941,S3-785389490,S3-346317913
S1-15589885	S3-448494050,S3-180493090
S1-156008705	S2-181944823,S2-817216129,S3-643390593,S3-462136672,S3-489444709
S1-156089810	
S1-156163754	S2-378477898,S3-768994518
S1-156229018	S2-512460625,S3-80565139
S1-156261063	S2-104224705,S3-556247109,S3-688632188,S3-872807698,S3-576045507
S1-15627533	S2-97177867,S3-45238525,S3-786013552,S3-976748305
S1-156438379	S2-713163634,S3-52871652,S3-812508702
S1-156511509	S2-345695123,S2-499175653,S2-237376556,S3-879172722
S1-156676411	S2-999815070,S2-200942768,S3-258618824
S1-156714867	S2-770306186,S2-302796642,S2-377582733,S3-958714867,S3-959911693
S1-156752937	S2-787291562,S2-241367956,S3-582052283,S3-782063467,S3-315218791
S1-156769590	S2-991760217,S2-588007540,S3-199675015
S1-156785174	S2-208557739,S2-826420207,S2-943976857,S2-508059754,S3-939945301,S3-912491118
S1-156816745	S2-93104051,S3-991597249,S3-918360914
S1-156884237	S2-531604761,S2-924185606,S3-114474533,S3-162753546,S3-353453903
S1-156908326	S2-538880336,S3-14277301,S3-587512951,S3-201954027
S1-156989764	
S1-157045064	S2-613778290,S3-588536076
S1-157120346	S2-693099657,S2-862750560,S2-367407753,S3-762539090,S3-650151804
S1-157167536	S2-132552781,S2-109968191,S2-753621481,S3-542976411
S1-157317337	S2-830730792,S3-770855414
S1-157331077	S2-921356814,S2-405520579,S2-697101650,S3-852123298
S1-157340354	S2-41534996,S2-129212609,S3-988579598,S3-968718417,S3-514063776,S3-16797972
S1-157375878	S2-384915851,S3-910714230,S3-928756306
S1-157440374	S2-811146265,S2-472213106,S3-59227081,S3-417164679,S3-105263220
S1-157499800	S2-449498269,S3-149274474,S3-66096495
S1-157604188	S2-435133569,S2-935533753,S3-664671638
S1-15760584	S2-352547746
S1-157619121	S3-777294207,S3-322325666,S3-582632284,S3-948079665,S3-345810858
S1-1577057	S2-282154222,S3-560847226,S3-258268736,S3-15699734
S1-157725603	S2-447703769,S2-932153586,S3-309335636
S1-157731556	S2-731012770,S3-145586484,S3-196261098
S1-157744996	S3-461073219,S3-373016724
S1-157824067	S2-885508529,S2-684275736,S3-476729597
S1-157846097	S2-893212026,S3-379775906,S3-814508118
S1-157871788	S2-670090130,S2-739801335,S3-864982368,S3-553165088
S1-157982664	S2-712477148,S3-587361026
S1-158009900	S2-16329366,S3-151739011,S3-686861456,S3-125070393
S1-158020546	S2-172948171,S3-867019903,S3-725336386
S1-158064181	S2-695272981,S2-140021084,S2-154881792,S2-987525089,S2-366989544,S3-87893825,S3-980436855
S1-158071529	S3-665844888,S3-99256611
S1-158225153	S2-725230409,S2-810420288,S2-888935034,S2-951651253,S3-140122980,S3-833921168,S3-66153199,S3-839917406
S1-158324473	S3-277036712
S1-158335459	S2-375128584,S2-876295575,S3-630668693,S3-838841368
S1-158480913	S2-877665238,S2-985631793,S3-256988270,S3-565768071,S3-607409010
S1-15850624	S2-967173885,S2-747555820,S3-119108140,S3-528939677
S1-158633107	S2-901703684,S3-750217966,S3-420606451,S3-214805672
S1-158649796	S2-347932599,S2-38849755,S3-897386596
S1-158676171	S3-374014612,S3-994189896,S3-387617926
S1-158691131	S2-696664815
S1-158691732	S2-620281705,S3-255235581,S3-350561253
S1-158712577	S2-401744591,S2-509772668,S2-242007178,S3-87600288,S3-763600878,S3-98564477
S1-158771976	S2-75245060,S2-12207505,S3-365705097,S3-62595017,S3-756327388
S1-158813158	S2-152948909,S3-297386468,S3-578590957,S3-505812594
S1-15883859	S2-622932452,S2-625016493,S2-176902587,S3-937947540,S3-999537629,S3-582406620
S1-158851450	S2-311209855,S2-352007416,S3-198370152
S1-158887119	S2-168770694,S2-134514193,S2-387208527,S3-426812113
S1-158897930	S2-806393777,S2-775290872,S3-489711407,S3-471564043
S1-158918070	
S1-158929882	S2-783421457,S3-426659923,S3-856010548
S1-159002819	S2-983807072,S2-295812261,S3-90406931,S3-605316071
S1-159023153	S2-474197681,S2-913127288,S2-514366919,S3-152408348
S1-159038761	S2-469262921,S2-13607019,S3-857467860
S1-159089206	S2-2414429,S3-123975236,S3-189020520
S1-159093070	S2-227816158,S2-428727418,S3-168624991
S1-159137204	
S1-159164118	S2-449990284,S2-57134476,S3-852243830
S1-159224306	S2-561610894,S2-382741099,S3-783472899,S3-485203874
S1-159239911	S2-876026715,S2-176946734,S2-486809714,S2-41506787,S3-57435383,S3-384748836
S1-159288557	S2-625744691
S1-159311193	S2-657594084,S2-463133496,S3-531158806
S1-15931461	S2-304477471,S3-113853131,S3-514501721
S1-159384074	S2-316762388,S3-785365205,S3-25711402,S3-817432911
S1-159509413	S2-709812596,S2-272892845
S1-159576662	S2-109570632,S2-915697879,S3-959039801
S1-159737826	S2-88047461,S3-227149263
S1-15975234	S2-23127252,S2-564927761,S3-712227458
S1-159779715	S2-175300317,S2-784554884,S3-867850769
S1-159780849	S2-309082023,S3-849706692,S3-511421508,S3-808597502,S3-19446497
S1-159803997	S2-793851706,S2-802619244,S3-247833938
S1-159865956	S2-616342187,S2-61455867,S2-300684836,S3-787664450,S3-511144811,S3-592201895
S1-159884532	S2-639044379,S3-445765200
S1-159895132	S2-198705087,S2-847315810,S3-981799155,S3-244630260
S1-159900611	S2-226729418,S2-8777869,S2-59561647,S3-259544086,S3-713490843
S1-159917364	S2-242160012,S3-905204151,S3-999939223
S1-159946208	S2-389527372,S3-833552963
S1-159959460	S2-80207186,S2-334549204,S3-3795530,S3-488753060
S1-160089612	S2-272358255,S3-356927761
S1-160241873	S2-54189909,S3-482503799
S1-160303135	
S1-160466183	S2-708836131,S2-996003554,S2-128150978,S3-295178814,S3-533577137
S1-160486639	S2-569320803,S3-43676966,S3-851593389,S3-5444288
S1-160704603	S2-311086138,S2-326487999,S3-806022136,S3-271836749
S1-160706811	S2-888442233,S3-183402397
S1-160754825	S2-936547624,S3-547438867,S3-581657532,S3-8813247
S1-160869546	S2-84840707,S3-952022542
S1-160917367	S2-59874568,S2-49215879,S2-693764873
S1-160952668	S2-963066122,S3-175547995,S3-623526301
S1-160983786	S2-610694695,S3-384336201
S1-161001304	S2-380257916,S2-207871466,S2-852452338,S3-957252776,S3-324142085,S3-935014544
S1-161078451	
S1-161160088	S2-1752115,S2-771581469,S2-734108886
S1-161181479	S2-265526224,S2-796769586,S3-393139573,S3-853697769,S3-24747837
S1-161225779	S2-577747605,S2-815777830,S2-181244269
S1-161252700	S2-437310663,S3-553215470,S3-34816700
S1-161311650	S2-979642063,S2-261902207,S3-684631425,S3-702268422,S3-777291504
S1-161321580	S2-506869682,S2-564811281,S3-133645775,S3-362734971,S3-362064785,S3-789941742,S3-993177535
S1-161322848	S2-483514295,S2-602613333,S2-867645545,S2-78094079,S3-425555608,S3-945079449,S3-131935141
S1-161342782	S2-323047153,S2-809760621,S2-672654648,S3-584659060
S1-161346184	S2-928351027,S2-608501646,S2-171232449,S3-458540473
S1-161381580	S2-178636963,S2-93613229,S3-375412166
S1-161394690	S2-951744507,S3-559656078,S3-243919024
S1-161402015	S2-180093285,S2-496011913,S2-688682533,S3-283142004
S1-161410499	S2-472123142,S2-917425051,S3-289319256
S1-161436091	S2-507458419
S1-161464964	S2-277580115
S1-161609162	S2-868146650,S3-308864121,S3-271862306,S3-375398254
S1-161692257	S2-746173669,S2-72728823,S2-11137456,S3-708934661
S1-161948310	S2-916218136,S3-632106071
S1-161961748	S2-145554622,S3-524243257,S3-195290457
S1-162108079	S2-91898749,S3-786555256,S3-590009411
S1-162155962	S2-708941751,S2-763157852,S3-835901781,S3-252043062
S1-162228569	S2-455813382,S3-749783980,S3-580184295
S1-162232043	S3-847360703
S1-162242649	S2-517374892,S2-775371847
S1-162243342	S2-858224511,S2-989457750,S3-619031106,S3-700037564,S3-331373288
S1-162273993	S2-274966529,S3-700449474,S3-746913422,S3-209726743,S3-995954889
S1-162309956	S2-772678812,S2-677399284,S2-665761547,S3-54637976
S1-162378538	S2-74570242,S2-581920750,S3-889511418,S3-990693625,S3-417526082
S1-162393739	S2-369888789,S3-93478767,S3-920709230
S1-162533755	S2-657697483,S3-469062974
S1-162535546	S2-111105696,S3-202980626
S1-162663411	S2-994779838,S2-589544995,S3-41201308
S1-162744456	S3-30572367,S3-548019515
S1-162749457	
S1-162888995	S2-161974298,S3-627942842,S3-952671295
S1-162948065	S2-517086442,S2-834728805,S2-766652542,S3-604268708
S1-162960652	S2-604966059,S2-81539296,S3-618446026,S3-285102618,S3-792703997
S1-163056556	S2-602718153,S2-483150713,S3-97280520
S1-163076031	S2-535887206,S2-736938586,S3-660129018,S3-151086990
S1-163126807	S2-803918201,S2-323492630,S2-914267838,S3-492893618,S3-7011047,S3-453958851
S1-163195385	S2-130228605,S2-205909415,S3-397648719,S3-425182376
S1-163274028	S2-186347495,S2-230288933,S2-837621098,S2-675718428,S3-219767001
S1-163277022	S2-158357180,S3-400516635
S1-163371098	S2-798475949,S3-101188991,S3-591914880,S3-460279123
S1-163374087	S2-78602489,S2-423278056,S2-745291235,S3-582912083
S1-16343225	S2-467702647,S2-70546712,S3-495535440,S3-177705461
S1-163486282	S2-269585602,S2-16472186,S3-266761993,S3-854577833,S3-869531169
S1-163513870	S2-10978471,S2-778826935,S3-33944405
S1-163553224	S2-534258227,S2-813561494,S3-694438921,S3-957564853,S3-802009297,S3-853886454,S3-719308766
S1-163642157	S2-124251121,S2-709712161,S2-608154659,S3-937293948
S1-163701370	S2-585011317,S3-839114549,S3-997077688
S1-163715323	S2-697794376,S2-117781733,S3-412692901,S3-687196108,S3-837874865
S1-163722554	S2-884175116,S3-43770690,S3-36045471,S3-871351159
S1-163738882	S2-191300981,S2-28252077,S3-727515333,S3-668872013,S3-13245151
S1-1637795	S2-793111771,S2-40296602,S2-17182706,S3-354167877
S1-163806156	
S1-163874981	
S1-163977387	S3-187492529,S3-289303516,S3-22560349
S1-164017027	S2-97462353,S3-911410250,S3-916075732,S3-926025094,S3-978693390
S1-164038274	S3-484114603
S1-164180370	S2-469181444,S3-391930585
S1-164312292	
S1-164365934	S2-586897702,S2-989483351
S1-164386382	S2-201078548,S2-892100770,S2-809300926,S2-6351520,S3-69512415,S3-588604362
S1-164514787	S2-706716999,S2-348774405,S2-148565308,S2-884794628,S2-756732152,S3-986377181
S1-16453561	S2-156248257,S2-956546684,S2-443093616,S3-71671060
S1-164600999	S2-303159040,S3-455997095
S1-164601925	S2-379431012,S2-224900062,S3-92504351,S3-412730710,S3-341806014
S1-164612424	S2-542682317,S3-845015177
S1-164621937	S2-824931476,S2-502910301,S2-499883530,S3-691075156,S3-435642486
S1-164637170	S2-912395178,S2-641588684,S3-555951363
S1-164641825	
S1-164658290	
S1-164706431	S2-343205485,S2-191751498,S2-844203725,S3-521964516,S3-796130024,S3-317410277
S1-164726115	S2-399110525
S1-164811891	S2-58630914,S2-422089749,S3-295771876,S3-167011501,S3-411370860
S1-164875081	S2-21563864,S2-668443675,S2-57743860,S3-362970130,S3-662840006,S3-505418807,S3-145172659
S1-165046935	S2-177862597,S3-316756518
S1-16518449	S3-722277767,S3-787279590
S1-165218138	S2-79214402,S3-293835286
S1-165229742	S2-350160152,S3-826290401
S1-165267640	S2-962264227,S2-601585927,S3-222238911
S1-16530149	S2-107995988,S2-999993855,S2-204823823,S3-616704637,S3-446823645,S3-355863454,S3-431128529,S3-321029996
S1-165338101	S2-312099659,S2-451132556,S3-830378511,S3-130128912,S3-577766720
S1-165349595	S2-614703528,S2-848761959,S2-292707603
S1-165396452	S2-152361847,S2-394163182,S2-276526317,S3-153232936,S3-671208255
S1-165409510	S2-471058201,S3-30501318,S3-275805666
S1-165550249	S2-583540334,S2-27464191,S2-479251325,S2-512192004,S3-961174924
S1-165562923	S2-776142456,S2-435469030,S3-638521037
S1-165720093	S2-736060668,S2-780392321,S3-840005592,S3-404353846
S1-165727287	S2-488074759,S3-126429842,S3-803221714,S3-667620154,S3-478767037,S3-859416798
S1-165758940	S2-526004434,S2-246931794,S2-667519073,S3-912751343,S3-582279229,S3-884933766,S3-645811883
S1-165784500	S2-106721783,S2-564673530,S2-761615601,S3-400024832,S3-500750859
S1-165789104	S2-509424668,S3-532091686,S3-449632902,S3-827491776
S1-165936207	S2-507922934,S2-271755296,S3-69432295
S1-165938357	S2-866037739,S3-646690106,S3-450576174
S1-166046716	S2-947775705,S3-15893645,S3-376661522
S1-166056400	S2-681613256,S2-154294926,S3-722848936,S3-142185466,S3-465087914,S3-753390132
S1-166065042	S3-915645334
S1-166127004	S2-223633640,S3-247018232
S1-166132212	S2-884518805,S3-905335498,S3-698393419
S1-166225893	S2-871927090,S3-805464581
S1-166281551	S2-4751135,S3-444147740
S1-166284402	S2-748384449,S3-757788137
S1-166296577	S2-461117349,S3-102572074,S3-459766824
S1-166366945	S2-230998163,S2-643533131,S3-427235364,S3-10068975
S1-166382388	S3-200631013
S1-166415877	S2-358362963,S3-854282930,S3-142282936
S1-166553163	S2-123301146,S2-220606392,S3-188186202,S3-714684151
S1-166563872	S2-19370241,S2-987579156,S2-840668298,S3-255317951
S1-166718618	S2-723872737,S2-45574143,S2-861920916,S3-566170942
S1-166735000	S2-146748916,S2-924955490,S2-461792827,S3-606624595,S3-690452140
S1-166739628	S2-235091270,S2-921666318,S3-303222514,S3-415713328
S1-166880026	S2-152137902,S3-429038376
S1-166921989	S2-100779690,S2-728339008,S3-589702739,S3-843753669,S3-417595166,S3-939779921
S1-166931213	S2-430453457,S3-486245762,S3-407223386
S1-166950612	S2-894658431,S3-51059233
S1-167005250	S2-826067280,S3-595006068,S3-640323719
S1-167053758	S2-640674992,S3-854404968
S1-167097114	S3-164698469,S3-207837936,S3-144177205,S3-12688372
S1-167098629	S2-681518764,S2-153823849,S3-296084531,S3-227962487
S1-167186824	S2-725109472,S3-257867084,S3-1011091,S3-817871652
S1-167243663	S2-564566282,S2-306556980,S3-370141395,S3-570274787
S1-167254068	S2-37504755,S2-655842211,S2-345250774,S3-799127984
S1-16727561	S2-606951613,S2-772136214
S1-167348313	S2-726137120,S3-592685547,S3-575277640,S3-157728103,S3-518329927
S1-167479479	S2-547977186,S3-111428146,S3-976624250,S3-748684258
S1-167506847	S2-459745908,S2-789642250,S3-209765112,S3-63495044,S3-692632033
S1-16753578	S3-284572991
S1-167567669	S2-340868353
S1-167629187	S3-416095116,S3-666831827
S1-167648970	S2-299305687,S2-530866454,S2-670134327,S3-187033698
S1-167796670	S2-611606185,S3-46468759
S1-167929894	S2-536331623,S2-946802124,S2-544505830,S2-109333482,S3-37583590
S1-167933535	S2-37805156,S2-52216650,S3-152530600,S3-341845921,S3-606263810
S1-168056520	S2-246159198,S3-509954737,S3-895780332,S3-869238171
S1-168252059	S2-280518112,S2-925237485,S3-454775662
S1-168279793	S2-662166506,S2-121767984,S2-694179274,S3-783142318,S3-435885251,S3-201958263,S3-659334261,S3-436981348
S1-168464737	S2-689830022,S3-419440863,S3-537023571
S1-168619922	S2-709851103,S2-41795740,S3-118078645,S3-257844428,S3-638945152,S3-864641102
S1-168648071	S2-912735619,S3-620811575
S1-168688422	S3-314868246,S3-686530116
S1-168838194	S2-130602664,S2-501970565,S2-724129083,S2-371987331,S3-541807445,S3-73859988
S1-168893315	S2-509155257,S3-519296995
S1-168995700	S2-582869055,S2-377358191,S2-877902828,S3-668467075,S3-993699301,S3-506550833,S3-718474855
S1-169043153	S2-233895761
S1-169119189	S2-813913287,S2-53443929
S1-16916924	S2-752929620,S3-388078561,S3-993862376,S3-37262593
S1-169280240	S2-225016229,S3-551259995
S1-169284874	S2-862087582,S2-8609240,S3-604237635,S3-216609370,S3-228509011,S3-270440617
S1-169408189	S2-551465368,S3-592338688
S1-169452734	S2-135699683,S2-826812394
S1-169561002	S2-589435177,S3-607093954,S3-299905353
S1-169600413	S2-203400657,S2-782845058,S3-891400696
S1-169648278	S2-836088051,S2-439396477,S3-611885218
S1-169717859	S2-64276750,S2-254432722,S2-79780632,S3-940383225,S3-819366901
S1-169721364	S2-570858448,S2-4287632,S3-521949091
S1-169828695	S2-90264615
S1-169841929	
S1-169977635	S2-100076636,S3-679002911,S3-303176335
S1-170012098	
S1-170050797	S2-279264199
S1-17006997	S2-952151618,S3-124261357
S1-170108174	S2-34174697,S2-748044984,S3-663103399,S3-198077521
S1-170128626	S2-953816333,S2-804531446,S3-528540841,S3-12261923,S3-980368112
S1-170178255	S2-746566087,S3-924094025
S1-170280815	S2-738187781,S3-237954067
S1-170327822	S2-503001131,S2-712532688,S2-282849980,S3-965792583,S3-175345623
S1-170479700	S2-75166871,S3-333738513,S3-483390919,S3-363849140,S3-838453603,S3-266975986
S1-170484262	S2-607506400,S3-518082040
S1-170507600	S2-619286804,S2-593995134,S2-746185906,S3-654517872
S1-170534365	S2-740670828,S2-730762743,S2-752780890,S3-78182049,S3-97890526
S1-17053908	S2-547370876,S3-977961792,S3-823313851,S3-540880393
S1-170632395	S2-349636949,S2-965083298,S3-368701203,S3-521179438,S3-715274003,S3-606762667,S3-575152291
S1-170688478	S2-318814516,S2-475033697,S2-744561194,S3-292213576,S3-606231750,S3-927563116
S1-170713670	S2-911852719,S3-424315171
S1-170757048	S2-761540770,S3-36968838,S3-738655516
S1-170930652	S2-336049967,S2-785578772,S3-748228060,S3-611458918
S1-171010517	S2-916244948,S2-172899321,S2-353941129,S2-672070902,S3-926237102
S1-171086178	S3-355152668,S3-600663946
S1-171091249	S2-152605240,S3-521278735
S1-171103363	S2-555565745,S2-17483004,S2-962637520,S3-592816783,S3-160961343
S1-171233759	S2-782425284,S2-984444827,S2-479436689,S3-613450754,S3-722853954
S1-171238458	S2-912083406,S2-478065665,S2-200854693,S2-983027135,S3-324760687,S3-77807087
S1-171245687	S2-573935708,S3-802941639
S1-171538922	S2-147660812,S2-78839417,S3-676845194,S3-554012901
S1-171619016	S2-790045573,S3-187322743,S3-348777304
S1-171624451	S2-407649432,S2-850119549,S3-546481520,S3-41036877,S3-729399138
S1-171667889	S2-743504136,S3-309404098
S1-171673726	S2-432164937,S2-491420769,S2-858988338,S2-93728422,S2-646265468,S3-272292989,S3-35151523,S3-172066462
S1-171733115	S2-790961711,S2-465026955,S3-962559628
S1-171789231	S2-458938650,S2-370816944
S1-17189768	S2-235337850,S2-527229016,S2-686369630,S3-971478763,S3-410043212
S1-171907363	S2-973066259,S2-384487576,S2-662783637,S2-209010292,S3-354036871,S3-682046572
S1-171960918	S2-85655872,S2-4556756,S3-77805077
S1-172059488	S2-623080958,S2-111281368
S1-172067553	S2-456233742,S3-260362842
S1-172118507	S2-471388648,S2-736262036,S2-921798597,S2-806790188,S3-308930601,S3-256697856
S1-172204016	S2-6551406,S3-470231886
S1-172218185	S2-301577969,S2-739751352,S3-523589732,S3-33529754,S3-267826174,S3-520134307
S1-172254580	S2-494397254,S2-678284789,S2-573699378,S2-988385124,S3-460549444,S3-27465591,S3-204979836
S1-172313306	S2-745352555,S2-166754143,S2-5957391,S3-290360771,S3-645016516
S1-172324026	S2-186496044,S3-677461157,S3-113001822,S3-708773570,S3-543077149
S1-172386083	S2-758588704,S2-597054015,S3-647375812,S3-854687145
S1-172432509	S2-77930386,S3-926641878,S3-473691618
S1-172461100	S2-473836378,S2-860239528,S3-707490003,S3-336482402
S1-172461786	S2-90031136,S2-787520875,S3-481513767,S3-795386937,S3-88745976,S3-165863937
S1-17246459	S2-204388807,S2-991070175,S3-506198510,S3-767167931
S1-172476221	S2-149770996,S2-50925807,S3-565707008,S3-777459810
S1-172533448	S2-951112908,S3-320952455
S1-172736868	S2-378317542,S2-56819646,S2-963780141,S2-440508618,S3-158328354
S1-17276861	S2-59259542,S2-318763265,S3-273677411
S1-172793103	S2-72335127,S2-960063598,S2-37042022,S3-728628717,S3-365379351
S1-172855952	S3-478953423,S3-486131314,S3-457743643
S1-172901132	S2-461266971,S2-798397322,S3-654489546,S3-63769539,S3-975552799
S1-17292532	S2-176416001,S3-218476550
S1-172968560	S2-746461747,S2-474785860,S2-543672743,S2-148044834,S3-279971989,S3-148747062,S3-643529320
S1-172988145	S2-968561236,S2-655825024,S2-951422013,S3-746947207,S3-752054673
S1-173089268	S2-201754355,S2-203764257,S3-667714753
S1-17309197	S2-662950536,S3-311387924,S3-388252010,S3-884015061
S1-173093668	S2-597564479,S2-276460501,S3-110726149,S3-868098045
S1-173098157	S2-497429470,S2-196814946,S3-239583139
S1-173154905	S2-980496777,S2-867774087,S2-110081473,S3-313052166,S3-498390443
S1-173243040	S2-966959299,S2-278264737,S3-734304220,S3-313312900,S3-132054210
S1-173296492	S2-750934019,S2-77402721,S2-881244978,S3-556066708
S1-173415903	S2-631702762,S2-486534591,S3-601008430
S1-173432200	S2-495228220,S3-992500641
S1-173446282	S2-665994062,S3-224211793,S3-87255377,S3-752670510
S1-173456192	S2-943370733,S3-653514150,S3-497862562
S1-173529696	S2-838577408,S2-698148702,S2-524763537,S3-752333143
S1-173574578	S2-483976357,S3-390592518,S3-932554240,S3-169173764,S3-441386091
S1-17360593	S2-452621624,S3-556192371,S3-189354338
S1-173619578	S2-552963531,S3-278485366
S1-173637309	S2-747455396,S2-711272356,S2-704342101
S1-173713895	S2-796330053,S3-536699919,S3-862436199,S3-466535772,S3-959762815
S1-17375983	S2-960152092,S3-764250201,S3-739082201,S3-955728677,S3-95662790
S1-17377778	S2-38873385,S2-529169747,S3-79265986,S3-14199129
S1-173832902	S3-138010228,S3-115276272
S1-173901815	
S1-173906007	S2-37774691,S3-994435232,S3-778333922,S3-212268833,S3-625248199
S1-173944968	
S1-174019617	
S1-174027366	S2-182061167,S2-594356268,S2-154247607,S2-467694530,S3-20042231
S1-17412857	S2-447991233,S2-210696832,S2-42209259,S2-978614239,S3-912889274
S1-174304251	S2-537022325,S2-296735207,S2-574026235,S3-296446824,S3-190206530,S3-276466202
S1-174311167	S2-216393360,S3-281330994,S3-578062550,S3-202421973
S1-17437584	S2-996662568,S3-429430372
S1-174387691	S2-205858716,S2-352349082
S1-174390454	S2-258675599,S3-756105587,S3-511558180,S3-161067370
S1-174430646	S2-569981003,S2-808214027,S3-324930342
S1-174486918	S2-512178389,S2-458370239,S2-168672631,S3-472638502,S3-124439387
S1-174524738	S2-929962872,S2-647270573,S2-848559099,S3-149380367,S3-396071856
S1-174534378	S2-102346227,S2-838376800,S2-914566688,S3-21924630,S3-812177409,S3-225112705
S1-17453738	S3-992648861
S1-174588955	S2-712790446,S3-129508518,S3-949987866
S1-174602700	S2-509585228,S3-227289145
S1-174716979	S2-696096271,S3-299775842,S3-992116164
S1-174730197	S2-632965981,S2-283869608,S2-769968317,S3-609376932
S1-174850844	S2-614034500,S2-11508913,S3-26671792
S1-175045025	S2-84164552,S2-255720053,S3-547261
S1-175106946	S2-787834944,S2-98026406,S3-262323557,S3-821229465
S1-175210565	S2-297351244,S2-743532659,S3-241653471
S1-175248555	
S1-175315093	
S1-175346942	S2-613386006,S2-396357867,S2-915882258
S1-175586370	S2-359147196,S2-686031379,S3-707961662
S1-175601580	S2-980483639,S2-391740076,S3-629309462,S3-34623181,S3-364953503
S1-175621836	S2-408467879
S1-175634966	S2-815829547,S3-44337559
S1-175691907	S2-591608596,S3-659869648,S3-480540411
S1-175699128	S2-738414064,S2-210863415,S3-875027788,S3-27865460,S3-113101888
S1-175714925	S2-214534963,S3-504521276,S3-89980178
S1-175745869	S2-59875497
S1-175769492	
S1-175795888	S2-278292276,S2-422397868,S2-535473884,S2-162379928,S2-416264052,S3-51108168
S1-175819425	S2-343304811,S3-280675778,S3-865570641,S3-207440070,S3-185409013,S3-573613691
S1-175823854	S2-688228169,S3-526823019
S1-175892482	S2-458309697,S2-645272534,S3-707268751,S3-939367521,S3-733569247,S3-859670153
S1-175948042	S2-497049106,S2-155443558,S3-833876214,S3-962245564,S3-789256321
S1-17594892	S2-899107024,S2-148781749,S3-248745224,S3-762167494
S1-175961840	S2-778846012,S2-32892146,S2-196840499,S2-132710191,S2-98426633,S3-344479834
S1-175976294	S2-358947205,S3-323645067
S1-175995158	S2-450733304,S3-28089259
S1-176016162	S2-817369622,S2-507305974,S3-894550352,S3-48483525
S1-176042709	
S1-176130264	S2-248959547,S2-954963625,S2-731396225,S3-69318052,S3-266664697
S1-176161280	S2-886833223,S2-814021872,S2-291786048,S3-994586090,S3-725496229,S3-332538763
S1-176184574	S2-198384939,S3-583798451
S1-176205673	S2-763000608,S2-268061199,S2-357629817,S3-658380744,S3-865720958,S3-251168836
S1-176436577	S2-722314788,S3-47211498
S1-176445570	S2-370990249,S3-833522235,S3-359498585
S1-176465568	S2-948178989,S2-667440087,S3-830196837
S1-176499331	S2-740149766
S1-176509387	S2-736012636,S2-171276203,S2-874213029,S3-42901658,S3-890569731,S3-140789229,S3-442414442
S1-176519257	S2-600372761,S2-123591752,S2-410859822,S2-197302227,S3-730521804
S1-176533099	S2-630537275,S2-609591223,S3-240254074
S1-176642086	S2-903507183,S2-821371392,S3-689918604
S1-17672320	S2-955499420,S2-443842541,S2-408020215,S2-468111596
S1-176738507	S2-995563166,S3-708909177
S1-176783397	S2-59921192,S2-7772110,S2-342126996,S3-854555236,S3-942453369
S1-176890456	S2-326919530,S2-612338130,S3-628537689,S3-48923185
S1-176895558	S3-172218616,S3-869823559
S1-176924585	S2-235516808,S3-641295547,S3-344379112
S1-177177315	S2-567580738,S3-591923369
S1-177195917	S2-698336824,S3-688675107,S3-399604596
S1-17729388	S2-284994459,S3-216523219,S3-958155379
S1-177393903	S2-804869421,S2-518081714,S3-376548363,S3-407211167
S1-177407490	S2-369761881,S3-879839111,S3-713414442,S3-519702857,S3-707273712
S1-177413823	S2-67253609,S2-852692895,S2-186607928,S2-696696800,S3-533217106
S1-17742107	
S1-177471665	S2-841778239,S3-864926696,S3-70231100
S1-177685510	S2-37434337,S3-527837099
S1-177768590	S2-101890798,S2-720453694,S3-142122532,S3-375761862
S1-177769233	S2-81851029,S2-121922081,S3-883600740
S1-177770656	S2-90364471
S1-177811837	S2-435873045,S3-455753617,S3-142101096
S1-177897842	S2-293842238,S2-949040746,S3-406044731,S3-774062465,S3-654340552,S3-407870767
S1-177946321	S2-126129233,S2-632469337,S3-211880966,S3-277049249,S3-249356380,S3-372927924,S3-109517752
S1-17796141	S2-47777091,S3-843885538
S1-178078892	S2-341517993,S3-248840018,S3-884755841
S1-178133018	S2-454957408,S3-796772943,S3-370995307,S3-877146799
S1-178143865	S2-84201043,S2-221722245,S2-838472199,S3-338603815
S1-178148972	S3-602473360,S3-915998778
S1-178236308	S2-312173941,S2-628023520,S3-158801990
S1-17824936	S2-554699266,S3-613799179
S1-178329700	S2-240868876,S2-659288585,S3-35958160,S3-455804362,S3-589133767
S1-17834387	S2-98733178,S3-337581852
S1-17834977	S2-821046977,S2-590372559,S2-821968273,S3-450365107,S3-5637510
S1-178387806	S2-164055604,S2-302385226,S2-931243202,S3-308145811,S3-154681435
S1-178451407	S2-909983731,S3-684890394,S3-105679718,S3-7543756
S1-178451492	
S1-178530748	S2-943855194,S2-910926801,S2-864144119,S2-269829701,S3-845559213
S1-178639008	S2-80741548,S2-391336946,S2-834410001,S2-341201762,S2-197651738,S3-594028099
S1-178643559	S2-232863391,S3-544812534,S3-114245189,S3-119692273,S3-906570498
S1-178647211	S2-971338039,S2-271773141,S2-314674300,S3-411861384
S1-178648	S2-132067916,S3-376394554
S1-178758107	S2-476372958,S3-248013238
S1-178781610	S2-637937964,S3-204519218
S1-178796917	S2-132220307,S3-464459167,S3-118482813
S1-178827402	S2-763297954,S2-60176926,S2-737487410,S3-624644346,S3-524956627
S1-178836325	S2-173329699,S2-831603141,S2-192779856,S2-324008725,S3-879166161,S3-586849275
S1-17886712	S3-40219561,S3-159444452,S3-658019939,S3-563016225
S1-178930016	S2-642222094,S3-981931251,S3-670978928,S3-162944887
S1-17896158	
S1-178981023	S2-230098587,S3-136487711,S3-374807450
S1-179012713	S2-864158214,S3-412858434,S3-544556150,S3-897054901
S1-179032193	S2-79783593,S3-94139495,S3-678760857,S3-982784953,S3-581796081
S1-179061969	S2-940736793,S2-214869767,S3-266440006
S1-179095580	S2-860644279,S2-558996605,S3-213553893,S3-980649739,S3-81626466
S1-179130199	S2-338272682,S2-511619936,S3-105833243
S1-179208529	S2-361515187,S2-911184635,S3-308316988
S1-179224414	S2-460539120,S2-547120803,S2-880893656,S3-976095940,S3-604146650
S1-179225076	S2-679580056,S3-894222632,S3-385979624,S3-67039570
S1-179247147	S2-71300334,S2-255916177,S2-24493224,S3-1248932,S3-356702892
S1-179397305	S2-672475801,S3-115658101,S3-857425204
S1-179421355	S2-29562792,S2-598247314,S2-385650081,S2-771585575,S3-32282610
S1-179492944	S2-203721873,S2-479747601,S2-158606915,S3-529078704
S1-179501497	S2-719638153,S2-919463735,S3-137452969,S3-627752976
S1-179539409	S2-229241603,S3-678833857
S1-179573562	S2-683980299,S2-678936703,S2-637204110,S3-761675653,S3-705999371,S3-94017647
S1-179574820	S2-477990274,S2-958100498,S3-774764162,S3-501875453
S1-179645754	S2-961354522,S2-880268488,S2-604056351,S3-378678009
S1-179667079	S2-252604503,S2-887161238,S2-21587458,S2-251912566,S2-8508190,S3-85125501
S1-179697636	S2-175300064,S2-282165364,S3-835276111,S3-463013912
S1-179759122	S2-424829566,S3-316350335
S1-179842786	S2-965563787,S2-640841455,S2-62973664,S3-316986259
S1-179881748	S2-299895049,S2-946566385,S3-60303777,S3-847351690,S3-216040979
S1-179943655	
S1-179984251	S2-368959438,S2-758914748,S2-786909691,S3-349497364,S3-120587369,S3-943895281
S1-180019384	S2-592030292,S2-645139028,S2-652733365,S2-440398412,S3-436882745,S3-102949126
S1-180047468	S2-512171195,S2-587920758,S2-811321953,S3-941486819,S3-532325145,S3-162526832
S1-180053748	S2-273250217,S2-579577534,S3-206616086,S3-18179588
S1-180182027	S2-263605670,S2-91171486,S2-933262977,S3-550086399,S3-29811166,S3-592671923,S3-252334690,S3-281975886
S1-180201951	S2-321036651
S1-180245640	
S1-180299174	S2-389306765
S1-180363215	S3-453250787,S3-519292536,S3-493678522
S1-180369686	S2-657085628,S2-792442630,S2-366921117,S3-135366217,S3-8671129
S1-180388454	S2-605672041,S3-21979780
S1-18039263	S2-919935870,S2-517604541,S2-815610601,S3-692925069,S3-140786356
S1-180401138	S2-128239695,S3-106011508,S3-711490391
S1-180421597	S2-775262626,S2-250906505,S2-578316484,S3-174238260
S1-180440309	S2-86352203,S2-16350111,S3-981964470
S1-180630041	S2-799977219,S2-913540642,S3-642861789
S1-180636287	S2-907122149,S2-237670327,S3-65699140
S1-180668440	S2-115064752,S3-987592769,S3-596103744
S1-180675124	S3-795783357,S3-881238693
S1-180869874	S2-499109457,S2-706288889,S2-941329904,S3-661988525,S3-288043733,S3-667912863
S1-180991117	S2-324660340,S3-716524285
S1-180992589	S2-251598193,S3-173019176,S3-67823993,S3-511254891
S1-181017376	
S1-181222164	S2-426967662,S2-183541344,S3-282961816
S1-18124419	S3-270428792
S1-181305367	S2-396185961,S3-741233997,S3-844453773
S1-181344495	S2-30537363,S3-39597763,S3-912216625,S3-921939347
S1-181424717	S2-120166832,S2-733717312,S2-752731164,S2-61194997,S3-640348265
S1-181428415	S2-256178653,S2-609383005,S3-45721725
S1-181477657	S2-80005993,S3-921593101
S1-181491265	S2-764567809,S2-782864426,S3-997073453,S3-893132208
S1-181551913	S2-371907192,S2-447242241,S2-188479539,S2-883407283,S2-196216885,S3-754275205,S3-304495820
S1-181596283	S2-353539131,S2-637239420,S3-712794080,S3-147666561
S1-181603076	S2-716106198,S3-581426882,S3-899532804
S1-181625136	S2-1876007,S3-619649635,S3-758744342
S1-181630015	S2-294249146,S2-783739001,S2-942043065,S3-125959937
S1-181638716	S2-874036252,S3-547208255,S3-423815144
S1-181651855	S2-913847768,S2-374414212,S3-256438144
S1-181675670	S2-355537716,S3-331598285,S3-440056884,S3-768094749
S1-181677405	S2-379002558,S3-225600981
S1-181768827	S2-512284608,S2-107369565,S2-953990261,S3-336700928
S1-181829509	
S1-181900	S2-628625648,S2-420306149,S3-392598672,S3-851532554
S1-181926945	S3-869217863,S3-172832095,S3-65274121
S1-181931632	S2-349995660,S2-703334277,S3-6590826
S1-18194144	S3-480768776,S3-820608601,S3-427610767
S1-181942695	S2-768343386,S2-872506966,S2-721898285,S3-257481757
S1-182030043	S2-915426218,S3-739761332,S3-269211158,S3-739322206
S1-182136219	S2-382287537,S2-675626769,S3-801395754
S1-182279319	S2-440870174,S2-319855162,S2-61107201,S3-943233052
S1-182282612	S2-498589632,S2-188437071,S3-159355164,S3-501876720,S3-598014500
S1-182355563	S2-742835668,S3-468542195,S3-313950560,S3-899995320
S1-182373790	S2-765756529,S2-343811236
S1-182451738	S2-674003487,S3-975868928
S1-182459951	S2-146725833,S2-592088901,S2-553131507,S3-677386082,S3-238019903,S3-947756618
S1-182529293	S2-732796158,S2-69133066,S2-555931650,S3-967486135,S3-494304997
S1-182542159	S2-658744619,S2-716194831,S3-915840343
S1-182544799	S2-62133773,S2-238880043,S2-867146455,S2-118797631,S2-890668188,S3-668310984,S3-608284769
S1-182572987	S2-552362739,S2-473117448,S3-665271027,S3-99845143,S3-418326338,S3-851258941
S1-182574142	S2-586196402,S2-919010356,S3-795873019,S3-147750631,S3-623523529,S3-177466037
S1-1826031	S2-846691314,S2-595719075,S2-532511815,S2-908593262,S3-789846852,S3-69640769
S1-182665282	S2-939659264,S2-637104687
S1-182742734	S3-901342046
S1-182788936	S2-940247753,S3-750396880,S3-916069014
S1-182837374	S2-256069686,S3-475131236
S1-182841946	S2-928167407,S3-916419539,S3-388031011,S3-876084791
S1-182844450	S2-207630697,S3-161447963,S3-714966794
S1-182914628	S3-719401857
S1-182918922	S2-554788905,S2-127061311,S2-740541039,S3-248214252,S3-504353028
S1-182923506	S2-25984684,S2-650924191,S3-559784156,S3-535070290
S1-182978020	S2-272792421,S3-554759791
S1-183003559	S2-692841669,S3-78755867,S3-645883879,S3-193392913,S3-656195857
S1-183065314	S2-243511187,S2-963695445,S2-739120913,S2-724868897,S3-952057440,S3-638124370,S3-219116677,S3-655680929
S1-183083933	S2-958692599
S1-183110334	S2-347671893,S2-343282154,S2-545013569,S3-659164370,S3-637888595,S3-43973248
S1-183127940	
S1-183178941	S2-844011919,S2-935096855,S3-448149218,S3-730176744
S1-183338942	S2-566256115,S3-559697772,S3-216106452,S3-448947163
S1-183365490	S2-808548228,S3-898141185
S1-183425328	S2-54796439,S2-923828832,S3-167936868,S3-550899104,S3-595793688
S1-183452036	S2-425134803,S2-355959087,S3-242204323,S3-53746955
S1-183501507	S2-506035862,S2-269044731,S2-773091483
S1-183735179	S2-870831522,S3-452504930,S3-546254775
S1-183811083	S2-407703264,S2-27832815,S3-4550955,S3-338205700
S1-183848387	S2-291873562,S2-287772123,S3-752192013,S3-539150282
S1-183926238	S2-500159735,S3-254545757
S1-183932372	S2-979519639,S3-250932511,S3-361374081
S1-184064230	S2-479084528,S2-184412140,S2-83139841,S2-248039138,S3-333101254,S3-440138780
S1-184133139	S2-40360011,S2-681373995,S2-117578491,S3-126092796
S1-184246190	S2-147556916,S2-910293691,S2-500807642,S3-680007954
S1-184298748	S2-184442244,S2-53500449,S2-295131981,S3-667217031,S3-796153225,S3-354287521
S1-184351014	S2-59690069,S3-740138986,S3-257915492,S3-889417632,S3-858662372,S3-795063624
S1-184362185	S2-400798337,S2-54735763,S3-894665813,S3-283937568,S3-144787332
S1-184438003	
S1-184547261	S2-38566873,S3-655292823,S3-241315239
S1-184757261	S3-447443842
S1-184896439	S2-320150801,S2-559123580,S2-570065933,S3-290524956
S1-184994460	S2-5972249,S2-830090494
S1-185010166	S2-809743868,S2-643976119
S1-185022701	S2-326373772,S2-297877376,S3-715637819
S1-185077606	
S1-185370056	S2-277807235,S2-680621893,S3-930349412,S3-86341559
S1-185372616	S2-253384634,S2-642476337,S2-198125092,S3-911746175
S1-185433637	S2-911137944,S3-386232758,S3-61680833
S1-185443989	S2-37533334,S2-224254342,S2-973771762,S2-369052535,S3-93388571,S3-589772305,S3-154730421
S1-185460603	S2-129475066,S3-220602425,S3-549030002
S1-185510153	S2-715315419,S3-184219343,S3-770766971,S3-82024201
S1-18553535	S2-640920594,S3-114446387
S1-185597860	S2-307658542,S2-876635386,S2-303144955,S2-897026689,S3-738014578
S1-185617927	S2-960766258
S1-18574119	S3-3411422,S3-142937014,S3-363354623,S3-869803933
S1-185792899	S2-476946692,S3-914566775,S3-125265866
S1-185944637	S2-884116254,S3-462706411,S3-336417810,S3-410968391
S1-186106848	S2-197417886,S2-726267761,S3-639067605
S1-18613290	S2-630594480,S2-141522306,S3-105199877,S3-402287665,S3-257155217,S3-443016614,S3-465297258
S1-186210691	S2-322272846,S2-267519888,S3-521753822,S3-371610219
S1-18623892	S2-264774738,S2-302607396,S3-606283655
S1-18629074	S3-459529404,S3-674163290,S3-556930980
S1-186472663	S3-169767171
S1-186484547	S2-738769153,S3-485753711
S1-186706040	S2-302939210,S2-826878606,S3-295243524,S3-541102909,S3-241805738
S1-186749051	S2-950350061,S3-965269220,S3-252319832
S1-18679755	
S1-186817890	S2-831231476,S2-736032235,S3-40356909
S1-186889730	S2-422378143,S2-469855892,S3-760212448,S3-166846283
S1-186898863	S2-64509888,S3-338216085,S3-865518469,S3-360247447
S1-186918585	S2-501875920,S3-908065932,S3-249505137
S1-186970871	S3-833221267,S3-987133148,S3-112505771
S1-18698511	S2-207252106,S2-24538122,S3-53304011,S3-373078828,S3-240595947
S1-18704625	S2-124071516,S3-489642973,S3-12302801
S1-18706057	S2-78255934,S3-12520576,S3-871552543
S1-187081205	S2-201883709,S2-136978538,S2-36655793,S2-266176102,S3-245252656
S1-187124272	S2-361288227,S3-812473947,S3-682287608
S1-187257159	S2-463650543,S2-40532846,S2-946854046,S3-983277259,S3-541766704,S3-778068890
S1-187265326	S2-126909878,S2-919659852,S3-971919268,S3-347855719,S3-932991599
S1-187315835	S2-272088039,S3-616263104,S3-644609012,S3-610207716
S1-187379926	S2-617293632,S2-77049789,S2-369965561,S3-52699029,S3-81050919
S1-187392030	S2-398964962
S1-187675282	S2-977183028,S2-340773189,S3-736145415,S3-616248836
S1-187747099	S2-317868023,S3-581950911
S1-187791945	S2-123526156,S2-230503456,S2-336922579,S3-343815494,S3-41753783,S3-613320519
S1-187934814	S2-839050741,S2-271332003,S2-936497816,S3-454264286,S3-401167422,S3-411207541
S1-188065317	S2-615506399,S3-977334319,S3-322390527
S1-188090162	S2-530781672,S2-146577760
S1-188108615	S2-127384143,S2-66135425,S3-485032698
S1-188167048	S2-404822269,S3-645880052,S3-636754129,S3-422196446
S1-188168630	S2-110850835,S3-92368242
S1-188182139	S2-792379809,S2-11685964,S3-840938856,S3-250752617,S3-937630639,S3-914588146
S1-188199273	S2-240276603,S3-406487581
S1-188213037	S2-16763696,S3-970796868,S3-877541623,S3-937040792,S3-85148748
S1-188256336	S2-915421120,S3-497979700
S1-18833614	S2-342624568,S2-887506973,S2-283735485,S3-863636253,S3-965539604,S3-799412882
S1-18857174	S2-246318186,S2-38386106,S3-606015695
S1-188584921	S3-996312656
S1-188670559	S2-628464837,S3-655329886,S3-740600641
S1-188828679	S2-815428010,S2-932462698,S2-168054425,S3-142530714,S3-119133140,S3-851104693
S1-189046664	S2-681700260,S3-946768090
S1-189095427	S2-517694471,S2-603847288,S3-767978388
S1-18912933	S2-247721143,S2-563054634,S3-322580502
S1-189249355	S2-57548224,S3-853499470,S3-684400653,S3-888166637
S1-189306199	S2-170508263,S2-195821231,S2-372165635,S2-731993090,S3-631369962,S3-468173787
S1-189330844	S2-237767186,S2-327748534,S3-695368400,S3-801669338
S1-18933433	S2-774833527,S3-953956578,S3-802184126
S1-189423073	S2-849564329,S2-387842634,S3-692436794
S1-189427284	S2-377474959,S3-234731688,S3-460432688,S3-24416420
S1-189427656	S2-186185163,S2-237265765,S3-881046728
S1-189445249	S2-775010134,S3-426020662
S1-189462561	S2-411527181,S2-83045394,S3-339172085,S3-752895472
S1-189554372	
S1-18955622	S2-10940127,S2-817024234
S1-189591412	S2-227044612,S2-21473493,S3-508713753,S3-921067571,S3-111732804
S1-189593300	S2-832543971,S2-112228770,S3-43807434
S1-189601449	S2-957490778,S2-895962973,S3-463213882,S3-998212983
S1-189618357	S2-803988614,S2-834700053
S1-18964646	S2-749864340,S2-906347701
S1-18967974	S2-541619645,S3-762879998
S1-18976967	S2-154453333,S2-161452614,S3-688223341
S1-189863899	S3-845033659,S3-865090067,S3-963548681
S1-189879428	S2-967511954,S2-863422920,S2-936542438,S3-777843409
S1-190009517	S2-293156805,S2-942337728,S3-300597723
S1-19005796	
S1-190142472	S2-242409894,S3-162467272
S1-190150008	S2-792363959,S3-461576811,S3-520289789,S3-79281410
S1-190269237	
S1-190273483	S2-388145182,S2-654182389,S2-313851275,S3-863949905
S1-190340180	S2-202289447,S2-40984985,S2-142441302,S3-851326248
S1-1903647	S3-491354518
S1-190375347	S2-932639643,S2-995937806,S2-199785656,S3-230650190
S1-19045880	S2-891867127,S3-274714025
S1-190629241	S2-477475451,S2-175381352,S3-210264469
S1-190755813	S2-438966666,S3-650799614,S3-230805121
S1-190783428	S2-673170446,S2-10131951,S2-397448069,S2-357746394,S3-503651935,S3-649761277
S1-190834340	S2-910688987,S3-833371682,S3-502207957,S3-468555246
S1-190865162	S2-66424418,S2-659381728,S3-169211592
S1-190947178	S2-636207614,S3-866293367,S3-883766458,S3-798546638
S1-190949236	S2-71838208,S2-411893054,S3-84314397,S3-270895951
S1-190949592	S2-633074537,S3-560825560,S3-399691723,S3-160614975,S3-825070607
S1-190949664	S3-695444163,S3-83229199
S1-191003618	S2-76632313,S3-393165627
S1-19101480	S2-564711647,S2-964477274,S2-651418635,S2-627765689,S3-891120016,S3-106779205
S1-191046892	S2-165545535
S1-191055892	S2-537164442,S2-394620420,S2-694081262,S2-502193624,S2-423175429,S3-334204867,S3-442420209
S1-191126850	S2-533709024,S3-885333407,S3-151662104
S1-191309686	S2-84361403,S3-339123807,S3-22623080
S1-191370560	S2-434858042,S2-168483070,S3-38569526,S3-219554986,S3-942502740
S1-191390927	S2-255503120,S3-613736152,S3-352529380
S1-191439942	S2-286945340,S2-832780521,S2-52306441,S2-920839783,S3-943141099,S3-175301809
S1-191446105	
S1-191557880	S2-919132767,S2-692125910,S3-81887213,S3-187194642
S1-191592108	S2-111479484,S2-618816131,S2-250292895,S2-365519295,S2-436055111
S1-191599763	S2-978370381,S2-540959248,S3-812171611
S1-191658570	S2-344737873,S3-207960010,S3-517289182
S1-191662957	S2-843673125,S2-70154204,S2-181625297,S3-903059707,S3-780822014,S3-523675318
S1-191766130	S2-746212255,S2-776192906,S2-184145241,S2-587355584,S3-645956007,S3-396278688
S1-191916251	S3-437487288,S3-930948621
S1-191917454	S2-488121182,S3-816521083
S1-191996597	S2-278036642,S2-533578415,S3-125277075,S3-906179787
S1-192032968	S2-649707893,S3-707893421,S3-676559785
S1-192070165	S2-573539439,S3-712770552,S3-801531769
S1-192208894	S2-246660636,S2-481136940,S2-219952852,S3-665374229
S1-192211257	S2-508236226,S2-733789535,S2-415245594,S3-272602174,S3-563661620
S1-19221742	S2-917858005,S3-783527800
S1-192242419	S2-825342087,S2-171235833,S2-104291879,S3-8945100
S1-192287511	S3-23801124,S3-463679254
S1-192306736	S2-575183452,S2-862883149,S3-448024011
S1-192320245	S2-111504698,S2-524667048,S2-133160871,S2-560334002,S2-229604715,S3-543781264
S1-19233123	S2-377306529,S3-130125545,S3-259425557,S3-352015567
S1-192333275	
S1-192459981	S2-506926416,S3-26260052,S3-823422287,S3-322634441,S3-317649196
S1-192469802	S2-491456577,S2-558348136,S2-297040682,S2-225134109,S3-382323892,S3-434473897,S3-222892418
S1-192517956	
S1-19252953	S2-893108988
S1-192575107	S2-52206544,S2-243037269,S3-356704905,S3-319981087
S1-192638913	S2-28295176,S2-352243497,S3-241557118
S1-192652793	S2-690116947,S2-405586944,S3-625765472,S3-180489195
S1-192708346	
S1-192771348	S2-74264924,S3-605483295,S3-573932660
S1-192773478	S2-397628978,S3-844825402
S1-193016594	S2-545895205,S2-212878580,S2-10898374,S2-153020282,S3-999034346,S3-692583203,S3-781032807
S1-193032473	S2-693173346,S2-887761493,S3-594181171
S1-193090456	S2-972137739,S2-899018358,S3-11460370,S3-724846865,S3-611074942
S1-193153189	S2-794413198,S2-301924702,S2-97759151,S3-520013581
S1-193168492	S2-142394770,S3-677835597
S1-193176209	S3-234415815,S3-597788249
S1-193191606	
S1-19323745	S2-669248381,S2-8902073,S2-410215416,S2-939462357,S3-771458533,S3-316103969
S1-193367960	
S1-193532338	S2-865170748,S2-742829593,S3-990639278,S3-633592998,S3-179980124
S1-19357568	S2-266731969,S2-775205794,S2-278372364,S2-48454617,S3-327969391,S3-205413532
S1-193594726	S2-168824399,S2-765979365,S2-129979052,S3-49566923
S1-193657645	S2-602940780
S1-193673699	S2-24424868,S3-250761186,S3-942965133,S3-780966188
S1-193732707	S2-833998565,S2-922630826,S2-812430257,S3-706857635,S3-249747294
S1-193817911	S3-80126492
S1-193875254	S2-411471032,S2-602180419,S2-266791614,S3-543040642
S1-19390943	S2-449854281,S2-583822590,S3-738234877
S1-193970808	S2-428758916,S3-246285755
S1-194024460	S2-378177034,S2-320269296,S3-540073331,S3-248975720,S3-733020533,S3-227757148
S1-194125965	S2-443914946,S3-584665619,S3-542115311
S1-194167787	S2-590398831,S2-304081405,S2-579315888,S2-794385050,S2-356082543,S3-559364332,S3-656575803,S3-614244866,S3-963935123
S1-194268715	S2-464551938,S2-689644085,S3-605880686,S3-369923799
S1-194449965	S2-513837381,S2-615561437
S1-194473136	S2-516185473,S3-362117830,S3-370743426,S3-777276682,S3-309249146
S1-194495692	S2-71582092
S1-194535129	S2-535230175,S2-673117612,S3-918026150
S1-194640453	S2-622694108,S2-360344834,S3-500697001,S3-729247128
S1-194769747	S2-460271662,S3-184899914,S3-432189582,S3-284157165,S3-304209676
S1-194802557	S2-42307360,S3-213588727,S3-104039985
S1-19484378	S2-23746528,S3-984676929,S3-127684423
S1-19484870	S2-841540237,S3-374168368,S3-18151556,S3-271916798
S1-194880865	S2-891967830,S2-278488024,S3-73984260,S3-128308473,S3-783658166
S1-194919367	S2-117926271,S2-247464617,S3-221214721,S3-342649772,S3-599352983,S3-31421883,S3-446319782
S1-194924926	S3-761421404,S3-223176338,S3-760946583
S1-19500882	S2-476335319,S3-628521655,S3-960997367,S3-481052304
S1-195048847	S2-483859174,S2-371646938,S2-76296122,S2-165776178,S3-691186256,S3-722077736,S3-634629808,S3-100479085
S1-195059148	S2-90391605,S2-477448332,S3-17946112,S3-172388400,S3-951861298
S1-195065588	S2-80369346,S2-377491673,S2-257721685,S2-411910098,S3-210088598
S1-195083361	S2-821514056,S2-512468509,S2-940400002,S3-780419984,S3-482697680,S3-974339260,S3-677446215
S1-195108149	S2-514155448,S3-699688158,S3-154772442
S1-195126603	
S1-195171358	S2-107210196,S2-842420750,S3-547489473,S3-457953201
S1-195185666	S2-48153074,S2-45549155,S2-175508620,S2-58153760,S3-685483214
S1-195350699	S2-82698733,S3-362298486
S1-195411	S2-222287440,S3-926834093,S3-251323353,S3-659713103
S1-195531085	S2-170735472,S3-668899673,S3-342147863
S1-195554892	S2-235505181,S3-506175454,S3-190114485,S3-270095136
S1-195604547	S2-483557057,S2-312176718,S3-837844510,S3-616413795,S3-903516608,S3-357693161
S1-195620125	S2-421900886,S3-927227162,S3-597610202,S3-242409294,S3-187198370,S3-262376999
S1-195661383	
S1-195663138	S2-989620458,S3-349083351,S3-880399551,S3-254901902,S3-679752464
S1-195731533	S2-27511399,S3-618629826
S1-195751649	S2-155629703,S2-645320422,S3-144021643,S3-99241498,S3-677999489
S1-19586616	S2-865809925,S2-451605014,S2-664237434,S2-800974759,S3-484591593
S1-195871319	S2-284529160,S2-90792000,S2-847728204,S3-322890814
S1-195919008	S2-518022437,S2-634471876,S2-851855103,S3-142997901
S1-196052473	S2-273510831,S2-351019386,S2-209514048,S3-111675775
S1-196082999	S2-865339812,S3-735826093,S3-767707451
S1-196166247	S2-160303406,S3-293415570,S3-536432928,S3-238172229
S1-196191084	S2-960878448,S3-576137751
S1-196199744	S2-795509818,S2-94109800,S3-619895571,S3-923832868
S1-19627253	S2-674563197,S3-19596361
S1-196322478	S2-865005055,S3-29340193,S3-763527713
S1-196465949	S2-531992041,S2-570695212,S2-777699317,S2-256585660,S2-319922611,S3-271784563,S3-875595208
S1-196497361	S2-847831993,S2-964460466,S3-724917925,S3-340371680
S1-196504445	S2-913114415,S2-152633831,S3-726648316,S3-904912920,S3-640313808,S3-298157649,S3-471838802
S1-196529610	S2-203538562,S2-774465510,S3-897739487
S1-196814870	S3-937034490,S3-151972636
S1-196824595	S3-397072548
S1-196867239	S2-829126138,S3-128517666
S1-196876476	S2-283795712,S3-805666090,S3-651263655
S1-196906652	S2-948835543,S2-586445708,S3-842405613,S3-333733413
S1-196984422	S2-283967073,S3-333020429
S1-196985343	S2-808994529,S3-338203538,S3-313116020,S3-979759645
S1-196996773	S2-638841986,S2-515067195
S1-197020565	S3-819129430,S3-597282795
S1-197071918	S2-556684064,S2-527017880,S2-732234296,S3-705012546
S1-197107142	S3-855582198,S3-480363561,S3-239252051
S1-197303653	S2-962936099,S3-490219949,S3-926262844
S1-197407148	S2-155400289,S3-218256327,S3-97208867
S1-197461540	S2-226499346,S2-868095965,S2-543048715,S3-248542629,S3-39384379
S1-197471451	
S1-197479195	S2-450806653,S2-683520388,S2-50032797
S1-19767057	S2-306256179,S2-310215065,S3-287324416,S3-253402228,S3-245761031,S3-943453343
S1-197869731	S2-437298861,S3-80399562
S1-197916557	S2-170195608,S2-669519310,S3-499262057
S1-197948593	S2-861411505,S2-157694150,S2-962626595,S2-421930695,S3-104599192,S3-687866517
S1-197966779	S2-790048898,S3-508042565,S3-392451122
S1-198058016	S2-765335094,S3-841771324,S3-758629907
S1-198080218	S2-666924236,S2-952591605,S3-97978850,S3-23532693
S1-198090708	S3-105920542,S3-339902503
S1-198118901	S2-467246719,S3-251123525
S1-198148111	S2-204261459,S3-293764411,S3-789613824
S1-198162626	S3-446445907
S1-198184133	S2-475111876,S3-530762014,S3-690120224,S3-562118834
S1-198191517	S2-444580170
S1-198235164	S2-709311771,S3-421633953,S3-455754043
S1-198358210	S3-404171823
S1-198391007	S2-390493621,S2-370419751,S3-223631040
S1-198414206	S2-762016356,S2-143230503,S3-700895257,S3-590920605,S3-623038027,S3-652809561
S1-198479814	S2-825667317,S2-461493919,S3-671159773
S1-198503764	S2-933707463,S3-995694402,S3-236873617,S3-368893772
S1-198594533	S2-658564631,S3-577775810
S1-198608726	S2-241164596,S3-731903101,S3-570976102,S3-582236607,S3-847013620
S1-198608786	S2-929153159,S2-319319794,S2-874005721,S3-226934034
S1-198735703	S2-641621437,S2-287171361,S2-861952506,S3-201892099,S3-473355614,S3-304988276,S3-948133007
S1-198869318	S2-428417668
S1-19892859	S2-385163098,S2-660349670,S2-93843991,S2-963318567,S3-301685226,S3-736712282,S3-757038240
S1-199034542	S3-838098615
S1-199047362	S2-328263633,S3-510432874,S3-825483649,S3-60433583
S1-199053152	S2-775552028,S2-980398875,S3-919117371,S3-694435610,S3-402271451
S1-199077474	S2-306747076,S2-918331272,S2-785513062,S2-412057496,S3-616200060,S3-589901064,S3-252085575
S1-199101921	S2-88175150,S2-113059770,S2-226832876,S3-377489714,S3-540261672
S1-199135328	S2-214389522,S3-546359869,S3-567291967
S1-199139557	S2-403097852,S3-846189992,S3-473321851,S3-788082479
S1-199140600	S2-473882389,S3-160942402,S3-892869441,S3-722059616
S1-199147377	S2-610986122,S2-33745310,S2-435416350,S3-421182999,S3-284356109
S1-199162659	
S1-199331751	S2-111359718,S2-568986081,S3-169132044,S3-179943228,S3-262861087
S1-199380008	S2-283715158,S3-399852415
S1-199385118	S2-738943932,S2-736826046,S2-101459767,S3-668721018
S1-199405335	S2-134897531,S2-702703127,S2-568415084,S3-658429363,S3-903479549
S1-199602436	S2-365411255,S2-849178060,S3-648177069
S1-199614968	
S1-199678093	S2-631020271,S3-759879274,S3-300329852,S3-116338763
S1-199760879	S2-768251247,S2-430302206,S2-182206580,S3-551098200,S3-445499945,S3-816087903
S1-199794310	S2-417887795,S2-399557660,S2-221220124,S3-697098235,S3-369571312
S1-199833157	S2-97269371,S3-245773867,S3-256527898,S3-684161164
S1-199992980	S2-425360587,S3-854365684,S3-589058188,S3-794967530,S3-389642709,S3-901658803
S1-200054077	S2-469037868,S2-985704165,S2-823769725,S3-193388824,S3-711626306,S3-879294595,S3-312555189
S1-200081607	S2-383354146,S2-384767196,S2-509728834,S3-606417872,S3-34997665,S3-218048620
S1-200102105	S2-709704886,S3-181123217,S3-496688677
S1-200284331	S2-22979394,S2-990703339,S2-964108018,S3-4659934,S3-923896018,S3-406964833
S1-200295620	S2-393798095,S3-194771744
S1-200333157	S2-315702127,S2-15169819,S3-367305307,S3-971426057,S3-549106077,S3-412378800
S1-200417722	S2-569959295,S3-644701938,S3-477842013,S3-736522054
S1-200465897	S2-467069664,S2-455586818,S3-13868953,S3-134725834
S1-200503416	S2-909412758,S2-659355637,S2-52722027,S2-719433220,S3-705696420,S3-246610946
S1-200513217	S2-43826943,S2-948306417,S2-48153050,S3-447268134
S1-20057280	S2-229703587,S3-514225464
S1-200592763	S2-196504480,S2-678147413,S3-333877287
S1-200715138	S2-207218407,S2-244866356,S3-718152613
S1-200739910	S2-404346799,S2-716625322,S2-662163829,S3-66570145,S3-610963931
S1-200816518	S2-111273991,S3-243409236
S1-200839335	S2-483758007,S2-698949533,S2-887995424,S2-44599534,S3-784571351,S3-616244974,S3-524597280
S1-20090523	
S1-200923250	S2-944099681,S2-542543628,S3-935753574,S3-433980147,S3-886771870,S3-344841848
S1-200964562	S2-632790665,S2-460281728,S3-562117123,S3-959642282,S3-911922091,S3-189912903
S1-20099094	S2-640558959,S3-367175615
S1-201028353	S2-649978111,S2-634710898,S3-349667969,S3-653844070
S1-201054907	S2-867675989,S3-214598976
S1-201074231	S2-489992599,S2-573931213,S2-282235209,S2-981596641,S3-441930631,S3-200811337
S1-201195460	S2-919105399,S2-961922834,S2-288069191,S2-362272579,S2-357056924,S3-179667107,S3-140674634,S3-403963850,S3-358686052
S1-201257062	S2-854967619,S3-296927537,S3-354838642
S1-201306747	S2-3957418,S3-555732494,S3-945914155
S1-201343443	S3-714766371,S3-736730310
S1-201352223	S2-636725237,S3-727381233,S3-503757680,S3-537491149
S1-201426015	
S1-201487729	S2-996817609,S2-167751940
S1-201524653	S2-197694082,S3-586148251,S3-590265998
S1-201620501	S2-191318292,S2-44620829,S3-941491368,S3-270736900,S3-382640456,S3-814286234,S3-2584913
S1-201671946	S2-551517591,S2-333634851,S3-994535185,S3-208428766
S1-201754499	S2-555101493,S2-145411768,S2-393445941,S3-344993521,S3-285270753
S1-201798176	S2-367913797,S2-657311695,S2-668697347,S2-770673169,S3-399215843,S3-248381291
S1-201814972	S2-465520221,S2-29736900,S2-93700144,S2-40370222,S3-386668243
S1-201827281	S2-428230326,S3-695525115,S3-523926399,S3-648307673,S3-184286571,S3-665215271
S1-201837532	S2-696330905,S2-965897637,S3-880573173
S1-201873973	S2-374923704,S2-961941373,S2-384350259,S2-419592716,S3-390916325,S3-102793201,S3-685092102,S3-879944078
S1-201900202	S2-139456019,S2-249812843,S3-462551276,S3-569607543
S1-201935405	S2-938958415,S2-614108548,S3-891664699
S1-201998157	
S1-202015030	S2-22262646,S2-877345783,S3-32761735,S3-441097765
S1-202054847	S2-744926032,S2-932494201,S2-819995833,S2-273750886,S3-25158547
S1-202104580	S2-125732005,S3-340051584
S1-20211582	S2-7334464,S2-169566680,S2-505878948
S1-20224030	S2-14203754,S2-488804569,S3-422876967,S3-803363850,S3-342751012
S1-202242951	
S1-202323690	S3-802176619,S3-363041960
S1-202375527	S2-883109473,S2-309896881,S2-743259660,S3-148102224,S3-61010600,S3-177575161
S1-202517380	S3-611898785,S3-494025760,S3-645098030
S1-202521027	S2-426138076,S3-689758879
S1-202538448	S2-267260624,S3-745245633
S1-202572225	S2-613660586,S3-973146054,S3-83025099
S1-20259359	S2-477729790,S2-776816075,S3-852941022,S3-445981017,S3-917864329,S3-49450017
S1-202643225	S2-679925513,S3-229248872,S3-623070647
S1-202650842	S2-653342346,S2-346289631,S3-610112784,S3-4899227
S1-202691728	S2-491971483,S2-458544085,S2-918155078
S1-202752533	
S1-202780011	
S1-202799643	S2-302593520,S3-719109235,S3-245203887
S1-202814178	S2-50484605,S3-94793099,S3-559000010
S1-20284821	S2-120672711,S2-944974340,S3-847889316,S3-178385647
S1-20289219	S2-888190365,S2-400486681,S3-827277591,S3-819000810
S1-202899558	S2-221741188,S2-496741438,S2-362869183,S3-171561638,S3-922263676
S1-202944960	S2-312587866
S1-202985667	S2-344174281,S2-266110557,S3-493518996,S3-840279955
S1-202993502	S2-829338465,S2-377807017,S3-67453652
S1-202999184	S2-903565563,S2-119379791,S3-990096798,S3-101552305
S1-203109559	S2-414322543,S2-367729971,S3-6767380
S1-203116060	S2-458027813,S3-156166806
S1-20313640	S2-433465809,S2-526268176,S2-721670535,S3-131867240,S3-251234748
S1-203152338	S2-577872371,S2-732954035,S2-255146830,S3-151127436
S1-203169184	S2-490471794,S3-64340468,S3-857243846
S1-203194738	S2-996044666,S2-751645008,S3-821330289,S3-740980753
S1-203201933	S2-94674627,S3-797203009
S1-203262272	
S1-203343385	S2-231855054,S2-100930032,S3-618399961,S3-985004146,S3-173693621,S3-144863489
S1-203531086	S2-770970834,S2-70224402,S2-64847556,S3-329933342,S3-64915820,S3-28137162
S1-203565900	S2-202952572,S3-349072461
S1-203611749	S2-3685968,S2-958995294,S3-919686733
S1-20362285	S2-439507790,S2-564898537,S3-383921467,S3-3504933,S3-266928487
S1-203623721	S2-361653872,S2-603681686,S3-784057243,S3-502803254
S1-20368525	S2-138173827,S2-55041758,S2-835721859,S2-380281579,S3-450513855
S1-20376092	S2-597812038,S2-73680891,S3-497262401
S1-203788821	S3-444453410,S3-444108042,S3-998278941,S3-744837456
S1-203830097	S2-659734170,S2-928125204,S3-2633602,S3-324245723,S3-554037494
S1-203883753	S2-804224944,S2-480209483,S2-645551406,S2-938996838,S3-509580432
S1-203922008	S2-566750614,S2-511002691,S2-515597178,S2-409750826,S3-902912585,S3-510763471
S1-203929853	S2-994875841,S2-236349875,S2-295691394,S3-632279081,S3-168836762
S1-204043950	S2-914223762,S3-812808615,S3-514695418
S1-204129511	S2-283739240,S2-810243216,S2-870479778,S2-359067222,S3-330039663,S3-572914523,S3-984737341
S1-204164625	S2-659844531,S2-941977408,S2-139438042,S3-863220310,S3-86689112,S3-884689029,S3-42526871
S1-204197779	S2-275083905,S3-271261586,S3-508188660
S1-204228426	S2-724478357,S2-144401839,S2-720250813,S3-958313864,S3-256837494,S3-762162650
S1-20423831	S2-710285726,S2-103108626,S3-4069201
S1-204281832	
S1-204293181	S2-251143888,S2-353199995,S2-481078823,S3-221302856
S1-204334905	S2-509907599,S2-950771301,S3-471557431,S3-962054090
S1-204399694	S2-211118600,S3-738288016,S3-646717391,S3-868030119
S1-204414823	S2-685629375,S2-45303222,S2-278664477,S3-580483634,S3-758800206,S3-385866624
S1-204503256	S2-135628827,S3-757968611,S3-896446319,S3-288092707
S1-204528893	S2-69220722,S2-580715212,S3-394796423
S1-204612205	S2-659822500,S2-766252629,S2-232453136,S2-487202346,S3-307293896,S3-150170633,S3-801007626,S3-757655787
S1-204654906	S2-541823396,S3-617705818
S1-204688322	S2-476183835,S2-605463462,S3-217576089
S1-204703387	S2-695770905,S3-583548894,S3-265059586
S1-204739109	
S1-204739345	S2-390827722,S2-667728112,S2-334169180,S3-301253098,S3-164452882,S3-621866371
S1-204763948	S2-961713425
S1-204770902	S2-983577677,S2-652125819,S2-94483640,S3-222128229
S1-204776076	S2-152035774,S2-913316607,S3-437162661,S3-877873320
S1-204807432	S2-309498140
S1-204845043	S2-558479800,S2-187736161,S3-516365439,S3-892841027,S3-934488650
S1-204847514	S2-74278289,S2-449390070,S2-826724027,S2-527059477,S3-328057672
S1-204905656	S2-37885459,S3-369017803,S3-778998495,S3-141581899
S1-204917949	S2-42650700,S3-256743591,S3-429170022
S1-205092077	S2-125480625,S2-843153290,S2-368772271,S3-922603089,S3-99168845
S1-205203715	
S1-205232127	S2-914133929,S2-533344553,S2-735113640,S3-773360823,S3-421562963
S1-205252	S2-640255401,S2-899424517,S2-759186413,S2-972746315,S2-419946475,S3-441669601,S3-679126320,S3-806965397,S3-673529822
S1-205287440	S2-627520554,S2-71921535,S2-231127404,S3-12720771,S3-475792916
S1-205289408	S2-190596846,S2-809951150,S3-15186628,S3-848440873,S3-202277639,S3-358992599
S1-205296691	S2-735482015,S2-890339920,S2-624179781,S2-823074036,S3-65102341
S1-205311008	S2-820456728,S3-931592272,S3-443406035,S3-357214496,S3-681190208
S1-205343181	S2-630878027,S2-123027941,S2-392512192,S3-828473461,S3-943667603,S3-306357445,S3-659154433
S1-205390807	S2-796858163
S1-205528710	S2-194031347,S3-425969876,S3-928834481
S1-205657240	S2-789298724,S2-636866638,S2-631767682
S1-205731992	
S1-205770329	S3-325795006,S3-459997826,S3-449706941
S1-205794077	S2-490601488,S2-977171016,S3-704753141,S3-43826698,S3-662144979
S1-205808045	S2-302415165
S1-205866170	S2-581835782,S2-227511880,S3-164332168,S3-229608508,S3-548331133,S3-399525883
S1-205872462	S3-341129898
S1-205876981	S2-697708395,S2-310065629,S3-967901412,S3-220733664
S1-205898074	S2-748043912,S3-927203216
S1-205922059	S2-145808314,S2-560431104,S3-573489807,S3-805836706
S1-205925354	S2-501155693,S2-321343500,S2-839217794,S2-518183165,S3-509721889,S3-110412343
S1-205974700	S2-80762570,S2-286721901,S2-190844302,S3-552466184,S3-495525810
S1-206047931	S2-862598014,S2-141031019,S3-376423762
S1-206204085	S2-158821898,S2-467405661,S2-746696712,S3-907933980
S1-206234168	S2-65362028,S2-168161652,S2-426183352,S3-441133910
S1-206260374	S2-227623367,S3-400304284,S3-667218534
S1-206274797	S2-352709987,S2-945682715,S3-469620722
S1-206307711	S2-922049555,S2-785136983,S2-873361845,S3-554131801,S3-397865043
S1-206341054	S2-338067513,S2-893225236,S3-768116252,S3-847071292
S1-206369875	S2-35331013,S3-976680850,S3-514386836
S1-206381678	S2-783630692,S3-18614813,S3-533220889,S3-270904161
S1-20641579	S2-619716215,S2-451284007,S2-602239547,S2-863359745,S2-533934655,S3-575511271,S3-163170952
S1-206429145	S2-444087555,S3-933261246
S1-206509133	S2-366768881,S2-717235771,S2-338806722,S3-593769278,S3-245733652,S3-83226077
S1-206591683	S2-692868153,S3-70855929,S3-351400253,S3-959389929
S1-206655374	S2-337886757,S2-772235659,S3-32061656,S3-392788392
S1-206748418	S2-402012510,S2-86772983,S3-5670364,S3-58646084
S1-206828672	S2-408047595,S2-459394372,S2-924379265,S3-548937237,S3-229515408,S3-115202472,S3-932164458
S1-206843656	
S1-206906898	S2-941754935,S2-251368633,S3-811143710,S3-430619365
S1-207104740	S2-865470643,S2-201826832,S3-24689903,S3-358491464,S3-781726950
S1-207167824	S2-320814786,S2-649209854,S3-432769844
S1-207270325	S2-70305409,S3-611477124,S3-963524728
S1-207298246	S2-195289585
S1-207362572	S2-72179197,S2-62100895,S3-237203897,S3-327691767
S1-207383183	S2-922870089
S1-207424271	S2-549337852,S2-771439146,S3-130368425,S3-890654187
S1-207486651	S2-921536455,S3-45629073,S3-352688904
S1-207494947	S2-898081116,S2-730524445,S2-344606639,S3-745093066,S3-396424327
S1-207503384	S2-432757652,S3-748152305,S3-756522433
S1-207542812	S2-901777894,S3-316241918
S1-207548474	S2-504705626,S2-416078758,S2-446172875,S2-803655360,S3-339990985
S1-207709339	S2-715665722,S3-403518850,S3-744150636
S1-207743148	
S1-207793544	S2-576549652,S2-286522893,S3-652531745,S3-662919195,S3-14259407
S1-207884711	S2-864395433,S2-6371333,S3-281697757,S3-527946617
S1-207977653	S2-870029768,S2-157333799,S3-83432109
S1-208008569	S2-652224572,S2-445639287,S3-996801715
S1-208045595	S2-500286555,S2-11026374,S3-975650605,S3-12082979,S3-344964775,S3-419746270,S3-836103362
S1-208133189	S2-164694007,S2-818753162,S2-642458409,S3-726820825,S3-834426319,S3-883265834
S1-208177827	S2-754063800,S2-935627144,S2-383288989,S3-278317937,S3-801139746
S1-208198477	S2-95135314,S2-277647052,S3-940951890,S3-877338226,S3-405110522
S1-208213984	S2-946579802,S2-517097424,S2-32891376,S3-22709781,S3-911999256
S1-208269059	S2-788698014,S3-359065964
S1-208279318	S2-928210307,S2-644710873,S2-879036045,S2-15300104,S3-300389447,S3-389387714
S1-208285230	S2-235651117,S3-363426132,S3-972426757,S3-68467765
S1-208482612	S2-852568442,S2-121179047,S2-72944662,S3-723226343,S3-103900750,S3-512809337,S3-409899157
S1-208612075	S2-122089983,S2-125942125,S2-149188194,S3-134037782,S3-930335460
S1-208683239	S2-690127271,S2-136439253,S2-723514776,S3-673860444
S1-208756493	S2-338352832,S2-596096601,S3-627157386,S3-322983817,S3-632283661
S1-208762430	S2-501715690,S3-292224262,S3-339850100
S1-208789927	S2-31406032,S2-860344490,S2-713148645,S3-868598865
S1-208986029	S2-500931044,S2-81930859,S3-678021072,S3-152989218
S1-209034449	S2-22469154,S2-313605663,S3-19720024,S3-797304726
S1-209266997	S3-305043331,S3-944186348,S3-475565797
S1-209300039	S2-237072683,S3-853778102
S1-209434699	S2-533836725,S2-607881253,S3-587462166
S1-209470241	S2-401602672,S3-191606359
S1-209470493	S2-881857049,S3-692823000
S1-209475143	S2-107401181,S3-999291340,S3-510753886
S1-209577804	S2-376300007,S3-936296909
S1-209606624	S3-29577084,S3-593217978
S1-209638978	S2-617368582,S2-633474667,S3-644699623,S3-419012539
S1-209701897	S2-196223006,S2-142307933
S1-209722986	S2-827692177,S3-987286275,S3-777126184
S1-209734474	S3-962875010,S3-33085779
S1-209754217	S2-86293245,S2-839492386,S2-861490770,S3-927700911
S1-20977786	S3-95017708
S1-209827627	S2-354386742,S2-795266118,S3-86087678,S3-885213635
S1-209853669	S2-948599902,S2-984417102,S2-505295365,S3-494240063,S3-222928311,S3-607170797
S1-209884348	
S1-20988470	S2-858425799,S2-178226590,S2-286019743,S2-923489319,S2-360979081,S3-841129012,S3-57228278
S1-20990445	S3-363287151,S3-830415064
S1-209917167	S2-65310905,S3-467053510,S3-216737995
S1-209945618	S2-514639503,S2-112755272,S3-428004377
S1-209999753	S2-50879294,S2-239855072,S2-279944693,S3-673828081
S1-210159653	S2-628231520,S2-352307405,S3-360262329
S1-210206815	S2-447199436,S2-641263365,S3-468887137
S1-21024857	S3-656401936,S3-431844053
S1-210314036	S2-203574418,S3-520988385,S3-212575658,S3-56058354,S3-263270422
S1-210463469	S2-161005226,S3-42154944
S1-210516959	S3-774359384
S1-210566189	S2-601942252,S2-349672994,S2-154511228,S2-995383656,S3-420086402
S1-210578153	S2-40055721,S3-736885968,S3-495936906
S1-210582612	S2-597911860,S2-990037635,S2-346848867,S3-199813393,S3-654095542
S1-21062445	S2-477261054,S2-627244159,S3-77876686
S1-210640017	S2-265765867,S3-960463190,S3-157552423,S3-527041049
S1-210681731	S2-733287179,S3-89715603,S3-218576014
S1-210800361	S2-142961215,S3-69772677,S3-621810937,S3-75165788
S1-210817899	S2-451096579,S2-621892041,S2-171868972,S3-361203597
S1-210936505	S2-946135219,S2-186458228,S2-288804384,S3-334147688,S3-168899070,S3-296987628
S1-210936520	S2-980901089,S2-832556115,S3-677629835,S3-11864989
S1-211026971	S2-938695823,S2-795103570
S1-211049326	S2-528958416,S2-979550414,S3-730085805
S1-211129969	S2-495930185,S2-296002105,S3-844082590,S3-368798631
S1-211207751	S2-617659362,S3-974555196,S3-113308146
S1-211238839	S3-95309470,S3-584692773
S1-211341395	S2-40165100,S3-725068181
S1-211444200	S2-326418336,S2-35304995,S3-795666729
S1-211451893	S2-818920539,S2-313597201,S3-484567196,S3-745458149,S3-818664867
S1-211480141	S2-289079611,S2-543725393,S3-488690999,S3-50386924,S3-109900368
S1-211508472	S2-71682972,S2-929531149,S2-281448983,S3-289514462,S3-594997919
S1-211650428	S2-810751992,S3-127916644
S1-211742859	S2-328332601,S2-548190178,S3-801686418,S3-115021637,S3-426230718,S3-348539944
S1-211808868	S2-951124582,S2-446874236,S3-1935951,S3-991730190
S1-211906770	S2-713534549,S2-239066369
S1-211911156	S2-988412720,S3-552902203
S1-211950514	S2-610227922,S2-172900662,S2-238407090,S3-45312846
S1-211998331	S2-28305678,S2-783919115,S3-303566926
S1-212090262	S2-487847233,S3-439609250,S3-376802643
S1-212105308	S2-717085523,S2-140599575,S2-295864103,S3-945065727
S1-212147342	S2-99319968,S2-70643237,S3-395470009
S1-212197561	S2-330274429,S2-9415725,S3-730506540,S3-333007779,S3-989894573,S3-301134765
S1-212212811	S2-431159561,S2-496588197,S2-770536894,S3-481572318,S3-548499183
S1-212264430	S2-760422436,S3-976272158
S1-212334533	S2-123902483,S3-120231872,S3-677304769
S1-212447108	S2-921506129,S3-767312571,S3-409004779
S1-21245463	S2-353140115,S3-933974669,S3-315906783,S3-803260579
S1-212732067	S2-561699800,S2-246944074,S3-904095492,S3-39600870,S3-106457853
S1-212734027	S2-179331465,S3-809959979,S3-124522520,S3-352623077
S1-212844074	S2-403053375,S2-396650898,S3-60581371
S1-212850192	S3-847414300,S3-204445057,S3-124781924
S1-213013345	
S1-213085979	S2-616073499,S3-838182910,S3-926926479
S1-213174767	S2-903721878,S3-643997885,S3-900383761,S3-268841646
S1-213316170	S2-27532647,S2-471750645,S3-505553043
S1-213355328	S2-114139691,S2-571388476,S3-332289266
S1-21338626	S2-34005063,S2-120546932,S2-872342338,S2-210884741,S3-163664799,S3-172359033,S3-363092456
S1-213400287	S2-556076813,S2-544162020,S3-341468862
S1-213404659	S2-545056824,S2-902102019,S2-813217243,S3-774283098,S3-211895409
S1-213545202	S2-187641087,S2-995245227,S2-511974626,S3-861486087,S3-888894263
S1-213749659	S2-515107458,S3-455050008,S3-952044441,S3-10808914,S3-343110071
S1-213818383	S2-706081910,S2-610450114,S3-777816381
S1-21382478	S2-669703164,S2-888759531,S3-864665828,S3-580663025
S1-213943118	S2-817446868,S2-838089752,S3-763576621
S1-213955820	S2-581704432,S2-935173439,S2-596523950,S3-431664745,S3-248909153
S1-213987716	
S1-214062000	S2-645545167,S2-221884549,S2-246607669,S3-955129529
S1-214085233	S2-550366384,S2-525362824,S3-471713069,S3-733371455
S1-214124026	S2-331070904,S3-417183256,S3-274514327
S1-214134611	S2-179236591,S2-92085042,S2-157766342,S2-913737445,S3-106089888
S1-214146062	S2-143254303,S2-941850368,S3-47958804
S1-214160130	S3-761535407,S3-267470175
S1-2142155	
S1-214221852	S2-107713107,S2-650844217
S1-214350314	S2-76150182,S2-425080145,S2-612159897,S2-598085713,S3-413882830,S3-632327272,S3-217561607
S1-214363186	S2-857462234,S2-512382369,S2-405762263,S3-533605916,S3-808948340,S3-902630213,S3-226769395
S1-214392437	
S1-214740455	S2-384851255,S3-925849285,S3-221653632
S1-214752547	
S1-214800418	S2-581700068,S2-794845673,S2-432444931,S3-346411656,S3-615923764,S3-438380319
S1-214817239	S2-523886950,S2-413788735,S3-967439470,S3-978823935,S3-128969752
S1-214850991	S3-46047398,S3-243650509,S3-919739356
S1-215001459	S2-812739976,S2-967701794,S3-93069789,S3-615478617,S3-351106568
S1-215135698	S3-690952643
S1-215169504	S2-190455657,S2-121689722,S3-285771204,S3-332206136,S3-1710410
S1-215173978	S2-478001131,S2-581172878,S3-313381887
S1-215195228	S2-972585403,S3-514782337,S3-225475498
S1-215406778	S2-617174056,S2-850918052,S2-377931579,S3-714915381,S3-877032369
S1-215674461	S2-161107182
S1-215686542	S2-427339860,S3-834665481
S1-215738797	S2-348184917,S3-892160065
S1-215879566	S2-185777219,S2-429032516,S2-571720383,S3-798575545
S1-215888451	S3-167393345,S3-50211331
S1-215897622	S2-481089302,S2-629743960,S3-647933551,S3-773594881
S1-215999170	S2-830417305,S2-620881965,S2-183274086,S3-823264791
S1-216015397	S2-677659897,S2-291990160,S3-942607805
S1-216049567	S2-910170759,S2-883296377,S2-557291561,S2-835486421,S3-901068374,S3-889598016
S1-216054026	S2-371828245,S2-57358941,S3-240236206
S1-216196171	S2-403859929,S3-194976535
S1-216223980	S2-88777940,S3-754388981,S3-198475009,S3-880699438,S3-994594738,S3-587409205
S1-21631648	S2-646924494,S2-487653412,S2-440527445,S2-220931413,S2-82764191,S3-276522664
S1-216388713	S2-646915158,S2-65946686,S2-790464439,S3-25015044
S1-216444799	S2-477944652,S3-777120857,S3-608629349,S3-354606806,S3-115107527
S1-216456893	S2-261008979,S2-724982358,S2-746639994,S3-734985998,S3-583307159,S3-428964287,S3-972522118
S1-216579148	S2-119082758,S2-982320074,S3-896903040,S3-924345772
S1-216592473	S3-192690651
S1-216654703	S2-822116053,S3-657690297,S3-798352235,S3-113572499
S1-216677443	S3-356800164
S1-216681754	S2-788971829,S2-198766987
S1-216732016	S2-674025547,S2-893820607,S3-308977805,S3-112168509
S1-216756474	S2-816827183,S2-687491696,S3-174848733,S3-803506764,S3-476827038,S3-294537520,S3-224053873
S1-216863182	S3-746934893
S1-216930293	S2-970162616,S2-756250076,S2-150494657,S3-35925900
S1-217002413	S2-553796335,S2-985545264,S3-634264773,S3-756046089,S3-714894712
S1-217085041	S2-248993722,S3-116159650
S1-217124771	S2-777711307,S2-613339638,S3-364972861,S3-487297460
S1-217170455	S2-652902711,S2-282915636,S3-628136567
S1-217191648	S3-232837252
S1-217246631	S2-498349200,S2-106056097,S3-852766724,S3-685181169,S3-950551454
S1-217307625	S3-24188670,S3-843685675
S1-217379442	S2-312893768,S2-888644145,S3-366472765,S3-18757735,S3-374967945,S3-845705890
S1-217382045	S2-276907287,S3-206433472
S1-217458824	S2-512649309,S3-385496478,S3-952362220
S1-217501550	S2-432065144,S3-454435529
S1-217501901	S2-374612012,S2-42798517,S2-26465864,S3-257171302
S1-217570021	S2-495860240,S2-847943521,S3-92528308,S3-827728796
S1-217611842	S2-252097946
S1-217636153	S2-589557880,S2-614398950,S2-252185381,S2-152331896,S3-366301727,S3-594351264,S3-988744533
S1-217638368	S2-823511487,S2-582712851,S3-843472375
S1-217646205	S2-191845596
S1-217792614	S2-242914586,S2-458283571,S3-700815244,S3-319961461,S3-51717242,S3-340116212
S1-218215282	S2-67826732,S2-785166091,S2-924718744,S3-501403198,S3-2509211
S1-218273618	S2-140419895,S3-881391201,S3-970814400,S3-747177655
S1-218279518	S2-747761246,S2-144960378,S2-537351336,S3-917307021
S1-218438628	S2-19370785,S3-428961362,S3-785449586
S1-21850668	S2-309509939,S2-872704067,S2-40725678,S3-958432653
S1-218542256	S2-209298450,S3-639400869,S3-69027799
S1-218591916	S2-639649038
S1-218620221	S2-813795458,S2-803256399,S2-380737588,S3-440541217,S3-486196513,S3-330993346
S1-218669423	S2-633718497,S3-531753996,S3-784619850
S1-218749692	S2-604140883,S3-885675313,S3-212089764,S3-809426100,S3-177959755
S1-218756036	
S1-218789835	
S1-218812963	S2-955288403,S2-403122143,S2-714400302,S3-630270579
S1-218883060	S2-436339548,S3-780378719,S3-340467055,S3-503061439,S3-662414550
S1-218895519	S2-530101891,S2-536661936,S3-15563933,S3-818063133,S3-59418309,S3-725973967
S1-219013273	S2-947604417
S1-21903459	S2-487556180,S2-385650854,S2-668418233,S2-938595083,S3-197030899,S3-430329960
S1-219036069	S2-407501560,S2-278845521,S2-320397932,S3-231463340
S1-219261798	S2-354756227,S2-949339973,S2-205418567,S3-885955218,S3-615226746,S3-890427738,S3-178183823
S1-219344735	S3-975638928
S1-21941599	S2-716212686,S3-913238145,S3-984336045
S1-219596829	S3-194617280,S3-247734022
S1-219603735	S3-854056671,S3-104388673,S3-191930068,S3-416325371
S1-21960560	S2-220704218,S3-346536670,S3-762143331,S3-429478405
S1-219686453	S2-874811535,S2-480214529,S3-419074035
S1-219724486	S2-721765715,S2-264748224,S3-499112983,S3-508796717
S1-219869383	S2-105194869,S2-924919917,S2-418450574,S3-548844427
S1-219998760	S2-615885837,S3-787962152,S3-509478893
S1-220081458	S2-665576559,S3-523929899,S3-47323690
S1-220149898	S2-631910034,S2-923627444,S3-618483256,S3-991616623
S1-220206661	S2-396250887,S2-192683116,S2-271429977,S2-755116477,S3-525439612,S3-698622142
S1-220270975	S3-285707247,S3-77171857,S3-480236869
S1-220324716	S2-521879748,S2-916044528,S2-158332002,S3-628095477,S3-394120672
S1-220332062	S2-989016991,S3-198229414,S3-975094387
S1-22040709	S2-541557836,S2-938013700,S2-407818461,S3-362017438,S3-588031951
S1-22041554	S2-847073770,S2-241293292,S2-476599331,S3-469084204
S1-220443619	S2-601110062,S3-193704997,S3-542954069,S3-844013452
S1-22044842	S2-117730282,S2-786485788,S3-239579093
S1-220494730	S2-513203104,S3-422408668,S3-750104614,S3-809547043,S3-531857919,S3-751901638
S1-22061344	S2-171894085,S2-114623322,S2-404551831,S3-13315778,S3-705119071,S3-311069458
S1-220637246	S2-512438681,S3-242933160
S1-220699573	S2-487598655
S1-220704646	S2-839500301,S2-863017335,S2-687795150,S3-880727179,S3-983764642,S3-858970524
S1-220728014	S2-645550701,S2-468150519,S2-973715925,S3-876695161,S3-592708681,S3-69903214
S1-22073861	S2-869797566,S2-325071883,S2-13621755,S3-182371942,S3-967093935
S1-220773494	S2-789598871,S2-463558020,S3-199586913,S3-878292523,S3-534284724,S3-544918901,S3-874246420
S1-220932133	S2-482466821,S3-445069231
S1-220954843	S2-653002435,S2-671889830,S3-397512695
S1-220966961	S2-15985581,S3-254482975,S3-474087096,S3-448688434,S3-158077800
S1-220973375	S2-83672439,S3-179598690,S3-256264332,S3-287055744
S1-220978372	
S1-221056879	S2-983542038,S3-600137095
S1-221297930	S2-869252817,S2-816154512,S2-441839028,S2-814681779,S3-740082249,S3-861616788,S3-142204588
S1-221300203	S2-554849228,S2-721699140,S3-987158653,S3-649232619
S1-221605970	S2-349476875,S2-694567851,S3-572495991,S3-125135290,S3-811198131
S1-221618314	S2-238188716,S3-468166445
S1-221786307	S2-870168768,S2-218017342,S2-403282855,S3-646025688,S3-659915791
S1-221847782	S2-967339453,S2-719057596,S3-719695040
S1-222155762	S2-363059027,S2-235461849,S3-869696971,S3-26674576,S3-473602600
S1-222164170	S2-912788621,S2-504578913,S3-694931032,S3-963377521,S3-383712748
S1-222208388	
S1-222281638	S2-812422571,S3-599378463,S3-458412148
S1-222350896	S2-20429786,S2-830298056,S3-343326475,S3-36230378,S3-926937162
S1-222457100	
S1-222459217	S2-839513278,S3-76114751
S1-222517286	S2-272655577,S3-668819395,S3-540670160
S1-222597112	S2-743179026,S2-891721362,S3-200925595,S3-49976944,S3-560123925
S1-222643467	S2-144632314,S2-4562882,S3-38911079,S3-786953420
S1-222665755	S2-685225185,S2-45686480,S2-809823933
S1-222668409	S2-501368339,S2-31572359,S2-140497129,S2-804218046,S3-819803275,S3-570770700
S1-222678442	S2-536787660,S2-165589966,S3-761146992
S1-222688592	
S1-222771322	S2-276868287,S2-482473086
S1-222869089	S2-804929418,S3-71233608
S1-223005966	S2-760314329,S2-976006650,S3-602714833,S3-131043932,S3-256671543
S1-223146393	S2-927485862,S2-518794858,S3-865648746
S1-223174593	S2-413331015,S2-601753866
S1-223220110	S2-136283986,S2-230192126,S2-228402781,S3-276367170
S1-223270181	S2-423302828,S3-5606642,S3-844465723,S3-842154911
S1-223271752	S2-62812734,S3-692482824
S1-223424468	S3-863750025,S3-352112360
S1-223428611	S2-326385224,S3-344815568,S3-392969468
S1-223473124	S2-875658177,S2-155377805,S2-93785778,S3-315998613,S3-546112626,S3-555051183,S3-706956590,S3-691957371
S1-22348653	S2-373919899,S3-864009647
S1-223490576	S2-809932682
S1-223567924	S2-48266577,S3-995233249
S1-223784234	S2-984506646,S2-33682508,S3-397799077
S1-2238135	S2-804332270,S2-261526984,S2-134904382,S2-46905112,S3-302230838,S3-348479842
S1-223821141	S2-138380543,S2-237653462,S2-595179940,S3-616659647
S1-22382440	S2-938854286,S2-974681617,S2-988559479,S2-370174203,S3-142321993,S3-638914288
S1-223897063	S2-817562235,S3-58646435,S3-47129255
S1-223916278	S2-101664954,S3-384062771,S3-455259689,S3-20051264
S1-223980284	S2-949603202,S2-453354436,S3-327364795,S3-366249408
S1-224013308	S2-691250985,S2-652744790,S3-119776600,S3-39349847
S1-224047253	S2-221439445,S3-866343912,S3-123309288,S3-969714963,S3-468524028,S3-498324894
S1-224118890	S2-621898521,S2-556545824,S3-658856391,S3-294197782,S3-781283299
S1-224128819	S2-65776722,S2-685325067,S3-144328376,S3-563045940
S1-224187893	S2-846411516,S2-236373750,S3-979382942,S3-803332174
S1-224227928	S2-515421978,S2-123053816,S3-630102184,S3-256494887,S3-213346670,S3-815299335
S1-224283263	S2-736962272,S2-193520005,S3-573087732
S1-224311377	S3-716833134,S3-792438805
S1-224349524	S2-548373640,S2-322712834,S3-947949105,S3-525303438
S1-224559142	S2-12270843,S2-653312692,S2-759320535,S3-568072724
S1-224566838	S2-760085574,S3-355632533,S3-622339718
S1-224619066	S2-639282584,S2-310522290,S3-818728680,S3-21680129,S3-322092646
S1-224640259	S2-817198599,S2-648551221,S2-480862477,S3-36372556
S1-224645545	S2-53869070,S2-629151037,S2-316273741,S3-749720252
S1-224658807	S2-24275974,S2-562052473,S2-143620724,S3-670701383,S3-995366856,S3-913887903,S3-936215832
S1-224713856	S3-28782611
S1-224731273	S2-418187165,S3-355306352
S1-224899102	S2-559656683,S2-993520716,S2-947496829,S3-225366519
S1-22490378	S3-14056445
S1-224947028	
S1-22509497	S3-698899982
S1-225114062	S3-783724417,S3-761268350
S1-225138119	
S1-225151643	S2-20546574,S2-439593579,S2-264210099,S3-601944818
S1-225188524	S2-985437944,S3-708343622,S3-93623422
S1-225233545	S2-379739499,S3-519464292,S3-175127593
S1-225280639	S2-349313365,S2-283443354,S3-466107033,S3-133907947,S3-503384788
S1-225327748	S2-1278118,S3-928151031,S3-530818717,S3-818310267
S1-225377369	S2-322702827
S1-225395732	S2-281985553,S2-419027319,S2-920526043,S2-872579891,S2-476504758,S3-623124169,S3-173944261,S3-315582513
S1-225410095	S2-601532794,S3-115524400,S3-61510012,S3-856373376,S3-590851405
S1-225422927	S2-508420758,S2-215427310,S3-147716158,S3-988674631
S1-22547537	S2-638970811,S3-386775654
S1-225483766	S2-185063637,S3-827391471,S3-660023219,S3-212396479
S1-225537385	S2-267282278,S2-693067257,S2-98093922,S3-91918181
S1-225573061	S2-267744414,S2-415891779,S2-317147008,S3-478651141
S1-2255877	S2-322279662,S3-801834379
S1-225614900	
S1-225640905	S3-558901307,S3-767445585
S1-225658792	S2-817305821,S2-74864827,S3-922047668,S3-226774014,S3-388579374
S1-22570096	S2-34515617,S3-38669111,S3-500003901,S3-905670866
S1-225709674	S2-776046796,S3-344360080,S3-616995821
S1-225763201	S2-728626644,S3-998323587
S1-2257687	S2-323635813,S3-542079951,S3-635734704
S1-225805730	S2-630742485,S3-336477763,S3-180314448
S1-225846551	S2-604830597,S2-916340748,S3-265748477,S3-311284515
S1-225865178	S2-246290093,S2-259270176,S3-227979062
S1-226014614	S2-810389866,S2-474952575,S3-5838018
S1-226036997	S2-55188272,S3-47998131,S3-324429033,S3-776141539
S1-226049333	S2-75265311,S2-731291304,S2-334720732,S3-834999585
S1-226129004	S2-288761562,S2-52334801,S3-271990935
S1-226188560	S2-85643476,S2-744721221,S2-459483844
S1-226234137	S2-721699926,S3-935497266
S1-226239412	S2-45802870,S2-83882056,S2-859167008,S3-422439544
S1-226324017	
S1-2263939	S2-551257926,S3-241377003
S1-22647243	S2-151721189,S3-44645232
S1-226509994	S2-58911611,S2-987729601,S2-132386664,S2-56060669,S2-916219201,S3-619312190
S1-226601508	S2-75136888,S2-146797425,S3-169374253
S1-226603944	S2-345975091,S3-323102079,S3-223158895,S3-953553394
S1-226640890	S2-380520120,S3-763439612
S1-22670538	S2-665181900,S3-257834732
S1-226801967	S2-173030122,S2-195422557,S3-519867169,S3-270583547,S3-860030595
S1-226990471	S3-602490046
S1-227126545	S2-847385355,S3-826891199,S3-190402234
S1-227158143	S2-113832053,S3-406955501,S3-337251300,S3-644328784
S1-227172418	S2-195042365,S2-719542493,S2-286759979,S3-411359280
S1-227190029	S2-85288358,S2-122664170,S3-675030458
S1-227192004	S3-19247304,S3-416555971,S3-522554195
S1-227212576	S2-188970235,S2-707285219,S3-418861405
S1-227270919	S2-796140908,S2-955893940,S3-971772350
S1-227481235	S2-868588213,S2-771621359
S1-227596774	S2-247019740,S2-627068882,S2-709132545,S3-881386515
S1-227911278	S2-932276821,S2-469723862,S2-903311315,S2-893618756,S3-709640270,S3-378443764,S3-238465323,S3-479419822
S1-227970388	
S1-228065985	S2-258769735,S3-873037895,S3-799967868,S3-460921817,S3-393164864
S1-228082251	S2-265364592,S2-322015343,S2-821532320,S3-576108527,S3-39944945,S3-345574891
S1-228088070	S2-349610167,S3-581429348
S1-228334768	S2-857070430,S3-101881670
S1-228408314	S2-183761344
S1-228443064	S2-133967607,S3-119041064,S3-967580828
S1-228459174	S2-655274074,S2-418266650,S2-620448577,S3-59316567
S1-228497050	S2-833781947,S3-128077420,S3-634874222
S1-228499236	S2-853764092,S2-465756862,S3-997964052,S3-530332582
S1-228567760	S2-833475703,S2-24113244,S2-903525624,S3-886955268
S1-228598363	S2-732809220,S3-387510419
S1-228633125	S2-135486338,S3-401592678,S3-93762904,S3-463382364
S1-228667776	S2-652081958,S2-772892838,S2-809477415,S3-682902776,S3-256315956
S1-228722595	S2-786394812,S2-498837166,S2-259815985,S3-334149209
S1-22872262	S2-700520202
S1-228786668	S2-136265591,S3-763620090,S3-800899918
S1-22880792	S2-179484091,S3-911594377,S3-276135068,S3-152409728
S1-228905204	S2-235581019,S2-339932947,S2-720104547,S3-753749381,S3-188894569,S3-420664887
S1-228916712	S2-490903119,S2-433122551,S2-650095962,S3-240919996,S3-379589569
S1-228920064	S3-684179344
S1-228983071	S2-732503422,S2-160448459,S2-965737665,S3-606025649,S3-938467392,S3-552995231,S3-670576564
S1-228986317	S3-121734574
S1-229054417	S2-402987296,S2-567254692,S3-655388469,S3-118401812,S3-237816515
S1-229210426	S3-290661290,S3-461219137
S1-229311695	S3-739543618,S3-135684656
S1-229313637	S2-200626769,S3-46232707,S3-269144527
S1-229337352	S2-138414857,S3-600217221,S3-949286644
S1-229380260	S2-316952029,S3-305340002,S3-734241596,S3-388479922,S3-927708121
S1-229381657	
S1-229383201	S2-935773410,S2-787608108,S2-990517635,S3-473632157,S3-892204620
S1-22964179	S2-440748898,S3-886503968
S1-229648440	S2-203066969,S3-747724578,S3-218885037
S1-229699838	S2-731628879,S2-964377689,S2-555646278,S2-939307253,S2-123371882,S3-63718168,S3-719548708
S1-229714813	S3-248798958,S3-125616361
S1-229736032	S2-237489466,S2-104087372,S3-465118058
S1-230003900	S2-115289155,S2-246319311,S2-350189340,S3-895832871,S3-190999505
S1-230034545	S2-851593143,S2-659484619,S2-39423947,S2-194988022,S3-149299351
S1-230060541	S2-616211552,S2-543347497,S2-318782722,S3-602709594,S3-76079292
S1-23006529	S2-60436743,S2-490113565,S3-528490260,S3-564428733
S1-230150815	S2-606242920,S3-515346219
S1-230195920	S2-725050303,S2-586399113,S3-676262367,S3-898351044
S1-230199498	S2-639183175,S3-841273354
S1-230208976	S2-297653519,S3-36289137
S1-230302529	S2-608764141,S2-931524038,S2-597294049
S1-230447756	S3-49340810,S3-396671103
S1-230457167	S2-919980105,S2-995148214,S2-284415307,S2-124423676,S3-7700827
S1-230532062	S2-701107945,S2-744806425,S3-889075263,S3-131044047
S1-230601031	S2-555236541,S3-571898339,S3-729994548
S1-230610420	S2-987248196,S2-860251341,S3-635609024
S1-230619154	S2-563422789,S2-135235025,S2-797283203,S2-565202577,S3-367458846,S3-25726800,S3-203669589
S1-230657941	S2-524571825,S2-367926887,S3-886640198,S3-193973859
S1-230685696	S2-409926949,S3-843768315,S3-875525527,S3-43372784
S1-230686768	S2-445049848,S3-373757386,S3-248773188,S3-814455269
S1-230746458	S3-208693443
S1-230778159	S2-202436202,S2-531231161,S3-694967763,S3-279019729,S3-352158618
S1-230885190	S2-213519057,S2-885415322,S2-761593057,S3-342629454,S3-179794781
S1-23099613	S2-479128478,S2-652374530,S3-271491890,S3-178549150,S3-843702342,S3-686020037
S1-231005186	S2-946245182,S3-720087267,S3-622260209
S1-231010191	S2-452880251,S3-570546886,S3-806736310,S3-628932860
S1-231030318	S2-489426889,S3-155506400
S1-231037008	S2-582777272,S2-25149311,S2-932492162,S3-741968764,S3-662487033
S1-231119294	S2-958525389,S2-533285205
S1-23118994	S2-773482745,S3-482005609,S3-956214799
S1-231212614	S3-646557763,S3-159498222,S3-108672828
S1-231303412	S2-54395702,S2-498526561,S3-388926331,S3-364597429
S1-231381636	S2-618046911,S2-700876293,S2-694155458,S2-347729150,S3-151663500,S3-343405669
S1-231393907	S2-448874183,S2-154753126,S3-946414521,S3-416977357,S3-666871839
S1-231535152	S2-123363583,S3-842215042,S3-319928114
S1-231547193	S2-702779309
S1-231553073	S2-665889218,S3-731520755
S1-231604533	S2-589353588,S3-750342743,S3-716956406,S3-905183145
S1-231770819	S2-919120159,S2-607872595,S3-402995414,S3-198671289
S1-231782507	S2-390769693,S2-25169046,S2-139596137,S3-148339484
S1-231811411	S2-838733668,S3-965981575
S1-231811679	S2-873377597,S3-609273630
S1-232166630	S2-779352113,S2-577248244,S2-357489130,S2-87919331,S2-41566212
S1-232191193	S2-891949974,S2-27976094,S3-159021398
S1-232238148	S2-859423004,S2-73239978,S3-621812399,S3-844772377
S1-232256525	S2-825787333,S2-862412528,S2-998217133,S2-940959588,S2-45013915,S3-169462548
S1-232336512	S2-413695505,S3-665258791,S3-537984215
S1-232482111	S2-655991050,S3-36812345
S1-23248576	S2-638870229,S2-784532072,S2-291978101,S2-317227846,S2-802226582,S3-75861833
S1-232555602	S2-673264071,S2-523378473,S2-92433291
S1-232601518	S2-682162743,S2-561281482,S2-679278521,S3-330768074,S3-879639598,S3-371727421,S3-194220996
S1-232696229	S2-882923496,S2-290854702,S2-170035108,S3-190220175
S1-232750736	S2-370248201,S2-697341821,S3-868623430,S3-912494608
S1-232758275	
S1-232789612	S2-338876570,S2-768768902,S2-803882766,S3-813880088,S3-337494282,S3-744188174,S3-537021323,S3-472373492,S3-637321485
S1-23284648	S2-561537966,S2-599804426,S3-846202194,S3-863843667,S3-44669839
S1-232906080	S2-95031176,S3-706325765
S1-232940366	S2-606705174,S2-323157745,S2-172919117,S3-393984072,S3-237491591
S1-233000903	S2-89715723,S3-641224683,S3-524081360
S1-233022038	S2-632240931,S2-710032637,S3-107597197
S1-233234485	S2-737228519,S3-4683847,S3-553650861,S3-541682534
S1-233238439	
S1-233313654	S2-571916243,S3-808246221
S1-233334526	S2-40429241,S2-401100716
S1-233351489	S2-600871743,S2-10068284,S2-113349820,S3-541261768,S3-667108537,S3-861268378,S3-347589802
S1-233548319	S2-376669629,S2-266294729,S2-373850332,S3-128240893,S3-662704102
S1-233580510	S2-84247582,S3-207828142
S1-233587687	S2-936932172,S3-696473205,S3-66544467
S1-233587939	S3-115323442,S3-512239390,S3-380038132,S3-272624567
S1-233601785	S2-200822334,S2-27913059,S2-307753834,S3-750631494,S3-944714802
S1-233987049	S2-734780068,S2-52899027,S2-184258903
S1-23408991	S2-481924698,S2-7766451,S2-559413178,S3-840141148
S1-234132652	S2-923391169
S1-234136121	S2-825298322,S2-885023054,S3-256371358,S3-823184184,S3-227638552
S1-234150584	S2-988894878,S2-32183686,S3-961061801,S3-444088577
S1-23416004	S2-921123372,S2-633072624,S2-182043618
S1-234287687	S2-888582542,S3-782870243
S1-234293607	S2-722538714,S2-296234147,S2-999837898,S2-313233315,S3-722345605,S3-573408688,S3-741167336,S3-272580164
S1-23440268	S2-315208748,S2-938830357,S3-96020476,S3-874915725
S1-23456123	S2-91353936,S2-683652376,S3-972675058
S1-23458076	S2-684448327,S2-5182545,S2-787036625,S3-273375745,S3-874375330
S1-234602070	S2-342007533,S3-22326592,S3-940234120,S3-452389064
S1-234696984	S2-25553874,S2-509780369,S3-941803859,S3-434447702
S1-23483647	S2-605440428,S3-83491630
S1-234847254	S2-194016190,S3-192283910,S3-862170001,S3-985499805,S3-730429261
S1-23489196	S2-636683055
S1-234913930	S2-755737061,S2-228044156,S2-120066720,S3-933499918,S3-484955831
S1-235025559	S2-386713273,S2-860093686,S2-692043121,S2-240702841,S3-346037425,S3-276269615,S3-245063778
S1-23503759	S2-22122433,S2-876996745,S2-830278325,S3-671229029
S1-235112540	S2-742084042,S2-995160560,S3-681204377,S3-182222195
S1-235161842	S3-70711841,S3-69404783
S1-235201241	S2-30584426,S3-615875384,S3-460122817
S1-235224592	S2-203956557,S3-464312817,S3-107160055,S3-37376488,S3-216783585,S3-504099081
S1-235324838	S2-196674198,S2-997717146,S3-241400303,S3-866750603,S3-204024055
S1-235413	S2-301404294,S2-127499257,S2-720973728,S3-46973670,S3-567577451,S3-373858387
S1-235459413	S2-269274259,S3-201723155,S3-223541464,S3-595549805
S1-235610118	S2-796880753,S2-439068629,S2-592873875,S2-769417033,S3-176963619,S3-3635316,S3-741008230
S1-23565616	S2-28625323,S3-767146173
S1-23566522	S2-810498053,S3-596439154
S1-235692021	S2-918232314,S2-482765622,S2-866546469,S2-330315075,S3-885425286,S3-881971346
S1-235836463	S2-602609200,S2-107791584,S2-514160140,S3-562185367,S3-392944298,S3-422030546
S1-235847463	S2-325932811,S2-143503175
S1-235936391	S2-873310906,S2-707214108,S2-296796414
S1-236048335	S2-499613379,S2-557617851,S3-645818541
S1-236116056	S2-184020611,S2-22474224,S3-83752817
S1-236148294	S2-237283383,S3-181918229,S3-680545176
S1-236243108	S2-723369431,S3-664664487,S3-153986639
S1-236262188	
S1-236352790	S2-316450608,S3-344253120,S3-793622152,S3-798194680
S1-236406412	S2-701679203,S3-518014566
S1-236416094	S2-382901796
S1-236612703	S2-447737067,S2-280681680,S3-88394437,S3-615676989
S1-236652218	S3-733258596,S3-550574250,S3-112332547,S3-282476902
S1-236698427	S2-348897132,S3-766081717,S3-455077317
S1-236705795	S2-508862556
S1-236933611	S2-270410596,S2-545534393,S3-952559039
S1-236979711	S2-529707847,S3-313015553,S3-970700413
S1-236995476	S2-596721328,S2-319057864,S3-951838648,S3-171268583
S1-237037258	S2-770542404,S2-527672133,S2-613358178,S3-451688652
S1-237076295	S3-289110237,S3-122744547
S1-237085991	S2-685520495,S3-654153235,S3-872104108,S3-436269474
S1-237237683	
S1-237382245	S2-105041837,S2-446296195,S3-96199204,S3-219557292,S3-476809849
S1-237453991	S3-966421286,S3-437777802
S1-237545959	S2-388130141,S2-537616350,S2-716001104,S3-934645724,S3-839310452
S1-237557706	S2-744626269,S2-360591825,S3-880603127,S3-777556539,S3-188338451,S3-129323748
S1-237588966	S2-284746734,S2-366585665,S2-608656912,S2-223786073,S3-883521803,S3-755705479,S3-618708689
S1-237634274	S2-542511280
S1-237639766	S2-193857221,S2-979924341,S2-938457659,S3-632672488,S3-441777685
S1-237640005	S2-261100304,S2-327481103,S2-725931959,S3-97923756,S3-57183364
S1-237725314	S3-262509512,S3-236901409
S1-237730511	S2-316852007,S2-665353139,S3-192898578
S1-237747738	S2-523811428,S2-879885142,S2-904284144,S3-540533804
S1-23775345	S2-138468945
S1-23779250	S2-546672555,S2-159455187,S2-187510359,S2-857124059,S2-715372567,S3-10304363,S3-775454336
S1-23782465	S2-347765501,S3-711195185
S1-237847293	S2-218380378,S2-413011697,S3-108213739
S1-238008517	S2-247709854,S2-740380755,S2-251574025,S3-728407031,S3-404664485,S3-603464034
S1-238030771	S2-808310804,S2-920134472,S3-375686398,S3-860653202
S1-238058652	S2-386401662,S2-34987725,S3-485699462,S3-367997940,S3-216856358
S1-238073574	S2-734539614,S2-931463360,S3-883753105,S3-730880903
S1-238078515	
S1-238093217	S2-585517759,S3-574853274,S3-436071135,S3-847723982
S1-238133376	
S1-238223094	S2-645844398,S2-666535511,S2-713701805,S3-766053466
S1-238344467	S2-9954233,S2-23407332,S3-919427064
S1-238345886	S2-174477110,S2-204509094,S3-366384048
S1-238451754	S2-899934805,S2-363872926,S3-418747300,S3-925703043,S3-959975822,S3-598644549
S1-238479171	S2-486362810,S2-929418714,S3-358175826
S1-238496190	S2-896542589,S2-915583892,S3-832633710
S1-238521247	S2-823656810,S2-503463157,S3-448413022,S3-78620236
S1-238545796	S3-495549534
S1-238546878	S2-550989086,S2-770979701
S1-238618188	S2-114716331,S3-843615262
S1-238642352	S2-137910965,S2-672649678,S3-558476223,S3-553837709,S3-276666590
S1-238659657	S2-479380321,S2-258410153,S3-196868876
S1-23867217	S2-317774672,S3-481495541
S1-238700850	S2-49695602,S2-250160848,S3-846760986,S3-363182468
S1-238750616	S2-112761567,S3-172893030,S3-209354313
S1-238792682	S3-723230080
S1-23880374	S2-670893376,S2-782919529,S2-146494304,S2-194103462,S3-718815458,S3-821200255
S1-238808165	S2-298570145,S3-145844307,S3-327914723,S3-754425978
S1-238876354	S2-376879764
S1-238883237	S2-541483894,S3-123708293,S3-23274715
S1-238914201	S2-1577244,S3-529464313
S1-238920665	S2-844656980
S1-238970394	S2-997594843,S2-662552180,S2-4090253,S3-426139390,S3-296248030,S3-370368754
S1-239184950	S2-845443451,S2-100014971,S3-56988395
S1-239223825	S2-159969323,S2-341177576,S2-124189404,S3-726686533
S1-23923698	S2-974053378,S2-824496862,S3-42604764
S1-239326598	
S1-239346571	S2-427782879,S3-901103224
S1-239385887	S2-583323196,S3-505241025
S1-239426818	S2-864387146,S2-761638278,S2-43202057,S3-359064897,S3-765001222
S1-239556249	S2-740037911,S2-712063657,S2-476974951,S3-764541546
S1-239703912	S2-279211383,S2-805442729,S3-283019571
S1-239710268	S2-476058265,S3-689138644,S3-129557192,S3-10581759
S1-239739386	S2-697647191,S2-786559134,S3-312692957,S3-404167723
S1-239801669	S2-340309161,S2-156022293,S3-740111112
S1-239872226	S2-523334168,S3-582610369,S3-887614273,S3-96443882
S1-239955070	S2-981186502,S3-844303586
S1-239994803	S2-246033279,S2-114992659,S3-562463779
S1-240059434	S2-264681075,S2-671852948,S3-685982363
S1-240120719	S2-79646866,S3-369381078,S3-858161340
S1-24022896	S2-907073599,S3-542532208,S3-525834714
S1-240260171	S2-229940586,S2-499763183,S2-468540762,S3-283446385
S1-240291562	S2-763389869,S3-835459784
S1-24036161	S2-229074685,S3-528543807,S3-902718044,S3-108562994
S1-240379932	S2-928459134,S2-332378386,S3-194173768,S3-584182633
S1-240773405	S2-481928095,S3-616903802,S3-694798012,S3-234676987,S3-46233512,S3-970261764
S1-240817146	S2-761814631,S3-162317229,S3-689832897
S1-240865309	S2-105592118,S2-767774605,S3-257110936,S3-975086182
S1-240918395	S2-545475286,S3-485416367,S3-434439523,S3-777556845
S1-240955634	S2-448697204,S2-225476397,S2-895370726,S3-993656693,S3-859615000
S1-241017769	S2-414387686,S2-47604612,S3-562874275,S3-874928025,S3-317330995
S1-24115094	S2-435892221,S2-31424651,S3-218732115
S1-24119082	S2-759224126,S2-571046486,S3-393221915,S3-893712389,S3-925536425,S3-606385977,S3-308403591
S1-241267226	S2-466820181,S2-450697729
S1-241403488	S2-335961676,S2-220487236,S3-837563124,S3-787796547
S1-241485648	
S1-241535166	S2-31517240,S3-937640708,S3-247678429
S1-241601833	S2-667139880,S3-408701223
S1-241605412	S2-996184379,S3-634071144
S1-241693566	S2-79327095,S2-296141316,S2-224231618,S3-17779298
S1-241899727	S2-834025072,S3-192611227
S1-241910808	
S1-241912226	S2-121997172,S3-946389402,S3-861449540,S3-166339535
S1-241930922	S2-354364438,S2-590459236,S3-390042545
S1-241964295	S2-232410617,S2-919699582,S3-601512217,S3-865898933,S3-259061173
S1-241987822	S2-721043789,S3-947601248
S1-241989651	S2-164153311,S3-642672606,S3-563217533
S1-242004791	S2-236774976,S2-465425291,S3-833436306
S1-242015419	S2-316887077,S2-789624930,S3-724762867,S3-941362289,S3-822958400
S1-242043768	
S1-242102756	S2-94039918,S2-23568355,S3-396153277
S1-242193164	S2-976426104,S2-479503455,S3-280070510,S3-568298739
S1-242245302	S2-692398119,S2-976693174,S2-619915637,S2-760799719,S3-843344828
S1-242245609	S2-316602618,S2-985038366,S3-717619248
S1-242289310	S3-68593007
S1-242327510	S2-538902636,S2-717734838,S2-354507092,S3-850280091,S3-365450016
S1-242360041	S2-293362656,S3-243941118,S3-199439450
S1-242443133	S2-255998122,S2-148313412,S3-387255176,S3-968355902,S3-886468922
S1-242471040	S2-357417284,S2-971801625,S3-297207186
S1-242583987	S2-380373633,S2-643695432,S3-267341375,S3-520239383
S1-242605694	S2-704838094,S2-876258903,S3-965556734,S3-539445173
S1-242744467	S2-885202259,S2-555237536,S3-803609957,S3-960616242,S3-29628514,S3-820852957,S3-713555591
S1-242748394	
S1-242887274	S2-454722756,S3-789620517,S3-233980684
S1-242968492	S3-435266549
S1-243010413	S2-629329513,S2-31635709,S3-644352210
S1-243066388	S2-933659805,S3-445755597
S1-243129189	S2-951406608,S2-684256666,S3-356409110,S3-875542431,S3-300464830
S1-243177193	S2-616879076,S2-962339390
S1-243263984	S2-182607232,S3-738355721
S1-243268036	S2-144930257,S2-593243305,S2-46755372,S3-359406253,S3-85528434,S3-740129661
S1-243270869	S2-461332269
S1-243275007	S2-578446916,S2-344792188,S3-305789452,S3-888421044,S3-877244365,S3-646413837
S1-243348932	S2-769900981,S2-652643529,S3-707567279
S1-243359375	S2-891642246,S2-224911581,S3-579274608,S3-521417566
S1-243493984	S2-183142603,S2-421354666,S3-446741267,S3-511328810
S1-24358052	S3-611921388
S1-243622361	S2-530369059,S2-611933654,S3-540671547,S3-827313940
S1-243668316	S2-406149349,S2-107638167,S2-575156999,S3-852438792,S3-793254524,S3-357397948
S1-243701953	S2-306050225,S3-104597386,S3-653463351,S3-329703381
S1-243736286	S2-451981902,S2-446378491,S3-909392826,S3-555267721,S3-723824410,S3-709941960
S1-243857645	S2-338594721,S2-50101222,S2-114300849,S3-770978781
S1-243885282	
S1-243927154	S2-590874394,S2-852319895,S3-317241519,S3-869837512
S1-243942133	S2-163521489,S3-391898236,S3-955175840
S1-243957480	S2-729899526,S2-846695661,S3-802664865,S3-123105714
S1-243965431	S3-879154085,S3-794109209
S1-244032516	S2-845195726
S1-244034947	S2-521365953,S2-34253449,S3-157102026
S1-244142034	S2-44627550,S2-538827408,S3-851932404
S1-244707379	S2-90201208,S2-155900756,S2-138157463,S3-359746493,S3-817883759,S3-803445884
S1-244784515	S2-143200736,S2-450185902,S3-855571022,S3-151338153
S1-244807851	
S1-244896083	S2-43800671,S2-478611623,S2-641228302,S3-873903812,S3-911349117
S1-245024758	S2-924770723,S2-923660825,S3-392562396
S1-245027587	S3-78726572,S3-206643155,S3-430053153,S3-517217614
S1-24508819	S2-370057210,S2-476749659,S3-506174051
S1-245115658	S2-356569426,S2-30526106,S2-491606970,S3-412376294
S1-24513059	S2-85687607,S2-937856666,S3-665553802,S3-348541395
S1-245140455	S2-911396240,S2-957848401,S3-421067808
S1-245186970	S2-217381259,S3-933565601,S3-881505939
S1-245220740	S2-236733569,S2-321540871,S2-938075585,S2-798388881,S3-802727551
S1-24532303	S2-930495742,S2-489224082,S2-653237707,S3-819922389,S3-822017172
S1-245373365	
S1-245384923	
S1-245393019	S2-733490755,S2-114526151,S3-733168612,S3-695062995,S3-33664410
S1-245453870	S2-833939149,S2-324150189,S3-941793003
S1-24546021	S2-864486130,S3-374015012
S1-245509766	S2-897681465,S2-471852586,S2-597722288,S2-738015298,S2-507703563,S3-34358900,S3-366958904
S1-245513404	S2-27306405,S2-833537151,S3-380831232
S1-245549150	S2-371962517,S2-968012948,S2-114473026,S3-903835856,S3-627839674,S3-885102148
S1-245587147	S2-756313525,S2-691264506,S3-608733381,S3-288330063,S3-120081918,S3-660011853,S3-168026500
S1-245666006	S2-226783202,S3-530047699,S3-341581660
S1-245674457	S2-694591690,S2-63452608,S3-388773288
S1-245690196	S2-994404324,S2-735089410,S2-684386304,S3-943127466,S3-99693278
S1-245820806	S2-344594992,S2-654085408,S3-223102928,S3-563387413,S3-491467684
S1-245876652	S2-826628418,S2-150669604,S3-823324091,S3-244950363,S3-499735569
S1-245943902	S2-199753336,S3-611938857
S1-245973593	S2-135285839,S2-437622619,S3-941757433,S3-704107375,S3-14617228,S3-263598224
S1-245980152	S2-669910963,S2-909140136,S3-850230566,S3-543162866,S3-551625034,S3-676890583
S1-24600585	S2-917735697,S3-440393553,S3-43441288
S1-246020940	S2-946338344
S1-24607175	S2-693865941,S3-886952171,S3-442135754,S3-373656712,S3-606869717
S1-246114567	S2-169286098,S3-278416010
S1-2461148	S2-855184001,S3-451409133,S3-156139335,S3-428303317,S3-733843621
S1-246137176	S2-383198081,S3-219159980,S3-431228809
S1-246140633	S2-116405253,S2-503848720,S3-183564277,S3-26732288
S1-246208440	S2-883729807,S2-812184091,S2-619372417,S3-353994571,S3-367214519
S1-246292202	S2-289226542,S3-955435552,S3-987684078
S1-246322035	S2-364137937,S2-533434518,S3-48208400,S3-166097799,S3-912303774,S3-527243257
S1-246329572	S2-969396515,S2-764234868,S3-765607103
S1-246336491	S2-231553116,S3-705953278,S3-301337809,S3-946212430
S1-24637681	S2-63200704,S3-313934567,S3-988879330,S3-685047779,S3-85504383
S1-246489364	
S1-246659874	S2-382402165,S2-427348908,S3-931841666
S1-24669163	S2-772644065,S2-266769490,S3-26436002,S3-367596581
S1-246777697	S2-380250464,S3-246042596,S3-739430661,S3-526931840
S1-246887259	S2-933809710,S2-877605679,S3-162682244
S1-247067424	S2-817166002,S2-969892330,S2-174713573,S2-610450512,S2-130297263,S3-88677492,S3-490104764,S3-994575172
S1-247102120	S2-498886510,S2-258903690,S2-716922942,S3-828503401,S3-160353731,S3-951025909
S1-247225434	S2-818297375,S2-915549494,S2-37780546,S2-738214267,S2-272927318,S3-754992240,S3-924876801,S3-570470109
S1-24724295	S2-561639999,S2-346223093,S3-426441189,S3-337295198
S1-247279150	S2-923218393,S2-279563398,S2-99302320
S1-247383065	S2-734880735,S2-994583938,S3-828119713
S1-247417344	S2-665171374,S2-846136444,S3-946810157,S3-226304099
S1-247509450	S2-721399615,S2-62179085,S2-47644770,S2-472460791,S3-707268053
S1-24760713	S2-456395056,S3-962229226,S3-838610800
S1-247618981	S2-183256306
S1-247635220	S2-503854214,S3-575305922,S3-926554108
S1-247678496	S2-867957819,S2-182920092,S2-722368321,S2-960102225
S1-247692145	S2-966271374,S3-104988295
S1-24777330	S2-421335178,S2-107984869
S1-247826620	S2-956043082,S3-582088657,S3-634222508
S1-247837605	S2-793564594,S3-456247975,S3-324631768
S1-247852164	S2-43523503,S3-875896831,S3-125906150
S1-247891050	S2-273605423,S2-342470380,S2-384925974,S3-107952069
S1-248039890	S2-381334554,S3-884873801
S1-248082806	S2-382808608,S2-357257543,S3-183478335,S3-169656698
S1-248093994	S2-164276640,S2-581446125,S3-467168335,S3-231619043,S3-174478157
S1-248129385	S2-387962556,S2-149670847,S2-684262502,S2-370222992,S3-589453534
S1-248134348	S2-252791779,S3-680762831,S3-119750400,S3-59134682
S1-248227619	S2-895329654,S2-605902344,S3-101420449,S3-411441354,S3-838869778
S1-248242000	S3-819682630,S3-663406594
S1-248251639	S2-637174275,S2-506989712,S2-891341260,S3-164692529
S1-248345756	S2-1023038,S2-155657803,S2-863010668,S2-488254321
S1-248350153	S2-210393076,S3-808744562,S3-296165612
S1-248374079	
S1-248379109	S2-375490755,S3-663531542
S1-24845531	S2-497752919,S3-422619028
S1-248481273	S2-737306184,S3-365621814
S1-248500958	S2-283453315,S2-491350455,S2-557325327,S3-768379302
S1-248501792	S3-997847073,S3-644658300
S1-248532087	S2-968687433,S3-670650874,S3-304674548,S3-548815697
S1-248538160	S2-51335435,S3-534766648
S1-248572443	
S1-248641240	S2-938529242,S2-584807916,S3-693582481
S1-248699678	S2-266392208,S2-382843717,S2-857785111,S3-269594300
S1-248731272	S2-138769540,S3-708276785
S1-248769466	S2-273270615,S2-107740602,S2-112244225,S3-463095873,S3-968982229
S1-24891322	S2-865536615,S3-605568885,S3-280893896
S1-24892935	S2-340550944,S2-157233475,S2-909662431,S3-636438034,S3-240366512
S1-248948117	S2-556397152,S3-679437730
S1-248972310	S2-109602053,S2-776670881,S3-373387894
S1-249013876	S2-762423117,S3-757645163
S1-249020277	S2-573282277,S3-218921852,S3-815197175
S1-24908131	S2-924253982,S2-413198689,S2-125683426,S3-487964318
S1-249168943	S2-116552388,S2-855929231,S3-218042382,S3-615764003,S3-404745909,S3-84448399
S1-249216420	S2-604541556,S3-56572435,S3-936393236
S1-24921890	
S1-249220734	S2-444611128,S2-186618279,S3-359489701,S3-555616770,S3-946692731,S3-78886167,S3-743667771
S1-249243263	S2-611315761,S3-615144141,S3-28081825
S1-249260030	S2-659105723,S2-928259610,S3-260735024
S1-249284670	S2-759159095,S2-444028222,S3-402739598
S1-249350369	S2-282316193
S1-249372134	S2-418325906,S2-165348143,S3-540641144
S1-249393995	S2-261906235,S2-914873056,S3-295451497
S1-249570762	S2-416020327,S2-188825091,S2-563144721,S2-220333227,S3-506809449,S3-700175476
S1-249616846	S2-72832463,S2-593761205,S2-978384030,S3-385248941,S3-341522495
S1-249674061	S2-99260120,S2-643984964,S3-171723030
S1-249680047	S2-831268515,S2-446240243,S3-831832544,S3-835619683
S1-24968790	S2-100501619,S2-368983531,S3-725604308,S3-795234168
S1-249739553	S2-116530278,S2-273891353,S3-715579161,S3-588933685
S1-249790316	S2-191161253,S2-50471713,S2-319271176,S3-798889745,S3-1863454,S3-105431126
S1-249854835	S2-587345444,S2-304376750,S2-616761629,S2-360961930,S3-349792270
S1-249863478	S3-919305474
S1-249956478	S2-431184845,S3-791981635,S3-998155311,S3-944717788,S3-757169926
S1-249965484	S2-103637923,S2-346803350,S3-603426236,S3-390926323
S1-250069339	S2-815295363,S3-568956393,S3-624512228
S1-250091254	S3-992267548
S1-250109572	S2-470961797,S2-180181885,S3-172743074,S3-838535879
S1-250132060	S2-827092673,S2-288615441,S2-31624352,S3-998097826
S1-250326135	S2-683339513,S3-231180140,S3-171128740
S1-250543190	S2-677914455,S3-644140166,S3-466752064,S3-97413546,S3-904283232
S1-250575785	S2-525922013,S2-591243673,S3-172438815
S1-250638850	S2-583127713,S2-564476088,S3-374621492,S3-504444659
S1-250748061	S2-463426214,S3-156742546,S3-880608794,S3-343423602
S1-250806713	S2-962395667,S3-816141465
S1-250858636	S2-276829190,S2-139745146,S3-943691742
S1-250870654	S2-79225759,S2-478617935,S3-90561470,S3-37260131
S1-250874554	S2-507135864,S2-749233376,S3-167525184,S3-385744695,S3-482517714
S1-250894701	S2-268930672,S2-582524386,S2-634173330,S2-861368831,S3-167460934,S3-404368630
S1-251138576	S2-335751646,S2-842429746,S2-500020894,S2-451215726,S3-670924054,S3-817660032
S1-251219325	S2-121366616,S2-284060705,S2-251127765,S3-524712912
S1-251255617	S2-427825483,S3-66973829,S3-580120509,S3-426538
S1-251335430	S2-384974540,S3-142757316
S1-251495140	S2-436615540,S2-899936892,S3-784599085,S3-507122428
S1-251545512	S2-921197393,S2-412096352,S3-726107095
S1-251575801	S2-850739435,S3-126035020
S1-251694328	S2-587836689,S3-103498283,S3-46027227
S1-251724456	S2-285483780,S2-149156525,S3-141554252,S3-496224413,S3-368931841
S1-251751981	S2-269323828,S3-868936002
S1-251834153	S2-880655506,S3-463703592,S3-199012580
S1-251931918	S2-597848756,S3-453755370,S3-303830108,S3-745863235
S1-252013647	S2-434826993,S3-103576246
S1-252090821	S2-462300707
S1-252110671	S3-419224288
S1-252116990	
S1-252247655	S2-630160430,S3-914369678,S3-652285008,S3-898071634
S1-252338097	S2-494790429,S2-806948864,S2-466197605,S3-586846867,S3-395268524,S3-758837760,S3-328436541,S3-118574614,S3-835576806
S1-252400569	S2-601236899,S2-432332803,S2-525920519,S3-339898485
S1-252433817	S2-27775582,S2-471856485,S3-771918818
S1-252449268	S2-702792619,S3-805278373
S1-252486074	
S1-25250448	S2-29347916,S3-613654368,S3-537786631
S1-25262966	S2-922443675,S3-796098892,S3-110029594
S1-25266604	S2-267059504
S1-252666492	S2-601800746,S2-47202976,S3-400869103,S3-34701420
S1-252670043	S2-526406512,S2-677130605,S3-282910380,S3-327878385
S1-252788735	S2-558597360,S2-523168908
S1-252889072	
S1-25303831	S2-238073036,S2-579258974,S2-719406853,S3-614419665
S1-253107945	S2-957185012,S2-181969035,S3-826822323,S3-166929510,S3-419638991
S1-253185653	S2-583363911,S3-766014540,S3-761973141,S3-743731015
S1-253226233	S2-774283466,S2-570845501,S3-802146633
S1-253290882	S2-870947736,S2-970938276,S3-702785966,S3-740310509
S1-25330156	S2-680095274,S3-422699567
S1-253305466	S3-376227204
S1-25335778	S2-130793458,S2-440370055,S3-979839289,S3-314185128
S1-253387849	S2-216835500,S2-163684020,S2-7857385,S3-320367220
S1-253460597	S2-39306962,S3-962025389,S3-748708737
S1-253601982	S2-281013507,S2-818254450,S2-423662128,S2-486455056,S3-999550800
S1-253634952	S2-46410350,S2-717081216,S3-721512494,S3-872594659
S1-253679932	S2-874929730,S2-798740109,S3-72177061,S3-982369742,S3-514151301
S1-253705495	S2-228492553,S3-348359456
S1-253737629	S3-119103180
S1-253803463	S2-485867064,S3-392480867
S1-253842104	S2-499449736,S3-380080290
S1-253853565	S2-901641526,S3-731539688,S3-846611228,S3-114946551,S3-880916480
S1-253861174	S2-271219823,S3-382795885
S1-253878231	S2-320095292,S2-97476497,S3-615498670,S3-503499158
S1-253893534	S2-451900583,S2-306971862,S2-361164575
S1-2539569	S2-871778984
S1-253973808	S2-723582833,S3-100186720
S1-254024917	S2-160597818,S3-951296477
S1-254045719	S2-982064579,S3-607521380,S3-841689036
S1-254095918	S2-779341552,S2-345050883,S3-389265541
S1-254119129	S2-296467378,S2-27220674,S3-445816351
S1-254176670	S2-133511750,S2-662652059,S2-288728339,S3-591515688,S3-388846287
S1-254197173	S2-186308575,S3-414430073,S3-942937128,S3-182315118,S3-377447454
S1-254212187	S2-88123131,S2-451438979,S2-228849233,S3-43506508,S3-95537083
S1-254236782	S2-785397066,S2-417678779,S2-99272229,S3-129305154,S3-325295729,S3-149207
S1-25425390	
S1-254311313	S2-735948831,S2-917879227,S3-990640308,S3-404894031,S3-890255791,S3-924616680,S3-439816184
S1-254347003	S2-604614802,S2-891158161,S2-653676468,S2-874158021,S3-624545326
S1-25443426	S2-301321692,S2-880311960,S3-19720942
S1-25448243	S2-935875976,S3-704781385,S3-958918930
S1-254499322	S2-926484483,S3-2425076
S1-254631978	S2-279291758,S2-184134955,S3-153659316,S3-162618208
S1-254644856	S2-111405939,S3-910387291,S3-306494235,S3-346953759,S3-782253129
S1-254689499	S2-493134599,S3-141243779,S3-556692274,S3-573158191
S1-254693239	
S1-254751166	S2-220365040,S3-204937018,S3-378026048
S1-254851806	S2-70117774,S3-46618921,S3-961600925,S3-773382509
S1-25488184	S2-249423860,S3-271985037,S3-204982563,S3-943117570,S3-778778944
S1-254927542	S2-427608032,S3-913960506,S3-514691989,S3-484981562
S1-255070694	S2-162276855,S3-614556910,S3-111910953
S1-255187274	S2-668529098,S3-87900879,S3-547426770,S3-321680478,S3-110725252
S1-255232080	S2-180104109,S2-739898235,S3-57211735,S3-26377692
S1-255242614	
S1-255257169	S2-653470080,S3-937881672,S3-858053828
S1-25527279	S2-476061407,S3-112340565
S1-255293382	S2-433448770
S1-255298260	S3-568962569
S1-255333478	S2-372888908,S2-979631517,S2-82069707,S3-40767341,S3-293325111,S3-196870943,S3-912527846
S1-255428211	S2-172768449,S2-822146714,S2-128189922,S2-913139435,S3-823292487,S3-215070658,S3-655008890,S3-990634217
S1-255554004	S2-986175315,S3-707856660,S3-109738455,S3-327861850,S3-276075368
S1-255558312	S2-590859438,S2-185627698,S3-773024090,S3-843782813,S3-582473062
S1-255688484	S2-666650240,S3-492975024,S3-762069685
S1-255770190	S2-362369454,S3-963339247,S3-313375715
S1-255856493	S2-932419168,S2-876192748,S2-342075484,S3-911785425,S3-440028478
S1-256129946	S2-253808776,S3-716200831,S3-576804070,S3-915683214
S1-256135923	
S1-256139087	S2-951200097,S3-50629441,S3-696858382,S3-88440337
S1-256146172	S2-390707831,S3-507755982
S1-256157704	S2-971920743,S3-888155877
S1-25620868	S3-149421223
S1-256317423	S2-763841744,S2-618445078,S3-14826662,S3-708274523
S1-256321203	
S1-256379053	S2-17067396,S3-833945986,S3-434913080
S1-256379174	S2-55054652,S3-774512944,S3-903958750,S3-36408764
S1-256458293	S2-491020624,S3-710131635,S3-928983532,S3-656871620,S3-582504927
S1-256543903	S2-809468630,S3-978880469,S3-827495950
S1-256557157	S2-289698236,S3-36618112,S3-64160664
S1-256615367	S3-24132380,S3-571418481
S1-256656123	S3-938954974,S3-802273854,S3-217467641,S3-749447452,S3-951507309
S1-256769532	S2-145963867,S3-599415703,S3-103698176,S3-98680636,S3-23256265,S3-324577278
S1-256854484	S2-301375187,S2-645544698,S2-747496365,S3-343307225,S3-822242571,S3-392017571,S3-230226600
S1-256857698	S2-266644195,S2-929750919,S2-3143465,S3-883317034
S1-256872013	S2-411530632,S2-921549130,S3-783787614,S3-781248524,S3-270782716
S1-256874921	S2-465094480,S3-800138886
S1-256877053	S2-934181060,S2-412811011,S3-990897009,S3-450705128
S1-256897256	S2-861098560,S3-602541821
S1-257003821	S2-120086716,S2-445930080,S2-408929323,S3-2743458,S3-225644297
S1-257089791	
S1-257177917	S2-580552536,S3-378126789
S1-257220402	S2-749769995,S2-732806856,S3-159276205,S3-809875689
S1-257223584	S2-149122972,S2-217280276,S2-348908001,S3-443087533,S3-655363240
S1-257237622	S2-179244325,S2-847308519,S2-745904594,S3-735022136,S3-556739522
S1-257267105	S2-584613107,S2-858239392,S3-776047515,S3-336428732
S1-257286554	S2-742647871,S3-25831731,S3-385630100
S1-257351888	S2-301999752,S2-635885461,S2-702940686,S3-90041519,S3-498125487,S3-224696426,S3-261860156
S1-257380594	S3-520567938
S1-257442447	S2-866052564,S2-211032630,S3-732432150,S3-319607565,S3-615265068
S1-257484613	S2-445206439,S3-67356790,S3-155619987
S1-257490909	S2-277690776,S3-718843583,S3-620228677,S3-655085008
S1-257530112	S2-268624937,S2-27512411,S2-34710413,S3-273817340
S1-25755593	S3-561214280,S3-479345822,S3-274396773
S1-257587817	S2-153048913,S2-606966618,S3-210652620
S1-257614969	
S1-257669668	
S1-257684417	S2-107700267,S2-22826365,S2-164909082,S3-267464838,S3-802693762
S1-2577995	S2-99960503,S3-278556337,S3-491966952
S1-257845982	S2-719140630,S2-557043074,S3-763276092
S1-257846716	S2-301672160,S2-256505194,S2-744221911,S3-747985799,S3-843884600
S1-257864735	S2-797254535,S2-828262328,S3-525235020,S3-604582480,S3-823886950
S1-257872784	
S1-257951123	S2-434534626,S2-992448661,S3-488752788
S1-257966728	S2-403759946,S2-821330513,S3-327493449,S3-687069959,S3-369911777
S1-257996624	S2-945755636
S1-258045070	S2-707462817,S2-509685031,S3-292445805,S3-777672243,S3-877103557
S1-258046712	S3-336051818,S3-680586781,S3-283070101
S1-258047234	S2-39984056,S3-172782687,S3-269348917,S3-80721093,S3-81928393,S3-174515035
S1-258059910	S2-691192033,S2-734295888,S2-719005349,S3-736629421,S3-976623427
S1-258210899	S2-310344940,S2-7685885,S3-541903519,S3-992354765,S3-228389638
S1-258232033	S2-659788173,S3-465252437,S3-688403361,S3-762867063
S1-258371432	S2-184839951,S2-126269110,S2-172679695,S3-239375233,S3-920508169,S3-342065324,S3-652799850
S1-258461004	S2-904638332,S2-439662354,S2-426858394,S3-335144590,S3-154915052
S1-258534199	S2-580748110,S3-350599646,S3-4327467
S1-258540634	S3-892125196,S3-151873014,S3-173203641
S1-258616288	S2-92122037,S2-22735453,S2-104885299,S2-478683166,S3-88451348,S3-486040658
S1-258688979	S2-211138881,S3-136164632,S3-447949454
S1-258724443	S2-587104700,S2-600314174,S2-561065271,S3-62595166,S3-726863274,S3-551702035
S1-2588537	S2-595478258,S3-675373643
S1-258879050	S2-369538,S2-612045123,S2-741377166,S3-860411006,S3-117322328
S1-25898776	S2-744373557,S3-837326114,S3-133923036
S1-259049670	S2-919963769,S3-779857395,S3-844710984
S1-259096259	S3-488416940
S1-259173851	S2-527801525,S2-712967599,S2-692851967,S2-384235479,S3-629946562,S3-139170005,S3-563892732
S1-259309070	S2-731660861,S3-696420837,S3-628662215,S3-142194542,S3-321899279
S1-259321318	S2-108320600,S3-957949486,S3-747883052,S3-222920037,S3-736055037
S1-259384300	S2-545815614,S3-320641025,S3-12117902
S1-259406215	S2-729098135,S3-701878571,S3-421421648
S1-259435745	S2-120451896,S2-344474822,S3-275579809,S3-933930967,S3-958104799
S1-259536852	S2-630787103,S3-336928946,S3-922557711
S1-259539694	S2-757127667,S2-998914119,S2-835876560
S1-259539807	S2-620977384,S2-765450547,S2-602840676
S1-259642755	S2-244424546,S2-805353204,S3-424507538,S3-263121946
S1-259767478	S2-561928350,S2-176091763,S2-931102,S2-613426718,S2-940706787,S3-722075994,S3-228015206,S3-818899422
S1-259898812	S2-595338848,S2-82810376,S3-796211257,S3-289011112,S3-942276044,S3-521539946
S1-259944833	S2-809331304,S2-36588396,S3-302683339,S3-933669464,S3-3864667
S1-259976635	S2-185369361,S3-392962682,S3-858557618
S1-260001548	S2-264187003,S2-129790769,S2-754619775,S2-885604643,S2-778858246,S3-131467198
S1-260078588	S2-883012770,S2-234054569
S1-260153848	S2-476449735,S2-505394650,S2-715001225,S3-411854982
S1-260348480	S2-785241356,S2-482965766,S3-918258440,S3-403577669
S1-260365283	S2-343553419,S2-155265605,S2-201608555,S3-828983894,S3-298718070,S3-828848991
S1-260387483	S2-968608232,S2-451044884,S3-933425544
S1-260431160	S2-378915177,S3-268586836
S1-260466067	S2-226318094,S2-146404475,S2-656478180,S3-230661088
S1-260650107	S2-74997455,S2-713688075,S2-615828577,S3-520329957,S3-476211234
S1-260665913	S2-606038741,S3-71742564,S3-341279629,S3-149681589
S1-260762439	S2-434678081,S2-868107128,S3-844144526,S3-35313727,S3-817165596,S3-497944831
S1-260801076	S2-463807260,S2-561032003,S3-294635289,S3-670738248
S1-260818395	S2-257178629,S2-867034231,S2-449328788,S2-874880089,S3-307067289
S1-260919303	S2-780599875,S3-247406129,S3-806099661
S1-260943340	
S1-261006464	S3-195533082
S1-261009625	S2-489006574,S3-865327314,S3-905832204
S1-261013751	S2-494519155,S2-68440455,S2-961661488,S3-684233143,S3-96667865,S3-159590852,S3-272511930
S1-261069806	S2-438120867,S3-468299225
S1-26123071	S2-637473759,S3-196628430
S1-261238172	S2-292186601,S2-607555731,S2-592296364,S2-954991343,S3-461691710,S3-149152388,S3-959769509
S1-261281832	S2-784268340,S3-686036311
S1-261309054	S2-790609488,S2-79233238,S3-341272195
S1-261328716	S2-612434959,S3-19113376,S3-358883510
S1-261389460	S2-254885343,S2-558141970,S2-280090647,S2-483983314,S3-641272627
S1-261401065	S2-442775335,S2-940723463,S2-713387299,S3-994524617,S3-862013565
S1-261424011	S2-703460733,S2-114903760,S3-892099448,S3-757774023,S3-381489112,S3-246859785
S1-261500276	S2-539413691,S2-343833863,S3-498768339,S3-601809625
S1-261561675	S3-773602014,S3-438164221,S3-906676827
S1-26159394	S2-970590487,S2-590493251,S2-650605296,S2-949312533,S3-436664047
S1-261621949	
S1-261808959	S2-935786368,S2-58564968,S3-749473395,S3-968853745
S1-261821253	S2-289067409,S2-297358171
S1-261835821	S2-789238532,S2-332689603,S3-169571392
S1-261864393	S3-454147561
S1-261864683	S2-695447989,S2-707944329,S3-994696917,S3-773364273,S3-259863917
S1-2619140	S2-156483911,S2-918090125,S3-111579307,S3-919532344,S3-755678301,S3-478520568
S1-261943345	S2-538827835,S2-713361518,S2-347759712,S2-844461803,S3-212806217
S1-261987700	S2-340707629,S2-386928820,S3-436555416,S3-423996970,S3-384496229,S3-231225026
S1-261992242	S2-701382771,S3-549638982,S3-458042243
S1-26203764	S2-744436263,S3-106091887,S3-553139287,S3-428245256,S3-415426108
S1-262141073	S2-572962330,S2-590252022,S3-772839901
S1-262154353	S2-407428142,S2-258672108
S1-262246786	S2-143491280,S3-865054006,S3-86760804
S1-262324526	S2-129753656,S2-734852205,S3-290677358,S3-869054784
S1-262426831	S2-201923095,S2-232554099,S3-550285841,S3-733057158,S3-835124045,S3-560038486
S1-262441164	S2-39402257,S3-722072771,S3-947356514,S3-240023829,S3-682271337
S1-262446171	S2-893795084,S3-528405774
S1-262504547	S2-245889999,S2-271687080,S3-331553842,S3-568314671
S1-262525110	S2-779966649
S1-26256799	S3-728651397,S3-522355191
S1-262574341	S3-428405942
S1-262611001	S2-594842753,S3-605919955
S1-262854380	S2-832525205,S2-695882292,S2-71658284,S3-762515950,S3-821432978
S1-262862716	S2-782651798,S3-633954351
S1-26288919	S2-120869561,S2-484302682,S3-296413776
S1-262905022	S2-341281721
S1-262995566	S2-353771582,S2-494011394,S2-293471175,S3-151194471,S3-976687068
S1-263203346	S2-694051269,S2-623635710,S3-847173369,S3-612780478,S3-831402207
S1-263317613	S2-596530438,S3-246337060,S3-563724924,S3-992110713,S3-268858255
S1-263356729	S2-659093130,S3-294970791
S1-263357749	S2-413240292,S3-755246754,S3-240963797
S1-263550376	S2-298052417,S3-409963003
S1-263701980	
S1-263788688	S2-751506004,S3-763727686,S3-991519246,S3-755664640
S1-263810050	S2-558246461,S3-908629302
S1-263933904	S2-754202978,S3-84950405,S3-788131513,S3-674953264
S1-26393506	S2-92420769,S3-977637560,S3-451080273,S3-245872744
S1-263995761	S2-433634019,S3-59550216,S3-405524360
S1-264001864	S2-669087192,S3-377480547,S3-546913638,S3-449857911
S1-264020110	S2-255732056,S2-938169556,S2-137597912,S2-40010030,S3-813107676,S3-485247907
S1-264050838	S2-16483316,S2-534249485,S3-976768156
S1-26421108	S2-225500508,S3-380679211,S3-529760767,S3-401528141,S3-347795134,S3-469778038
S1-264309647	S2-851668477,S3-5403161
S1-264335922	S2-565278302,S3-82310363
S1-264344069	S2-782459298,S3-644613606
S1-264473018	S2-305592850,S2-995671908,S2-559377727,S3-336053697,S3-350803279,S3-916702263
S1-264474565	S2-86971003,S2-388548925,S3-417989638,S3-121612269,S3-734716288
S1-264525495	S2-583968663,S3-601116161,S3-490565259
S1-264540957	S2-640184625,S3-117505426,S3-654338929
S1-264543941	S2-445625291,S3-170650981
S1-264633603	S2-470656131,S3-648306375,S3-772358312,S3-497433982,S3-21437906
S1-264733822	S2-74587074,S3-898957739,S3-601498872,S3-569513908
S1-264748176	S2-970735673,S2-437634975,S3-703400238,S3-31357089
S1-264857797	S2-946169660,S3-534436543,S3-396423047
S1-264915682	S2-954244336,S2-639906849,S3-602310065,S3-120602710,S3-19123686,S3-926901112
S1-265048947	S2-330974473,S2-279810229,S3-10109670,S3-919595011,S3-884398875,S3-702023391
S1-26506122	S2-845488963,S3-404685463,S3-504611138
S1-265223828	S2-681825258,S2-650474100,S2-986109238,S2-398322106,S2-453996021,S3-504814451,S3-468282068,S3-129406417
S1-265420853	S2-714612680,S3-429531660,S3-4332948,S3-970012688
S1-265447918	S2-250974648,S2-662075845,S2-211244881,S2-67238608,S3-296161687,S3-174921651
S1-265518445	S2-656591872,S3-371899952,S3-942812219
S1-265651686	S2-200189633,S2-54464708,S2-698683860,S2-546557614,S3-313541269
S1-265702453	S2-837701396,S3-858693117,S3-151144398
S1-265740252	S2-661390603,S2-457744662,S3-753424358
S1-265811686	S2-727268458,S3-658983435,S3-990373783
S1-265837050	S3-17362767,S3-161048128
S1-265885721	S2-16419190,S3-121898994,S3-20856936
S1-265975588	S2-865767257,S2-211208228,S3-840638391,S3-934162544,S3-89671503,S3-565717187
S1-266009881	S2-619646656,S2-495142391,S3-646361337
S1-266048770	S2-588058630,S2-427988640
S1-26605117	S2-814840718,S3-733682075,S3-652994967
S1-266102371	S2-556312514,S2-886587990,S3-724773988,S3-208260086,S3-995441380
S1-266141429	S2-635887362,S3-146849042,S3-482597702,S3-101618717
S1-26617107	S2-936195849,S2-418495181,S3-79565181,S3-114871540,S3-657124011,S3-844052709
S1-266172248	S2-126905459,S3-33839614,S3-935894776
S1-266420046	S2-351407141,S2-483533568,S2-295820624,S3-137127609,S3-519362854,S3-711511912
S1-266483222	
S1-266496344	S2-290451166,S3-320857775,S3-102806950
S1-266529741	S2-439434575,S3-449677276,S3-880219746
S1-266660953	S2-685108783,S3-578686522,S3-913471899
S1-266705231	S2-655372139,S3-306309223
S1-266713905	S2-870106635
S1-266769368	S3-698546781
S1-266778130	S2-794806678,S2-342186845,S2-126765401,S3-726704046,S3-143012584
S1-266794129	S2-608953029,S2-955350398,S2-779713328,S3-861020165
S1-266816475	S2-829488517,S2-35424611
S1-26686366	S2-880159595,S2-536623335,S2-358863320,S3-230883166,S3-465378715,S3-770478145
S1-266933328	S3-309603717,S3-358650042,S3-390715975
S1-267048677	
S1-267131227	S2-522177404,S2-903425597,S2-359760561,S3-366569924,S3-407708489
S1-267163644	S2-372927717,S2-576542113,S2-64326574,S3-339591591
S1-267184990	S2-303690046,S2-720803571,S2-214378630,S3-746948370
S1-267189572	S2-305044551,S3-210727084
S1-267205047	S2-784357395
S1-267207178	S2-914598538,S3-114153606,S3-530517160,S3-847316105,S3-337751157
S1-267212762	S2-956159072,S2-999375834,S2-996634818,S2-266336462,S2-128897945,S3-80200576,S3-955907655,S3-717104512
S1-267391791	S2-35513312,S2-611395682,S2-40829032,S3-465935702
S1-267528748	S2-102496663,S2-379891963,S3-520407706
S1-267611110	S2-961684742,S2-577525027,S3-277206383,S3-712369063
S1-267762166	S2-311443138,S2-164793331,S3-503480151,S3-787338380
S1-267892628	S3-623613740,S3-394702670,S3-917630032
S1-267915297	S2-821240922,S2-493825628,S3-280433712,S3-909905750,S3-156963599
S1-267963622	S2-969680848,S2-329367085,S3-392068676,S3-304544343
S1-268030456	S2-226883005,S2-207629082,S3-82454205,S3-123833690
S1-268072428	S3-777182700,S3-906580087
S1-268093750	S2-858017263,S2-156566949,S2-450840444,S3-793511392,S3-506080834
S1-268128207	S2-723966147,S2-516504685,S2-11518453
S1-268336087	S2-941959339,S3-177211258
S1-268404560	S2-283316322,S2-842890313,S3-411225091,S3-931526961
S1-268528016	S2-6930790,S2-928428742,S2-98658177,S3-744962948,S3-5767547,S3-485902466,S3-517665721
S1-268534316	
S1-268599288	S2-460912586,S2-385651612
S1-268636184	S2-131221349,S3-312521810,S3-240542264,S3-818602809,S3-310163700
S1-268644642	S3-785671664,S3-943319834
S1-268670516	S2-597780751,S3-177561625,S3-370102136,S3-526498485,S3-822749311
S1-268687477	S2-705104664,S3-449337505,S3-973003766
S1-268719232	S2-888955979,S2-860517089,S3-658552534,S3-817546416
S1-268763661	S2-936272825,S2-902424532,S3-243571142,S3-468009989
S1-268806862	S2-692447357,S2-711708314,S3-571166790,S3-661444288
S1-268990420	S2-269318759,S2-537851096,S3-144436722
S1-269065477	S2-829860549,S2-138317005,S2-604027055,S3-894007986,S3-746405359
S1-269077053	S2-861526238,S3-242309461,S3-85370
S1-269119653	S2-324075229,S2-368898249,S2-694594236,S3-299940628,S3-374914337
S1-269173799	S3-301561400
S1-269201198	S2-839417911,S2-307019337,S2-112669,S3-870432512,S3-697907424,S3-1358784,S3-62505385
S1-269308775	S2-755078101,S2-813854587,S2-536005617,S3-715162163,S3-391416938,S3-277701315
S1-269342182	S2-891026135,S2-576107050,S2-450263415,S3-180894536,S3-640569290
S1-269393567	S2-604287507,S3-509929077
S1-269452002	S2-699354246,S2-747940035,S3-904846823
S1-26952844	S3-111412351
S1-269578253	S2-805020978,S2-485809386,S2-716927649,S3-598246681
S1-269815077	S2-263464903,S2-616873552,S2-155385871,S3-141366308,S3-221022355
S1-269840605	S2-768150482,S2-705351298,S3-568384267,S3-939270558
S1-269944996	S2-765306559,S2-216117719,S3-158322704
S1-269959470	S2-632570268,S3-998043924
S1-270052906	S2-869067802,S2-373454683
S1-270260298	S2-123051377,S3-609293763,S3-617033555,S3-834889528
S1-270338646	S2-765517755,S2-182714,S3-476556067,S3-441119794,S3-126610165,S3-347530104
S1-270339064	S2-855710434,S2-756813670,S2-303643880,S3-937186570
S1-270372848	S2-625879764,S2-175488763,S3-181490828
S1-270410156	S2-139355740,S2-589501711,S2-345321001,S2-247488874,S3-519426620
S1-270424364	S2-203975417,S2-308298730,S2-895534708,S2-453630691,S3-596560436,S3-896489661
S1-270510616	S2-390284828,S3-904730939,S3-380015267
S1-270524268	S2-193605047,S2-204088207,S3-935166831
S1-270555424	S2-279830121,S2-500924026,S2-126828851,S3-103293368
S1-270588529	
S1-270661051	S2-387343979,S2-829299099,S2-738144871
S1-270699188	S2-82499895,S3-340451763
S1-270779278	S2-955419088,S2-309826190,S2-782622160,S3-779452897,S3-238203800,S3-433750616
S1-270846951	S2-836472423,S2-894939227,S2-200347706,S2-61134603,S2-780150929,S3-719994963,S3-860644447
S1-270895137	S2-374079385,S3-727252956,S3-949125166,S3-178027124
S1-270936880	S2-21153738,S3-645443011,S3-278614517,S3-75081246
S1-270948102	S2-170761953,S2-264587891,S3-381824031,S3-778730569,S3-910954687
S1-271139913	S2-28179500,S3-266057798,S3-685105467,S3-86358809
S1-271186664	S2-317822640,S2-216808777,S3-164252903,S3-321366534
S1-271193574	S2-449474517,S2-784975667,S2-314219478,S2-440911590,S3-880490397
S1-271198315	S2-738441956,S2-608817816,S3-406336898,S3-713281039,S3-302765508,S3-397821894
S1-271235308	S2-985207213,S2-816128499,S3-554047866
S1-271244289	S2-433659612,S2-537464589,S2-465329837,S3-213911464,S3-192796813
S1-271245381	S2-951601111,S3-545497584
S1-2712802	S2-73947763,S3-640071318,S3-940481254,S3-655553447,S3-941092062
S1-271296259	S2-211446445,S2-509541985,S3-106292825,S3-747768257
S1-27133678	S2-909491614,S2-940100372,S2-676945537,S3-883273222,S3-683062041
S1-271516881	S2-877048074,S3-379955881,S3-978910144,S3-351173046
S1-271517847	S2-414258461,S3-821516337,S3-451123273
S1-271571719	
S1-271626868	S2-476562996,S3-490788122,S3-60915470,S3-412623307
S1-27163508	S2-107692576,S2-640235664
S1-271644568	S2-909275950,S2-734950117,S2-455545518,S3-218212530,S3-130678540
S1-271647492	S2-444544064,S2-566127558,S3-230724797
S1-271695348	S2-537444202,S2-576928294,S3-428834159,S3-629637691
S1-271726168	S2-312985943,S3-305096185,S3-758768893
S1-271812246	S2-725777175,S2-119143119,S3-367138345,S3-619955151
S1-27194364	S2-357553357,S3-216369375,S3-545189154,S3-996026834,S3-541762736
S1-272035346	S2-387771898,S3-577022387,S3-196694578
S1-272069421	S2-151681040,S3-48554950,S3-611805926
S1-272110224	S3-356174262,S3-396460655
S1-272133684	S2-601532987,S3-516884306
S1-272134792	S2-157759626,S2-711135449,S3-142918276,S3-124034984
S1-272157324	S2-661051602,S3-890895967
S1-272192181	S2-496449846,S3-369112779,S3-312444559
S1-272262689	S2-434460638,S3-16405491,S3-157741354,S3-219472983,S3-738211198,S3-278369618
S1-272294547	S2-106561570,S3-434905330
S1-272308631	S2-193884004,S2-393505159,S3-557193851,S3-361260482,S3-320365989
S1-272356662	S3-559204574
S1-27243949	S2-68999334,S3-707648300,S3-931050622,S3-755427030,S3-841689489,S3-137864231
S1-272519992	
S1-272553586	S2-612008648,S3-109846262,S3-248068775
S1-272585110	S2-949366678,S2-345692779,S3-533515681,S3-920167651,S3-722957781
S1-272622887	
S1-272631255	S2-251559196,S2-272564377,S3-425486807,S3-158172996
S1-272696863	S3-372341356
S1-272776062	S3-308187132,S3-589440040
S1-272787968	S2-33823394,S3-811714319
S1-272823992	S2-262925053,S3-433723165
S1-272829554	S2-167255655,S2-389475912,S3-272966060,S3-994377207
S1-272832086	S2-289956807,S3-172893217
S1-272837239	S2-435656873,S2-21466621,S2-30209376,S3-553266040
S1-272846049	S2-14458317,S2-139463732,S2-828288468,S3-501636827,S3-184802802
S1-272896357	S2-52772766,S2-759837521,S2-132167678,S3-526723978
S1-272953040	
S1-272973391	S2-776535887,S2-206593630,S3-924156482,S3-424714199
S1-272997356	S2-470085265,S2-48122165,S3-235727705
S1-273045900	S2-70643055,S3-753961591
S1-273085624	S2-922497087,S3-480045607,S3-841750839
S1-273132322	S2-716713991,S2-947831701,S2-249896561,S3-155768932,S3-576638480
S1-273305540	S2-763265325,S3-941549350
S1-273369773	S3-307864051
S1-273449719	S2-971747902,S3-847929930
S1-273479497	S3-62669725,S3-286561041,S3-59674016,S3-468805231
S1-273588250	S2-300234670,S3-833596072,S3-957685870
S1-273599130	S2-13757723,S2-565634345,S3-681797606,S3-685580553,S3-660934600,S3-327185171
S1-273691054	S2-636287642,S2-206357719,S2-89578499,S2-534042485,S2-475327117,S3-254148310
S1-273787561	S2-749299513,S2-440905924,S2-139042775,S2-802304278,S3-681542242,S3-979479249,S3-670178356,S3-327790077
S1-273845029	S2-966584516,S2-929649023,S3-622281365
S1-273965567	S2-386258119,S2-4304333,S2-264088025,S2-822700331,S3-465412709,S3-723268184,S3-691702545,S3-581882128
S1-273982308	
S1-274064793	S2-87205741,S2-972246918,S2-361446966,S3-716825496,S3-742877563,S3-997652589
S1-274072393	S2-915026092,S2-949684136,S2-423385090,S3-575743441,S3-849789531,S3-944232217
S1-274151390	S2-129889289,S2-569485361
S1-274160563	S2-118708584
S1-274225651	S2-348079490,S3-636782411,S3-197150797,S3-419728706,S3-555997770
S1-274247720	S2-60439510,S3-226973877,S3-396588534
S1-274252215	S2-635571032,S2-431695758,S2-55366557,S3-697969217,S3-107735582,S3-340187734,S3-659175381
S1-274278065	
S1-274420224	S2-9546077,S2-817953888,S3-593086860
S1-274618292	S2-855001654,S3-252442416,S3-310626808
S1-274647601	S2-415949108,S2-362875767,S3-109791537
S1-274648899	S2-207295203,S2-445008536,S2-774740685,S3-846625836,S3-751256308,S3-786325908
S1-274654480	S2-551697117,S2-976295479,S2-651567253,S3-860635735,S3-243214746
S1-274787566	S2-573375808
S1-274796422	S3-729883869
S1-274861386	S2-661984486,S2-722869557,S3-711654521,S3-422909582
S1-274963179	S2-392896822,S2-919099973,S3-739001480,S3-455087286
S1-274967953	S2-160371417,S3-454303571
S1-274980305	S2-116099427,S3-397953430
S1-275061607	
S1-275287826	
S1-275310413	S2-383302784,S2-166272926,S2-639774632,S3-253922090
S1-275339499	S2-663214475,S3-507421680,S3-92787455
S1-275427235	S2-690445706,S2-811317128,S3-702973226
S1-275469985	S2-768120134,S3-474481894,S3-987608193
S1-275471890	
S1-275478697	
S1-275544899	S2-161740213,S3-888634015,S3-972436788,S3-856446196
S1-275575848	S2-256336329,S3-546125192,S3-588223754
S1-275625020	S2-97838869,S3-733282615
S1-275648141	S2-673209058,S2-839474520,S2-944804820,S3-4890477,S3-430680024
S1-275730090	S2-967026707,S2-271153476,S2-849769181
S1-275809262	S2-850598644,S2-954761426,S3-35322927
S1-275825303	S2-884809278,S3-536854924
S1-275883036	S2-71396258,S2-583435152,S3-489465250
S1-275886642	S2-396747980,S3-536813813
S1-275904123	S2-323718117,S2-600243137,S3-678903245
S1-275964121	S2-524836676,S3-128181763
S1-275981263	S2-937668332,S3-284707658
S1-276021313	S2-9659248,S3-143835731
S1-276053097	S2-7280021,S2-222875653,S2-600028990,S3-992778467,S3-594835209,S3-156565489
S1-276100557	S2-890353453,S2-313136033,S2-964992838
S1-27613346	S2-277481345,S2-604325365,S3-899722191
S1-276151587	S2-663956479,S3-975238824,S3-381189151,S3-352787323
S1-276164981	S2-433637942,S2-26840790,S2-254324541,S3-716418355,S3-336280373
S1-276181818	S2-108093606,S2-873351922,S2-174890450,S2-61214401,S2-366988499,S3-221468569
S1-276316239	S2-424666696,S3-157390099
S1-276351807	S3-457892460
S1-276409619	S2-365785877,S3-745665629,S3-68950288
S1-276410235	
S1-276414880	S2-838979471,S2-736951037,S3-356159915,S3-556517221,S3-194951135,S3-510080922
S1-276475284	S3-192904651,S3-700248404,S3-308713896,S3-200119805
S1-276483848	S2-467458554,S2-973915557,S3-428391598,S3-214627578,S3-964574131,S3-467557740
S1-276505117	S2-365797429,S2-276188661,S3-392847949,S3-871704977
S1-276653803	S2-897849601,S2-17619303,S3-359466197,S3-965140419
S1-276678223	S2-885671193,S3-858600641
S1-276687290	S2-805450746,S3-81352846
S1-276778318	S2-489122985,S3-810392851,S3-257691068,S3-813092892
S1-276813163	S2-530230121,S2-356547226
S1-276889052	S2-722959170,S2-25238990,S3-913557149,S3-303927357,S3-916069473
S1-276948384	S2-254685188,S2-132209490,S3-74375228
S1-277111752	S2-477594807,S2-47592629,S2-202170929,S3-672794976
S1-277147520	S2-939570811,S3-265988035
S1-277150644	S2-311990992,S2-324097304,S2-586555906,S3-150670316,S3-737603764,S3-10715976
S1-277183882	S2-746359676,S3-127195295,S3-41403629
S1-277233067	S2-559127235,S2-12693035,S2-908947633,S3-550110276,S3-903985558,S3-497640785
S1-277337879	S2-776557322,S2-800508203,S2-953872426,S3-792925697,S3-447120728
S1-277386714	S2-192173139,S3-932105646,S3-51214135
S1-277409354	S2-755242823,S3-610865961,S3-596135250,S3-339702269
S1-277547471	S2-13605746,S3-320720442,S3-219848675,S3-793779397
S1-277600294	S2-527476916,S2-389488246,S3-716626614
S1-27763965	S3-487120113
S1-277730819	S2-807693136,S3-369967136,S3-511827539,S3-146287194
S1-277760378	S3-189662591,S3-993228850
S1-277835289	S3-311047065,S3-549425589
S1-277897863	S2-761374606,S2-599243921,S2-438719928,S3-843212758
S1-277913274	S2-513452729,S2-334193027,S2-973389417,S2-123874214,S3-902316074
S1-277915442	S2-112167916,S3-859985482
S1-277926135	S2-364435457,S2-395266170,S3-166416510,S3-836587230
S1-278062756	S2-467094778,S2-642009576,S2-937843614,S3-650783853,S3-763540356,S3-307612717
S1-278071341	S2-479461832,S3-826368115
S1-278151471	S2-396706065,S3-628244440,S3-721076958,S3-122370603
S1-278212414	S2-735364636,S3-68654882,S3-688001290,S3-296464997,S3-828705911
S1-278323770	S2-528807336,S2-753083030,S2-389090506,S2-836442298,S3-298471145,S3-544069132,S3-411638495
S1-278334840	S2-423418435,S2-327532479,S2-500331858,S3-826987224,S3-779527603,S3-404359082,S3-672709988
S1-278408466	S2-533544094,S2-222324209,S3-573710216,S3-808093502,S3-15414195,S3-574907635
S1-278542445	S2-429793744,S2-391195372,S3-975379884
S1-278626863	S2-777480526,S3-355301113
S1-278632247	S2-390064115,S2-509988862,S2-793701937,S2-130909476,S3-918038260,S3-799114202
S1-278661286	S2-827727781,S3-80434632,S3-653973886
S1-278707496	S2-264922040,S2-155689190,S2-47072656
S1-278755959	S2-197312569,S3-519696236
S1-278772270	S2-830305268,S3-700114001,S3-328255089
S1-27883620	S2-9106094,S2-408145136,S2-299367530,S3-590813060,S3-458221706
S1-278883119	S2-654324838,S2-613708567,S3-499000323,S3-571905248
S1-278930873	S2-892981669,S3-135648205,S3-735066187,S3-478281554
S1-278937437	S3-209434208
S1-279006362	S2-671225098,S3-50215222,S3-601651022
S1-279070761	S3-14590091,S3-357751890,S3-909066834,S3-525614908
S1-279122812	S2-661824607,S3-363666518,S3-639378735,S3-788243040
S1-279407932	S2-982489515,S2-585751818,S3-718472010
S1-279586341	S2-980055745,S2-586543780,S3-506079602
S1-279638311	S2-87436161,S2-664626730,S2-304606341
S1-279732938	S2-40511034,S3-730911599
S1-279844852	S3-204190748
S1-279953173	S2-403044259,S2-478564641,S3-295930170,S3-917515367
S1-279995900	S2-777576269,S2-536168491,S2-156765505,S3-689821861,S3-593895711
S1-280184623	S2-517435999,S2-444427285,S3-747376411,S3-843745709
S1-280432115	S3-483092596,S3-355794198,S3-608389913,S3-349155571
S1-280520542	S2-260925548,S3-413972997,S3-186863980,S3-159091799,S3-56341539
S1-280876978	S2-280876990,S3-238972750,S3-789570740,S3-127625689
S1-280892937	S2-900617752,S3-640268728,S3-694640880
S1-280995739	S2-521099251,S3-675227766
S1-28100426	S2-293097294,S3-24020927
S1-281094687	S2-970461423,S2-41515217,S2-998323810,S3-886982580
S1-281154384	S3-485990943,S3-231028385,S3-851295854
S1-281193773	S2-705035835,S2-859457080,S2-497595533,S2-872602774
S1-281277125	S3-913242611,S3-769180775
S1-281352738	S2-543913496,S2-509267098,S3-441520976,S3-312136370
S1-281465051	S2-987613203,S3-524086170,S3-804717459
S1-281534761	S2-354677427,S2-867947806,S2-26465989,S3-644671399
S1-281600072	S2-109101798,S3-928053834,S3-762004905,S3-756140220
S1-281604157	S2-376651239,S3-890853027,S3-934948253,S3-478913729
S1-281628317	S2-345139870,S3-962953077,S3-102447885
S1-281691488	S2-455803684,S2-701784968,S2-970764487,S3-744815433,S3-176583496,S3-382231287,S3-286376864
S1-281715817	S2-945257486,S2-721926886,S3-622546013,S3-786745010
S1-281777331	S2-408545062,S2-558357943,S2-621415388,S3-483087458,S3-751181879
S1-281819604	S2-210926758,S2-219501029,S2-223072345,S3-145059220,S3-376952917,S3-713973685,S3-229475789,S3-759574580
S1-281850749	S2-949745958,S3-734125994
S1-281917468	S2-504051199,S2-613057416,S3-544845548,S3-111491185,S3-527098128
S1-281925288	S2-83222734
S1-281963289	S2-788508008,S2-883271427,S3-388861016,S3-714481175
S1-282045402	S2-75614542,S3-115375300,S3-142061362
S1-282108085	S2-126348120,S3-615627570,S3-854962021,S3-264848896
S1-282257228	S2-151693421,S2-717021316,S2-556877043,S3-408527629
S1-282339925	S2-957795407,S2-657457480,S2-871818314,S3-301413178
S1-282374303	S2-640810735,S3-121311461,S3-629205976
S1-28246128	S2-291864316,S2-61291006,S2-347746864,S3-419965126
S1-282485739	S2-579191963,S3-701751135
S1-282491141	S2-543956975,S2-423576035,S3-897339448,S3-213301899
S1-282584840	S2-577786193,S3-148778852,S3-773889787
S1-28263645	
S1-282653170	S2-538918889,S3-958791618,S3-853088501
S1-282876719	S2-425198755,S3-594749849,S3-689948229,S3-885447025,S3-265424911
S1-282962111	S2-179658524,S3-58001433,S3-516382173
S1-28299146	S2-949539139,S2-627042845,S2-127394711,S2-444612580,S3-343789158,S3-339083285
S1-283075909	S2-938697343,S2-237655344,S3-530301425
S1-283130082	S2-931676576,S2-260173313,S3-219479454,S3-320232808,S3-77417946
S1-283199629	S2-273282846,S2-733760382,S3-200594365,S3-252731122
S1-283201867	S2-565170410,S2-276661202,S2-18291660,S3-663879678
S1-283278160	S2-326111748
S1-283367020	S2-27723183,S3-801479313,S3-818012945
S1-283428667	S2-890403902,S2-291345901,S3-100626008
S1-283430703	S2-82573153,S3-28485715
S1-283447175	S2-420119005,S2-87893575,S3-766589333,S3-297740321,S3-189781766
S1-283519249	S2-378300061,S2-891371138,S3-71379401
S1-283552250	S2-5294261,S2-305559128,S3-43862780,S3-682364831
S1-283694482	S2-337777463,S2-41629213,S2-132021386,S2-903941771,S3-94219256,S3-16731229
S1-28382763	S2-645037357,S3-185420525
S1-283848004	S2-416788176,S2-557341931,S3-618477948
S1-28388802	S2-377601428,S3-462290854,S3-722023352
S1-284033087	S2-667049295,S3-18026030,S3-585955206,S3-769482298
S1-284045840	S2-668708866,S2-638448754,S2-454407497,S3-19038880,S3-995496284,S3-374477141,S3-873736282
S1-284051360	S2-425062932,S2-439382168,S3-96843129,S3-923270021
S1-284138826	S2-481580755,S2-191571931,S3-559129171,S3-216429080
S1-284145774	S2-648890627,S3-232482170
S1-28430726	S2-81551031,S2-396073461,S3-10289404
S1-284327050	S2-465090118,S2-470311556,S3-201845940,S3-887587029
S1-28440039	S2-379945614,S3-795781862,S3-687417186,S3-893941761
S1-284464592	
S1-284520591	S2-110339139,S2-977407009,S2-264980784,S3-488120161,S3-701783472
S1-284582964	S2-790104987,S2-524744577,S2-900823581,S3-164742376
S1-284600262	S2-79214814,S2-106091520,S3-619298731,S3-969898284
S1-284674497	S2-838344499,S3-406146131,S3-760264057,S3-882499252
S1-284688320	S2-739606695,S2-751170076,S3-176264672
S1-284703325	S2-686529364,S2-826577771,S3-388610045,S3-387609948,S3-685514509
S1-284721165	S2-17604810,S2-14439201,S2-314059021
S1-284765542	S2-750029988,S3-933667733,S3-656710294
S1-284783717	S2-816285134,S2-825127948,S2-456222344,S3-136926146,S3-612859042,S3-773631374,S3-193335872
S1-285001880	S2-488453121,S2-367691715,S3-744341767
S1-285029976	S2-962303921,S3-494352879,S3-702626059
S1-285048674	S2-300087793,S2-912269510,S2-205895213,S2-191058972,S3-472649349
S1-285103732	S2-158109332,S2-236723621,S3-37754377,S3-572072612
S1-2851083	S2-987827374,S2-358313739,S3-719385738,S3-740648689,S3-115047903
S1-28512488	S3-184778091
S1-285287044	S2-162025845,S2-429871028,S3-617693629
S1-285334432	S2-722092177,S2-43026771,S2-803584336,S3-963147926,S3-894636604
S1-285339132	S2-14212884,S2-321321232,S2-995849658,S3-244839328,S3-61358187,S3-24612210,S3-957606119
S1-285370009	S2-91368260,S3-758034164,S3-59164706,S3-753254613,S3-276580985
S1-285407750	S2-333275439,S3-864922518,S3-898318860
S1-285418067	S2-323256202,S3-645864130,S3-81510027
S1-285439155	S2-285952422,S3-402894226,S3-557547937,S3-244426138
S1-285457254	S2-91470370,S3-809011695,S3-327958281
S1-285535151	S2-453989945,S2-919348650,S3-532311560,S3-495421023
S1-285559034	S2-605923769,S2-859536825,S2-656185968,S3-648223060,S3-269821088
S1-285654169	S2-555768853,S2-120886085,S2-551398267,S3-856258117,S3-365771742,S3-204565226
S1-285674995	S2-640864493,S2-672836799,S3-812220969,S3-460809850,S3-879523238
S1-285803310	S2-74772804,S2-736318220,S3-327402371,S3-385604144,S3-220968784
S1-285920204	S2-571279532,S2-593072133,S3-393058441,S3-247365393
S1-28600278	S3-357542115
S1-286034863	S3-561532766
S1-286094344	S2-367395423,S3-229355658
S1-286148925	S3-551108721,S3-438803195,S3-222197324,S3-224608955
S1-286190303	S2-619316044,S3-856669909
S1-286284138	S2-817340824,S2-516382038,S3-293628509,S3-485149564,S3-944680489
S1-286402378	S2-793134637,S2-379976925,S2-612990802,S3-817247834,S3-391017573
S1-286404469	S2-949091631,S3-38292528,S3-60219882,S3-676681883
S1-286540999	S2-110816333,S2-356220702,S2-872626765,S2-607524566,S3-29926202
S1-286578190	S2-287201137,S2-774836227,S3-18562236,S3-756836308,S3-918521637,S3-245108579
S1-286596513	S2-270854897,S2-890929435,S3-427794472,S3-198310996
S1-286598935	S2-317512349,S3-665947233
S1-286704617	S2-480664595,S2-4800577,S3-396020162
S1-286802120	S2-336036404,S3-923220009,S3-475633855
S1-286815037	S2-745115985,S2-331720401,S3-855327840,S3-639942263
S1-286848522	S2-449103875,S3-479472155,S3-830919385
S1-286994314	S2-764326490,S2-194213531,S2-943376779,S2-632525231,S3-813990473
S1-287009934	S3-962510183
S1-28716566	S3-968576353,S3-875003199,S3-340540782
S1-287226031	S2-266918897,S2-143713367,S2-784986084,S3-876799308,S3-797913526
S1-287293480	S2-531303818,S3-218149096,S3-961712108,S3-132999878
S1-287298215	S2-616528387,S2-717256713
S1-287440718	S2-299258414,S2-741968459,S2-919606196,S3-93639446
S1-287446931	S2-51676142,S2-577599961,S3-368538078
S1-287453326	S3-117063628,S3-559013323,S3-427800762
S1-28749966	S2-496501972,S3-324229028
S1-287554723	S3-69487841,S3-555214598
S1-287589961	S2-517382757,S2-711370963,S3-101403998,S3-508163656,S3-277189643,S3-641799075,S3-583246239
S1-287623099	S2-295593269,S2-88223485,S3-918787408,S3-499549267
S1-287705671	S2-205426081,S2-475673475,S3-580957783,S3-506902411
S1-287941463	S2-896283333,S3-595618831,S3-187598361
S1-287977241	S2-522328508,S2-91530286,S3-460459805,S3-189228171,S3-975379404
S1-288025798	S2-763189972,S3-56047118,S3-68539469,S3-22882174
S1-288054465	S2-376432656,S3-120902716
S1-288122535	S2-36516186,S2-848497979,S3-425277937,S3-940772239
S1-288173272	S2-824889322,S2-327755287,S3-181132579,S3-712677994
S1-288417932	S2-556245183,S2-280283466,S3-769488140
S1-288424363	S2-869866745,S2-184762011,S3-91649595
S1-288447263	S2-957998385,S3-276094304,S3-519484914
S1-288500340	S2-554980686,S3-167409219,S3-905516383,S3-2337872
S1-288513389	S2-750442266,S2-299190162,S3-667602492,S3-46562108
S1-288520382	S2-566306821,S2-517075572,S3-143058821
S1-288585302	S2-478821098,S2-394550420,S2-278404204,S2-558828588,S3-494475821,S3-861860210
S1-288658362	S2-872285940,S3-249780258
S1-288776981	S2-830232096,S2-524406269,S2-331323622,S2-514044163,S3-349110390,S3-279429074
S1-288778352	S2-862961244,S3-210748410
S1-288834252	S2-696459652,S2-918841790,S3-14207325,S3-4834254,S3-609942686
S1-288844780	S2-381984544,S2-384663538,S2-826090733,S2-427349045
S1-288854222	S2-510940648,S2-474848830,S2-462633217,S3-933842952,S3-285101953
S1-288871444	S2-328526761,S2-434335577,S2-78353826,S3-706584687
S1-288989422	
S1-289029576	S2-103266522,S3-788438185,S3-463115743,S3-208763194
S1-289062433	S2-914782458,S3-100996561,S3-9243578
S1-289110107	S2-534363421,S3-899794404,S3-498146562
S1-289238533	S2-138766859,S2-52881654,S2-284593709,S3-368146195,S3-38871888
S1-289364288	S2-162233138,S2-663244149,S2-109886674,S3-218383019,S3-764742791
S1-289429552	S2-601002657,S2-2768768,S3-677651195
S1-289585019	S3-112485905,S3-710253605
S1-289635175	S2-510406406,S3-991935151,S3-200671042
S1-289662193	S2-509922882,S2-196267744,S3-767085444,S3-748150448,S3-830749268,S3-669846827
S1-289670707	S2-975292079,S3-524258761,S3-477207368
S1-289747918	S2-20853031,S2-848816103,S2-999285383,S2-39626816,S3-876293968,S3-103290272
S1-289845933	S2-906844508,S2-180791167,S3-795622635
S1-289873475	S2-908489289,S2-848940385,S3-451017068,S3-165688140
S1-290072945	S2-369925856,S2-147215709,S3-200578025,S3-64687315,S3-554479749,S3-961139934
S1-290143224	
S1-290300288	S2-583365840,S3-978072885
S1-290372829	S2-849605039,S2-425406161,S3-584783881
S1-290450756	S2-995672758,S2-870154243,S2-260983733,S3-768209349,S3-865322567,S3-937677297
S1-290589864	S2-946641378,S3-205117505,S3-686457100
S1-29077022	S2-935479628,S3-61473988,S3-857842002,S3-895000123
S1-290772543	S2-460173397,S3-270673329,S3-572369472
S1-290793479	S2-394023711,S2-113403087,S2-663491489,S2-127891948,S3-637740946,S3-883409307,S3-726072043
S1-290856737	S2-838537246,S3-952818914,S3-513716643
S1-290940959	S2-517019647,S3-958548032
S1-290949896	S2-106612683,S3-410423624,S3-351683459
S1-291018940	S2-8978092,S2-809386393,S3-831538170,S3-630028642
S1-291084222	S2-693697307,S2-493937518,S3-545526331
S1-291130048	S2-629412615,S2-826793967,S3-574638435,S3-33085019
S1-291161448	S2-101630839,S2-853515451,S2-588501938,S3-786310233
S1-291285195	S2-618507976,S3-580637630,S3-685817454,S3-49851020
S1-29138275	S2-805653305,S3-142918930,S3-998638851,S3-902590667,S3-926453944
S1-291392046	S2-324188661,S3-160727077,S3-457047057,S3-624220525,S3-118114973
S1-291417365	S2-61781906,S2-797990786,S2-44574046,S2-65997929,S3-409404137,S3-469974526,S3-725526964,S3-270902541
S1-291431589	S2-783976395,S2-67404122
S1-291435812	S2-710118291,S2-807107331,S3-988220709
S1-291520868	S2-301581730,S2-779875032
S1-291551893	S2-700830167,S2-282935260
S1-291565739	S2-92838619,S2-921328777,S2-62018128,S2-193776018,S3-966091688
S1-291598905	S2-893124183,S2-969761748,S2-703364579,S3-367609321,S3-224349640,S3-300350117,S3-424062283,S3-677218000,S3-685989918
S1-291640177	S2-432353653,S3-744131743,S3-526514656
S1-291651095	S2-398029340,S3-625942644
S1-291786361	S2-954914110,S2-364243999,S3-848795504,S3-481201066,S3-683639615
S1-291806919	S2-241361348,S3-994823838
S1-291812801	S2-189011486,S2-56990795,S2-726293159,S3-921459018
S1-291825088	S2-989341086,S2-950233084,S2-44223428,S3-633502820,S3-527596544,S3-23865435
S1-291875766	S2-18220306,S3-696451048
S1-291924760	S2-199023607
S1-291938607	S2-359011238,S3-464673454,S3-4925767,S3-523466234,S3-84185615
S1-292001080	S2-735054178,S2-543712521
S1-292138191	S2-640113008,S2-631193116,S2-91111595,S3-896107418,S3-165462831
S1-292168069	S2-487010808,S3-212739907,S3-861931924
S1-292237739	S2-961579048,S2-102191785,S3-808281631
S1-292267681	S2-178331430,S2-385053955,S3-398569681,S3-309684402,S3-485056514
S1-292280192	S2-461369672,S2-649897144,S3-870761713,S3-176365324
S1-292349109	
S1-292380077	S2-361408504,S2-288480198,S2-902129194,S3-175569435,S3-264097908
S1-292393102	S2-485773730,S3-931293587,S3-136668238
S1-292395081	S2-225720457,S2-516058641,S3-150396107,S3-702217371
S1-29242135	S2-212374015,S3-994473138,S3-541513059,S3-869476418
S1-292473534	S2-232264841,S2-862395383,S3-105595112
S1-292674644	S2-190298482,S3-158681355,S3-805914930
S1-292736134	S2-372965179,S2-43310906,S3-123223339,S3-546388573
S1-292749822	S2-794922250,S2-854124352,S3-756629317,S3-676798458
S1-2928710	S2-569223693,S2-757372113,S2-503051493,S3-268300254,S3-480001549,S3-450548320
S1-29287938	S2-520386525,S2-295054616,S2-756635984,S3-710253339,S3-228033421,S3-596413540,S3-326081626
S1-292938682	S2-267630316,S2-340260477,S2-242048952,S3-569348741
S1-292979013	S2-382020804,S2-857089419,S3-250060215,S3-799991939
S1-292999554	S2-813233569,S2-234812583,S3-160288051,S3-72242823
S1-293069372	S2-231186183,S2-130889584,S2-460641643,S3-398363882
S1-293095041	S2-548710331,S2-967098884,S2-253449316,S2-312129764,S2-750055596,S3-888216906,S3-482000803,S3-963111294,S3-699008891
S1-293095350	S2-270414484,S2-472027760,S2-818027665,S3-236264478,S3-471080373
S1-293131353	S2-404247036,S3-937887109
S1-29313319	S2-756362341,S3-332803546,S3-186814522,S3-882635862,S3-9498527
S1-293179757	S2-834957450,S2-225389636,S2-607397206,S3-101902737,S3-690186309
S1-293212036	S2-434935819,S2-179697032,S2-955028825,S3-206852149,S3-585178411
S1-2932256	S2-991542176,S3-357728873,S3-977035359,S3-893899340,S3-22863982
S1-293249693	S2-604762453,S3-743414003,S3-229413662,S3-661294480,S3-89335705,S3-636020015
S1-29335072	S2-104486461,S2-778119904,S3-873163875,S3-820020913
S1-293354228	S2-850671339,S2-102614146,S3-75476906
S1-293468529	S2-200428208,S2-202639413,S3-531042092
S1-293469913	S2-662331258,S2-141583025,S3-868964365,S3-661321812,S3-482148053
S1-293483998	
S1-293501930	S2-10318151,S3-59145234
S1-29355904	S3-329713257,S3-760929204
S1-29356664	S2-316086432,S2-857326333,S3-148215175,S3-375130401
S1-293660866	S2-53272824,S2-114574227,S3-678187096,S3-10574414,S3-233246062
S1-29366699	S2-524210231,S2-24433359,S2-795671523,S3-222460991,S3-645787904,S3-754097370
S1-293680941	S2-551674505,S2-841238098,S2-714723667,S3-571861850,S3-984404098
S1-293722644	S2-216600501,S2-776944216,S2-679470005,S3-157628673,S3-186876019,S3-598115401
S1-293856054	S2-175656152,S3-442585295,S3-965266104
S1-293933473	
S1-293969795	S2-376609818,S2-238187502,S2-796322248,S3-731935911,S3-431867342
S1-2940042	S2-366070242,S2-925738050,S3-640960092,S3-189221822
S1-294031040	S2-435551488,S3-84621785
S1-294138963	S2-839901098,S3-758025653
S1-294146970	S2-454175123,S2-253526235,S2-995873082,S2-625569857,S3-401336245
S1-294149225	S2-18259975,S2-843369441,S3-392520445
S1-294151345	S2-694662010,S2-742109490,S3-760334923,S3-666720843
S1-294254867	S2-964660835,S3-685058934
S1-294333450	S2-495908491,S2-616617517,S2-411488550,S3-502601345,S3-101530378
S1-294442625	S2-389992095,S3-497363781,S3-853382958,S3-109935796
S1-2946223	S2-477802323,S2-743110464,S2-489383430,S3-889969379
S1-294663091	S2-279385503,S3-943598325
S1-294720273	S2-274895764
S1-294737565	S2-476285084,S3-74018703,S3-236681023
S1-294831709	S2-628237167,S3-123697561,S3-621387806
S1-294902889	S2-195599810,S3-289080938,S3-491953506
S1-294933575	S2-892300848,S2-277931321,S3-216404029,S3-517164445
S1-29494231	S2-261304668,S2-14683860,S2-752497524,S3-780933543,S3-162822556,S3-103848015,S3-830974939
S1-294961593	S2-490297834,S3-376814650
S1-295031508	S2-936367794,S2-719908577,S3-585249205
S1-295111751	S2-943081857,S2-845131672,S2-620103154,S2-894012731,S3-846894066,S3-324855893
S1-295119654	
S1-295135148	S2-481328954,S2-875994599,S2-393171277,S3-188791278
S1-295176774	S2-988684621,S2-990551836,S2-553701236,S3-205371730
S1-29519573	S2-644349338,S3-472541401,S3-524163072
S1-29526713	S2-396148918,S2-403089848,S3-269974839,S3-284995804,S3-162833809
S1-295355819	S2-510924421,S2-918288937,S3-241024695
S1-295374863	S2-284966265,S2-24768745,S3-118106637,S3-309511121
S1-295412838	S2-564213832,S2-806514011,S3-953055992
S1-295421994	S2-152907988,S2-23594163,S2-178884309,S3-106349780,S3-764250613
S1-295440196	S2-627855744,S3-550194198,S3-905736101,S3-616279614
S1-295455702	S3-356998632,S3-841216566,S3-167688940,S3-484534453
S1-295468593	S2-25199175,S3-116110018,S3-706054978,S3-125068570,S3-162191594
S1-295513978	S2-355220329,S3-304576292
S1-295592076	S2-848795668,S2-943763851
S1-295686173	S3-687448687,S3-442556078,S3-418539859
S1-295714105	S2-663664558,S3-73079940,S3-131573256,S3-901910613
S1-295762137	S2-882820989,S2-452990560,S3-668084276
S1-295791303	S2-449040111,S2-320686332,S2-690908524,S3-15537911,S3-399963757
S1-295849386	S2-430170701,S2-692435885,S2-339677265,S2-487048152,S3-951578592,S3-411833549,S3-427070777
S1-295901044	S2-735543400,S2-59911787,S2-818658306,S2-109301616,S3-233894268,S3-498631957,S3-127726274
S1-29590805	S2-608717829,S2-568986810,S2-654636304,S2-359864917,S3-935794604
S1-295971278	S2-369377966,S2-898726783,S2-532856626,S3-614728156,S3-9549845
S1-295973889	S2-740214138,S3-53840526,S3-801161282,S3-716516267
S1-296030195	S2-560718770,S2-788237473
S1-296043794	S2-704724892,S2-807561970,S3-210244093,S3-888906001,S3-53902456
S1-296202267	S2-436512775,S2-601036507,S2-190167708
S1-296250975	S2-733435302,S3-378708798,S3-777181338,S3-797278724
S1-296266696	S2-996543657,S2-457921881,S2-997090560,S2-422922909
S1-29627189	S2-614245298,S3-466283729,S3-278565340
S1-296307980	S2-649121227,S3-299676758,S3-583296082
S1-296406713	S2-298806198,S3-819380283
S1-296480612	S2-516061123,S2-664264875,S3-943690502,S3-833226041
S1-296522754	S3-329122144
S1-296567538	S3-163362936,S3-299925720,S3-600279872,S3-430977250
S1-296579722	S2-179535007,S2-35370693,S2-521762957,S2-364883011,S3-46312088,S3-591978485,S3-764739549,S3-665427514,S3-888244483
S1-296609236	S3-246516192,S3-492655206
S1-296617643	S2-155269876,S3-846945120,S3-349837328
S1-296706908	S2-618351575,S2-441238114,S2-123826157,S2-206453074,S3-479385387
S1-296757462	S2-829580596,S3-899241447,S3-892456065
S1-296869757	S2-305127624,S3-199509620
S1-296903037	
S1-296918702	S2-305498109,S2-790688677,S2-290891441,S3-740121948
S1-296935439	S2-161054902,S2-201299732,S3-715473758
S1-296937808	S2-1402946,S3-754426752
S1-296942852	S2-549699065,S2-951783838
S1-297047923	
S1-297221287	S2-665798684,S2-171050135,S3-55379588,S3-975586957
S1-297348067	S2-827762659
S1-297392376	S2-390983859,S2-962440989
S1-297442124	S3-887460666,S3-47169996
S1-29750132	S2-880163749,S2-297636362,S2-450730600,S3-568818929,S3-446110836
S1-29755351	S2-664162389,S2-976393297,S2-622508210,S3-248793989
S1-297605570	S2-361257313
S1-29767974	
S1-297723088	S2-762412679,S3-162967080
S1-297735009	S2-646343793,S2-825058109,S2-698830736,S3-426190962
S1-297807166	S3-214644825,S3-541467308,S3-54984129
S1-297840748	S2-173624459,S2-917310145,S2-456048353,S3-912921825,S3-111013924
S1-29803283	S2-512282448,S3-44852505,S3-482775205
S1-298050163	S2-757725145,S2-651616473,S3-147332556,S3-19259089,S3-550145386
S1-298093997	S3-419971328,S3-262807379
S1-298254625	S2-249994698,S2-766587542,S3-266251095,S3-155575518
S1-298281005	S2-857852103,S3-392416311
S1-298289389	S2-615873507,S2-214883182,S3-3079678,S3-734396275
S1-298295126	S2-899703532,S2-145334638,S2-613084142,S2-639934402,S2-556793161,S3-368939525,S3-342931521,S3-713920202,S3-298838403
S1-298348155	
S1-298405345	S2-411995575,S2-408776601,S3-922245342
S1-298408295	S2-625842311,S3-886522978
S1-298456228	S2-892038411,S2-780230139,S3-477328912,S3-46299269
S1-298469511	S2-845248600,S3-883647301,S3-347592790
S1-298493778	
S1-298534750	S2-456665583,S2-419858227,S3-793668490,S3-640672980
S1-298584229	S3-136544133,S3-408384439
S1-298636628	S2-714401853,S3-417271919,S3-880130645
S1-298656868	S2-82498510,S3-445025459
S1-29867231	S2-851463243,S3-59653520,S3-442011524
S1-298748933	S2-481243345,S2-596225365,S2-31890581,S3-856922830
S1-29885388	S2-602242530,S2-716396424,S2-817952535,S3-861584275,S3-226197515,S3-843035503,S3-801247152
S1-298868995	S2-47361500,S2-164617925,S3-603904795,S3-294650715
S1-298907798	S2-460338818,S2-721629423,S3-968812220,S3-890378732
S1-298909965	S3-245074804,S3-240740695
S1-29892859	S2-505503308,S2-245055515,S2-78578764,S3-748230656,S3-132232954,S3-164282915
S1-299037216	S2-574060797,S2-660411576,S3-114424458
S1-299180540	S2-698064970,S3-83157400
S1-299201396	S2-308863357,S2-906748799,S2-853197720,S2-396201699,S2-782582220,S3-436651386
S1-299310867	S2-405773766,S3-881696975
S1-299367990	S2-775084883,S2-593702429,S2-748834556,S3-637349880,S3-8042624
S1-299439628	S2-830786818,S3-649922476
S1-299454273	S2-105182153,S3-868130359
S1-299477216	S2-333583241,S2-17964930,S2-626315201,S3-126378874,S3-519027992
S1-299580134	
S1-299633071	S2-570853647,S3-246431927
S1-299694424	
S1-299810016	S2-22562696,S2-978878573,S2-870772767,S3-504959025,S3-931030634,S3-28467859
S1-299824879	S2-987062414,S3-424250116,S3-748122358
S1-299867697	S2-993334491,S2-598933143,S2-963935870,S3-237665883,S3-463607889,S3-863800860
S1-299902245	S2-57583320,S2-937643799,S2-457103471
S1-29992406	S2-411390969,S2-726159557,S3-295260002
S1-299926509	S2-874892054,S2-773369449,S3-722623393
S1-299999011	S2-220965357
S1-300033214	S2-703378198,S2-926165605,S2-67364913,S2-763640610,S2-201187302,S3-840793574
S1-300036960	S2-314238311
S1-300134439	S2-440760841,S2-112029417,S2-719327283
S1-300348972	S2-541196228,S3-68651130,S3-828733027,S3-59612598
S1-30040304	S3-307335819,S3-331753263,S3-180023210
S1-300411203	
S1-300466419	S2-921292433,S3-434796580,S3-29719588
S1-300480970	S2-221685792,S2-922727707,S2-684524024,S3-676031910
S1-300601814	S2-153400652,S2-890124501,S2-638908101,S3-631288212,S3-487914830
S1-300629043	S2-552961603,S2-288046801,S3-218946469,S3-420702944
S1-300711451	S2-713811455,S3-682966126,S3-417860551
S1-30076361	S2-208525797,S2-985099524,S3-45567671,S3-398412843,S3-359122848
S1-300770608	S2-175269848,S3-124268428
S1-301004955	S2-153044450,S2-74300249,S2-410173799,S2-255794012,S3-93603283,S3-113964481
S1-301069017	S2-691579200,S3-516822971,S3-353424758
S1-301112932	S2-146474508,S3-770104407
S1-301147892	S2-688685747,S3-9447144
S1-30117414	S2-495355638,S3-978523800,S3-184572862
S1-301177591	S2-430726904,S2-254867645,S3-852981664,S3-339902026
S1-30123083	S2-370299699,S3-843754304
S1-30124082	S2-757575013,S2-905372506,S3-336176306
S1-301264185	S3-260534287,S3-54283684,S3-800678578
S1-301316993	S2-615773830,S3-556136880,S3-534119200
S1-301397224	S2-139617002,S2-377930337,S2-388790757,S3-53936793,S3-362715116
S1-301418338	S2-262798480,S3-713966069,S3-710088457
S1-301441854	S2-176553136,S2-668014360,S3-18060217,S3-975381207
S1-30156790	S2-273142274,S3-336647095,S3-981981721
S1-30156856	S2-344695618,S2-245824909,S2-646401399,S3-2536762,S3-319317244
S1-301752680	S2-978989349,S2-469640619,S2-900708710,S2-400458772,S3-646338875,S3-467640153
S1-301756478	S2-667066500,S3-924988071,S3-345180479,S3-526787102,S3-524296813
S1-301777806	S2-356534680,S3-930585240,S3-708119454,S3-817480775
S1-301835882	S2-542447574,S3-759893771,S3-472315346,S3-593853885,S3-916824555
S1-301850513	S2-882089716,S2-371491837,S2-280643257,S3-22140764,S3-252226912,S3-515480115,S3-678646050
S1-301891911	S2-338501864,S2-937601953,S3-584362649
S1-301992499	S2-332852516,S2-439528183,S2-655601818,S2-564641791,S3-644123131,S3-930804353,S3-293519321
S1-302105373	S2-921879497,S3-286390852,S3-934759722,S3-416663505,S3-291247620
S1-30212192	S2-994367088,S2-916658304,S2-190406526,S2-597715526,S3-970807630,S3-812325681
S1-302226464	S2-405720169,S2-530682240,S2-409319179,S3-624377635,S3-67226151,S3-6851424
S1-302241779	S2-986032825,S3-33367508,S3-565567615
S1-302248712	S2-555994725,S2-734456505,S2-812065538,S3-674360270,S3-16761324,S3-843573239
S1-302297752	S2-963293490,S2-165260903,S3-879712369,S3-870543325,S3-180859153
S1-302328979	S2-823739993,S2-183728669,S3-862523610
S1-302365375	S2-247736995,S3-678750865,S3-389071471
S1-302385226	S2-420261631,S2-67194736,S2-149804060,S2-729321328,S3-945833454,S3-663636999,S3-635156855,S3-113870434,S3-129054733
S1-302503954	S2-920940772,S3-332718954,S3-298466174,S3-524559451
S1-302540747	S2-493607793,S3-85818460
S1-302566025	S2-260159173
S1-302598445	S2-32721588,S3-424686001
S1-30260208	S2-106280883,S2-724990492,S2-198057345,S3-187833970,S3-170359821
S1-302696897	S2-897712486,S3-238074002
S1-302747019	S2-707277098,S2-545701198,S2-861542062,S2-366550577,S3-595304237
S1-302811772	S2-540477226,S2-954332747,S3-641300026
S1-302843919	S2-344784231,S3-271832495,S3-733191803,S3-588207785,S3-763297378
S1-303045975	S2-717791877,S3-362693411
S1-303055648	S2-825779087,S3-929219752,S3-107679644
S1-303108263	S2-670200494,S2-612195068,S2-277621820,S3-607768195,S3-79625520
S1-303138564	S2-106497868,S2-625059511,S3-224224635,S3-500314922,S3-583951689,S3-236739324
S1-303184172	
S1-303245558	S2-678323769,S2-233135177,S2-55389386,S3-510480775,S3-118662823
S1-303246747	S2-211590726,S2-279852165,S2-197390004,S3-58178704
S1-303266749	S2-327048803,S2-302331319,S3-401978987,S3-673158437
S1-303286854	S3-460266159,S3-715379137,S3-334246578
S1-303346198	S2-785408259,S2-563082200,S3-493385354
S1-3034385	S2-143510136,S2-657945635,S3-150055088,S3-220860724
S1-303787679	S2-928000422,S3-292387607
S1-303816111	S2-427311108,S3-908436624
S1-303897228	S2-923457131,S2-71841465,S2-701719779,S2-860569959,S2-743773475
S1-303939265	S2-548807885,S2-300043778,S2-446968973,S2-258042281,S3-818806192,S3-229231225,S3-877759854
S1-303941664	S2-957418351,S3-130463044,S3-537597425
S1-303952803	S2-332110304,S3-100667950
S1-304021437	S2-439569140,S2-618961219
S1-304027637	S2-245349683,S3-197906922,S3-535646223
S1-304067464	S2-978262555,S3-517267872,S3-529564674
S1-304123577	
S1-304134370	S2-176032397,S3-9141248,S3-383011659
S1-304155750	S2-327772952,S3-429489710
S1-304192277	S2-354380095,S2-495957273,S3-420456140,S3-498775129,S3-268161413
S1-304236833	S2-548168066,S3-136842845
S1-304277284	S2-187405172,S2-361639250,S3-609524170,S3-176216417,S3-886953137,S3-962867560,S3-77725684
S1-3043193	S2-994708944,S3-132227748
S1-30434293	S2-422759905,S2-445593154,S3-573371448,S3-273133697,S3-821759597
S1-304343537	S2-961461589,S2-497812624,S2-187181406,S2-817459796,S3-974262878,S3-226885019
S1-304355654	S2-509886089
S1-304477575	S2-688777809,S2-958695349,S2-18826708,S3-233008319
S1-304578193	S2-792958087,S2-264868114,S2-663899384,S2-910013519,S3-115211045
S1-304697792	S2-10275658,S2-998716769,S3-154478753
S1-304752616	S2-764796307,S2-860136485,S2-667503365,S3-648187924
S1-304904792	S2-715543266,S2-520165056,S3-216806897,S3-713905400
S1-304921731	S2-393825157,S2-485319249,S3-298732498
S1-305003840	S3-790184035
S1-305006444	S2-256089580,S3-699810225,S3-832546,S3-307636345
S1-305114279	S2-796820446,S2-252206877,S2-972628301,S2-967547041,S3-715576384,S3-182544071
S1-305281553	S2-871786829
S1-305303563	S2-596802130,S2-990193954,S3-693200413,S3-778213924
S1-305366292	S2-955960123,S2-318997704,S3-805849397,S3-969979420
S1-305484299	S2-344054252,S3-913730673,S3-667804116
S1-305498657	S2-520295482,S3-501959679
S1-305502000	S2-211621508,S2-793752972,S2-757170306,S3-945048821,S3-630482940,S3-467960923,S3-365120709
S1-305702777	S2-994784307,S2-791383451,S2-206137835,S3-910887869
S1-305715930	S2-921601251,S2-932825317,S2-314495010,S3-168432137
S1-305750230	S2-350805386,S2-644627752,S3-57580139,S3-732904966
S1-305753657	S2-99105190,S2-738915987,S3-134080913
S1-305756068	S2-581570626,S2-533650747,S3-601737235,S3-330623150,S3-11424487,S3-651504297
S1-305789348	S2-160779624,S2-961902288,S2-855706334,S3-630913568,S3-526338536
S1-305815243	S2-672711678,S2-842362649,S3-877601779
S1-305868287	S2-801715317,S2-393511090,S2-896891119,S2-723072105,S3-597487548,S3-775393228
S1-305869423	S2-39528961,S2-946763036,S3-383713418
S1-305979089	S2-836762222,S2-477248946,S3-391476661,S3-456924841,S3-23980914
S1-306002944	
S1-306046811	S3-441348424,S3-194340708
S1-306052406	S2-826606742,S3-464100672
S1-30610471	S2-593407190,S2-610657841,S3-616186317
S1-306128228	S2-916936183,S2-863351412,S2-936820073,S3-624048387,S3-843719241
S1-306137717	S2-806141781,S2-336666440,S2-108190372,S2-332118464,S3-14853735,S3-958013262
S1-306245391	S2-980913414,S3-780569204
S1-306286974	S2-949364776,S3-503529151
S1-306473425	S2-289302771,S3-950638418,S3-978940330
S1-306477094	S2-794040635,S2-468134327,S3-187724519,S3-694470633,S3-381729095
S1-306527268	S2-257753904,S2-987767325,S3-587232891,S3-691579133,S3-59170902
S1-306562909	S3-455823848,S3-471495614,S3-267788747
S1-306708029	S2-75348627,S3-700533435
S1-306709265	S2-708094397,S2-817972945,S2-374060598,S3-330598277
S1-306726230	S2-479855522,S2-993422742,S2-266008211,S3-158928207,S3-163893227
S1-306749854	S2-348153112,S2-677936862,S3-199387889,S3-264826709,S3-488462204
S1-306761218	S2-520593187,S2-405059942,S3-75714543,S3-242200031,S3-545963242
S1-306859116	S2-116074538,S2-861481469,S3-219293166,S3-370401842
S1-30687177	S2-87778059,S2-799536036,S3-125667777
S1-30702387	S2-609165896,S2-137777992,S2-882779143,S3-542399096
S1-307125454	S3-534318807,S3-314400125
S1-307155620	S2-935068237,S2-179170181,S2-779883222,S3-770514827,S3-51093007,S3-479642333,S3-233938111
S1-307229701	S2-167394634,S3-921656608,S3-956053532
S1-307240484	
S1-307326705	S2-614800591,S2-741064833
S1-307374068	S2-256583013,S2-117334674
S1-307416314	S2-600510865,S3-618292059,S3-569061029,S3-883283288,S3-128087345
S1-30766581	S2-143999875,S2-186013527,S3-655054416
S1-307671132	S2-414822193,S2-620967577,S3-729438195
S1-307681262	S2-676377658,S3-731413077,S3-315037908
S1-307681883	
S1-30771892	S2-88062177,S2-513283255,S2-502252746,S2-567605017,S2-352662895,S3-895978913
S1-307786543	S2-750834194,S3-14452212,S3-910523996
S1-307792872	S2-432300773,S3-147144634
S1-307808049	S3-747020822,S3-232228655,S3-904511719,S3-359751017
S1-308074579	
S1-308136911	S2-654504123,S2-554220814,S2-91763049,S3-991466979,S3-850106738,S3-523368457
S1-308180869	S2-20577497,S2-833192095,S3-379647065,S3-160650065,S3-371319502
S1-308373963	S2-59299535,S2-962852081,S3-277786725
S1-308385964	S2-328632232,S2-187182128,S3-635704757,S3-110987913
S1-308476977	S2-194216761,S3-316792706,S3-702599298,S3-619468090,S3-460107907
S1-308590855	S2-148844072,S2-414171110,S2-657253123,S3-899313195
S1-308629359	S2-160369441,S3-907724704,S3-371236643
S1-308697415	S3-42426326,S3-787009901
S1-308715879	S2-397821853,S3-495322270,S3-878242812,S3-683517336,S3-260494316
S1-308761799	S2-637732998,S2-784578718,S3-442616416,S3-990387783,S3-45704150
S1-308780108	S2-284445229,S2-917513757,S3-919144490,S3-431005933,S3-127961126,S3-641572708
S1-308869207	S2-740372928,S2-469228562,S2-149666114,S2-770659634,S3-197166343,S3-675226502,S3-887242981
S1-308871064	S2-447015388,S2-681525509,S3-39142934,S3-3155587,S3-66740522
S1-308907389	S2-746421655,S2-179325972,S2-308179710,S3-885993488,S3-635662661,S3-419006973,S3-992298829
S1-308915881	
S1-308991758	S3-890170500,S3-824996113
S1-308994628	S2-703147667,S2-564611481,S2-101410332,S3-10936907,S3-264152699
S1-309022572	S2-308650141,S3-390892187,S3-439564255,S3-454207759
S1-309045323	S2-921290311,S3-904247706,S3-686028445
S1-309127795	S2-523767502,S2-251922184,S2-922122896,S3-565609932,S3-408512653
S1-309289429	S2-601337128,S3-347986678,S3-149305821,S3-110064579,S3-96863621
S1-309339034	S2-724718254
S1-309427329	S2-569611526,S2-866136900,S2-685598718,S3-777680974
S1-309454881	S2-68489130,S3-658699438,S3-74624408,S3-219004929
S1-309480796	S2-410642607,S3-696452435,S3-651209176,S3-933995760,S3-498124262
S1-309511997	S2-549585827,S2-483376459,S3-348195592,S3-169458626
S1-309556651	S2-465637141,S2-405783947,S3-532030818,S3-372186525,S3-354126383
S1-309583819	S2-742665748,S3-396485960,S3-517920786
S1-309613429	S2-779763772,S2-213958480,S3-436331471,S3-976818010
S1-309622787	S2-48775223,S3-917031761,S3-445610884,S3-780485208
S1-309626580	S2-263843132,S2-457742912,S2-277335432,S3-601013240
S1-30964501	S2-297024520,S2-427329182,S2-649119990,S2-37780561,S3-11563225,S3-743977737,S3-523992564
S1-309664763	S2-851901672,S3-381122344,S3-152227050
S1-309678770	S2-552298318,S2-942581232,S2-725571251,S2-706391419,S3-638742502
S1-309698904	S2-586284731,S3-314101687
S1-309707826	S3-374914466,S3-132457611
S1-309786151	S3-995445469
S1-309812476	S2-683920656,S3-473024818,S3-211818472,S3-348973598,S3-392198695
S1-309924818	S2-854527720,S3-961617650,S3-428975388
S1-309945225	S2-363065553,S3-214998436,S3-965556785,S3-915899224,S3-668728959
S1-310002787	S2-816363734,S3-451708859
S1-310085298	S2-939822318,S2-836863606
S1-310088651	S2-657485808,S2-644086778,S2-237217444,S3-933105151,S3-465508963,S3-482240173
S1-310219492	S3-625690373
S1-31026304	
S1-310268480	S2-568782666,S2-982981629,S3-441718844,S3-665426949
S1-310282812	S2-128132922,S3-642030874,S3-32963380
S1-310302142	S2-668878940,S2-35811333
S1-310366757	S2-222397808,S2-555790213,S2-553613406,S2-564128986,S2-602712904,S3-29557545,S3-51133746,S3-34880691,S3-926965957
S1-310463406	S2-683462445,S2-42634146,S3-85825356,S3-45249276
S1-310492237	S2-503069165,S2-759821729,S3-185388302
S1-310616871	S2-898238668,S2-100118792,S3-538496954,S3-315975277,S3-2462917
S1-310666335	S2-641562076,S3-215409567,S3-928283232
S1-310681026	S2-931741073,S3-742827892,S3-642668023,S3-364712289
S1-310683357	S2-840840766,S2-887837691,S3-171889049
S1-31082792	S2-544154500,S3-75113495
S1-310870362	S2-839490515,S2-719570157,S3-805323811,S3-785641
S1-310942328	S3-835621821,S3-349400152
S1-310971022	S2-733166371,S2-743634966
S1-311039370	S2-549620352,S2-334491378,S2-262919951,S3-481680688,S3-458775613
S1-311070402	S3-99388589
S1-311187986	S3-223286341,S3-670524942,S3-951715065
S1-311196376	S2-671156586,S3-40539082,S3-908309338,S3-654767706,S3-701768919,S3-605320916
S1-311209202	S2-78938896,S3-531326717
S1-311209356	S2-318589559,S3-830442533
S1-311485504	S2-236155743,S2-384230707,S2-579952546,S3-288236410,S3-503411008,S3-714235688
S1-311498636	S2-523873197,S2-621451568,S3-289200662,S3-240483099
S1-311501673	S2-479631420,S2-241100154,S3-527907626,S3-690469993
S1-311576746	S2-295276422,S2-167256273,S2-340516850,S2-760493099,S3-557192972,S3-913745990
S1-31161150	S2-470767839,S3-437109153,S3-533096228,S3-827120042
S1-311641253	S2-686592062,S2-31147587,S3-889040254
S1-311762786	S2-264813580,S2-75563054,S2-596867905,S2-896325856,S3-156986501,S3-653943836,S3-70263710
S1-311774625	S3-933074309
S1-311814128	S2-972693499,S3-476086776,S3-356687153
S1-3118843	S2-816944426,S3-252896862,S3-132138329
S1-311887570	S2-742523646,S3-547439403
S1-311910040	S2-454003468,S2-164630954,S3-601317404,S3-29454170,S3-106638636,S3-528903240
S1-31192101	
S1-311937079	S2-744774560,S3-457590814,S3-300460568
S1-312008750	
S1-312079564	
S1-31210129	
S1-312111734	S2-758316727,S3-585714082,S3-133461527
S1-312156923	S2-193489275,S2-705606096,S3-862429328,S3-471953607
S1-312206419	S2-631344432,S2-211799259,S3-802780872,S3-427765628,S3-217626502,S3-421566585
S1-312216763	S2-893582900,S2-945657987,S3-318415001,S3-683855973
S1-312254729	S2-487350526,S2-128658099,S3-488414869
S1-312404636	S2-115524659,S2-527048575,S3-280800609,S3-468278631
S1-312412440	S2-409610475,S2-213323806,S3-891174176,S3-71040999,S3-54154400,S3-427161214
S1-312464793	S2-956930704,S3-236995724
S1-312490790	S2-6456747,S2-156777382,S2-851184582,S3-643948375,S3-665645542
S1-312494963	S2-982246738,S3-824413998
S1-31250601	S2-164784045,S2-996641604,S3-762779519,S3-630108929,S3-308513271
S1-312526325	S2-239321839,S2-669447688,S2-448629634,S3-271109799,S3-134361584
S1-312632326	S2-769642221,S2-625952295,S3-553949184,S3-717950399,S3-777813093
S1-312684438	S2-691007306
S1-312771677	S2-153053369,S3-723723984,S3-462514367
S1-312805667	S2-940807049,S2-251806275,S2-467034071,S2-271699818,S3-523506455
S1-312812971	S2-847391803,S3-843838062,S3-628059610
S1-312920608	S2-633539272,S3-945425756
S1-312995175	S2-803676259,S2-731397093,S3-847092525
S1-313037789	S2-540079393,S2-666759694,S3-654006554,S3-687392677
S1-313145718	S2-726116501,S2-687152470
S1-313256150	S2-262874263,S3-97860366,S3-382015461,S3-134609516,S3-276075609
S1-313339114	S2-638842783,S2-331545876,S2-579986091,S2-443179126,S2-277216928,S3-604591778,S3-52772200
S1-313432701	S2-235789823,S3-409397615,S3-73171200
S1-313432753	S3-180760581,S3-923102361
S1-313434236	S2-971891565,S3-829922639
S1-313436269	S2-166132159,S2-862739093,S3-961663178,S3-880583748,S3-820683443
S1-313513621	S2-602476333,S2-825776682,S2-396183531,S2-554433341,S2-603295009,S3-381053947,S3-413624988
S1-313541609	
S1-31356528	S2-341573204,S3-65957766,S3-928266616,S3-641445004
S1-313569820	S2-222475191,S2-765442060,S3-895762403,S3-367667510,S3-262931477
S1-313605211	S2-633289881,S2-138081028,S3-801459714,S3-776042603,S3-624402977,S3-173786288,S3-511161406
S1-313637898	S2-945298481,S2-854467818,S3-239225612
S1-313674595	S3-839601440,S3-509040099,S3-797359417
S1-31368944	S3-897396558,S3-259641272
S1-313715001	S2-60714139,S2-449286879,S3-610097199,S3-644285569
S1-313715690	S2-567671028,S2-893466472,S2-411935506,S3-183218581
S1-313759461	S2-842656084,S3-44299686,S3-885349046,S3-78709435
S1-313764302	S3-217995568,S3-152998699
S1-313783714	S2-985761543
S1-313874658	S2-733820236,S2-138840242,S3-10404232,S3-725285670,S3-215086453
S1-314011971	S2-886553779,S2-931454233,S3-850331387,S3-103127351
S1-314035143	S2-367158252,S3-916937103,S3-795268202
S1-314063929	S2-849871833,S3-549859156,S3-634608739,S3-35884801,S3-222177626
S1-314088260	S2-426174396,S2-175068917,S2-852838533,S2-303322885,S3-913320780,S3-567680431,S3-942636763,S3-749308034
S1-314133766	S2-652894620,S2-144687169
S1-314166445	S2-597973407,S3-288691899
S1-314179587	S2-781517469,S2-502714491,S2-675057587,S3-754968762,S3-884081360
S1-314288700	S2-297770268,S2-556822569,S3-359745331,S3-509418278,S3-603860476
S1-314297853	
S1-31430517	S2-585475551,S2-625678306,S2-245179370
S1-314349563	S2-234161033,S3-602848843
S1-314446617	S2-240784641,S3-765630438,S3-120998902
S1-314470260	
S1-314477872	S2-539790562,S3-235247449
S1-314648470	S3-972095826,S3-278768826
S1-31475250	S2-100611441,S2-730810327,S2-925209420,S3-210383994,S3-835760046,S3-802597708
S1-314770675	S2-599605637,S3-712104134,S3-365519745
S1-314829786	S2-784913328,S2-731963956,S2-19267156,S3-502284887,S3-909496896,S3-801490915
S1-314841258	S2-668928652,S2-785850218,S2-877991141,S2-271048577,S3-134131013
S1-314913015	S2-262434681,S2-199253085,S2-485318091,S3-825547344
S1-314959987	S2-248701440,S3-763772174
S1-315043982	S2-169158881,S3-292609437
S1-315097912	S2-490930002,S3-876246832,S3-493813645
S1-315097916	S2-327343789,S3-338824813
S1-315196372	S2-575176854,S2-706959959,S3-466307941
S1-315258348	S2-375519599,S2-577821841,S3-153946077
S1-315258672	S2-243808621,S2-236599135,S2-206309792,S2-834238431,S3-445889582,S3-367392205
S1-315267366	S2-978650588,S2-26553118,S2-419933383,S3-940794746,S3-21808088
S1-315493787	S2-103918812,S2-703442458
S1-315505617	S2-896523464,S2-875164538,S3-947118366,S3-392951307,S3-755190405
S1-315543795	S2-609753861,S3-339216731,S3-680421163
S1-315743987	S2-97537280,S3-226724146,S3-786940204
S1-315818041	S2-162389265,S2-152773380,S2-897889829,S2-450165732,S3-633177442,S3-868744350
S1-315934545	S2-810379368,S2-166354147,S2-406443032
S1-3160801	S2-225948759,S2-564523876,S2-804340575,S3-883205757
S1-316095495	S2-459361606,S2-830814126,S2-949142145,S3-275184434,S3-835585799
S1-31612055	S2-369467817,S2-21413590,S3-67688003,S3-324553789
S1-316138191	S2-853800169,S2-524914700,S3-539914831
S1-316158567	S2-618728599,S3-987520707
S1-316280474	
S1-316288324	S2-700877006,S2-728068669
S1-316291876	S2-262441936,S2-775589048
S1-316316920	
S1-316340450	S2-730916303,S2-119787959,S3-927087590,S3-988993268
S1-31640411	S2-601732465,S2-665235868,S3-715563716
S1-316407885	S2-43802913,S3-779515177,S3-895186825,S3-937259399
S1-316459624	S2-447643807,S2-428727887,S3-576641237
S1-316482307	S2-160508746,S3-871848903,S3-578812417
S1-316489164	
S1-316514458	S2-427684534,S3-169449281,S3-381670537,S3-741787996,S3-212347033
S1-316652045	S2-904136732,S2-511600184,S2-290630182,S3-397856314,S3-861905065
S1-316699406	S2-460254630,S3-39300300,S3-488213377,S3-472937793
S1-316710779	S2-589201733,S3-708427188,S3-817151843,S3-701060839
S1-316728557	S2-375576056,S2-242039397,S2-66823520,S3-285745548,S3-620344785
S1-316897399	S2-230741205,S2-64821208,S3-605350997,S3-24033048
S1-316931565	
S1-317043731	S2-208651869,S3-98225047
S1-317079597	S3-216848288,S3-16789494
S1-317258337	S2-109195713,S2-400267430,S3-630485385
S1-317343749	S2-32960490,S3-285580411,S3-914356264,S3-408530963,S3-325124231
S1-317366893	S2-853320085,S2-749355735,S2-430610490,S3-237224947
S1-317472121	S2-302673989,S2-930753359,S2-567446668,S3-839157260
S1-317483005	S2-601992945,S2-112770066,S3-848959478
S1-317548734	S2-851960298,S2-337854868,S2-889705128,S3-304213036,S3-102217331
S1-317575377	S2-532629033,S3-109869598,S3-742894153,S3-428511903
S1-31766396	S2-527229070,S2-389814199
S1-317666957	S2-267462358,S3-783970982,S3-109317455,S3-561153525
S1-317712696	S2-288847602,S3-330049336,S3-500236494,S3-20802828,S3-966653264
S1-317789517	S2-137863927,S2-39997387,S2-601184428
S1-317799960	S2-960207784,S2-769565194,S2-350888939,S3-637245969,S3-78072216,S3-477764433
S1-317849430	S2-788324517,S2-110645332,S2-65128363,S3-970964084,S3-496804436
S1-317852406	S2-54779190,S3-75828733,S3-800186780
S1-317880645	S2-596218230,S3-350811784
S1-317929243	S2-664521669,S3-347998889
S1-317942710	S2-231767226,S2-880232709,S3-689125843,S3-419634296,S3-313318004
S1-318161282	
S1-318213448	S2-456472529,S2-361412854,S3-280203648,S3-503212311,S3-722065465
S1-318221358	S2-585922220,S3-820541370
S1-318261699	S3-436151009
S1-318261999	S2-216573377,S3-523447219,S3-379253806
S1-318263818	S2-453136406,S3-751191233
S1-318284275	S2-368505354,S2-819503454,S3-97031968,S3-262706116
S1-318303257	S2-705438036,S2-178924714,S2-385727435,S3-737155174,S3-585613070
S1-31845903	S2-727963126,S2-553701013,S3-789440320,S3-908450897,S3-217747723
S1-318510199	S2-466331157,S3-784890475,S3-981061338,S3-753724490
S1-318537798	S2-623585795,S3-46951561
S1-318545131	S2-795645851,S2-987618837,S3-559819187
S1-318552811	S2-890740819,S3-89062692
S1-318621731	S2-711820861,S3-367874131,S3-272482965,S3-994838264
S1-31863248	S2-207751629,S2-576343300,S2-420020732,S3-405790042,S3-877850237
S1-318749860	S2-747885657,S2-694065571,S2-679348114,S3-544971191,S3-577042522,S3-893921085
S1-318766928	S2-188913300,S2-819217809,S3-735529101,S3-382706811,S3-870223099
S1-318857017	S2-862568423,S2-663510473,S3-487219727,S3-597161007,S3-970111558,S3-720358344,S3-811422631
S1-318860279	
S1-318902929	S2-19447639,S2-541225356,S3-42745687,S3-317180599,S3-337208720
S1-318935649	S2-216615452,S2-169638479,S3-687578880,S3-221907536
S1-318954243	S2-852562902,S2-258514615,S2-100937462,S2-235457082,S3-46725936,S3-636425054,S3-822032268
S1-319014674	S2-574104555,S3-156393350,S3-831633127,S3-162303175
S1-319035820	S2-252903293,S2-761212032,S3-491077498
S1-319051968	S2-807785135,S2-988928903,S3-924207124,S3-434312247,S3-779397134
S1-319139407	S3-731910090
S1-319147049	S2-363016524,S2-546731354,S3-649931415,S3-67654235
S1-319158444	S2-71690019,S2-522015751
S1-319198788	
S1-319233513	S2-561703508,S2-942839313,S3-855360066
S1-319236372	S2-428825890,S2-467012430,S3-877498062
S1-319246338	S2-693433484,S3-296413486,S3-436611583
S1-319252241	S2-795863306,S2-101673145,S2-341865299,S3-687103798
S1-319270667	S2-714531559,S3-388288461
S1-319291176	S3-272644107,S3-250929844
S1-319307809	S2-57032307,S2-736131117,S3-312090143,S3-975075781,S3-888300640
S1-319342897	S2-182356597,S2-907232382,S2-153418542,S2-888802892,S2-801458275,S3-428578667
S1-319358866	S2-390211576,S2-61245751,S2-307084474,S3-561276373,S3-247114428,S3-456464077
S1-319377640	S2-205026314,S3-759867351
S1-319457248	S2-954566840,S2-767465859,S3-144352134
S1-319491286	S2-867031126,S2-642871569,S3-344119386
S1-319515571	S2-176963741,S2-475995132,S2-660247207,S3-250582294
S1-319633668	S2-926837436,S3-430291947,S3-990680553,S3-66885937
S1-319634055	S2-171684898,S2-998115148,S3-596140861
S1-319748197	S2-505801448,S3-31650990
S1-319749230	S3-578572320,S3-122608819
S1-319764641	S2-441086040,S3-839915677,S3-475633129,S3-434468345,S3-385936518
S1-319836277	S2-977478875,S3-237306707,S3-475643191
S1-319898293	S2-16507662,S2-386766083,S3-141581304
S1-319919021	S3-34180165,S3-295438091
S1-319960730	S2-428658556,S2-563081505,S3-885554446
S1-319994675	S2-384076600,S2-457820787,S3-948633719,S3-684351685,S3-42644125
S1-320005320	S2-538748900,S2-425899310,S2-341268414,S2-721461954,S3-282971614,S3-358315561
S1-320110131	S2-343984863,S2-983936965,S2-162341643,S3-409757853,S3-80118286
S1-320199010	S2-992020318,S2-423484035,S2-987184401,S3-313887782
S1-320208536	S2-692409195,S3-306551473
S1-320222030	S2-326780105,S3-269713084
S1-320246357	S2-896461527,S3-763046164
S1-320352005	S2-545121290,S2-413212756,S2-733624175,S3-839670243
S1-32035618	S2-275159778,S2-404104337,S3-714045210,S3-875261909,S3-260552231
S1-320375182	S2-176564171,S3-645376634
S1-320444751	S2-851070430,S2-585110345,S2-363915853,S3-535129887
S1-320448064	S2-975467588,S3-524545409,S3-715365705,S3-224406188
S1-320573332	S3-875957661,S3-346292276
S1-320580816	S2-251607577,S2-220539908,S2-669806247,S2-582870445
S1-320583504	S2-879672001,S2-57303947,S3-601314456
S1-320585498	S2-311246341,S3-1051101,S3-941558342
S1-320588601	S2-187515497,S2-608666899,S3-855423789
S1-320656855	S2-856061833,S3-502478066,S3-677670186,S3-601900570
S1-320672778	S2-980609185,S2-173771755,S2-496075775,S3-69350554
S1-320714083	S2-403971921,S2-534451771,S2-262571798,S2-443931109,S2-46255558
S1-320739585	S2-767650416,S2-277904285,S3-924247253
S1-320794515	S2-107686667,S2-12131509,S2-802842506,S3-888321316,S3-679588454
S1-320820624	S2-242870877,S3-175845747
S1-320939338	S3-81389084
S1-320983510	
S1-320988316	S2-226631042,S3-546549467,S3-305931473,S3-486894836
S1-321172474	S2-459816877,S2-233463644,S2-651596314,S3-690791076,S3-406288636
S1-321236404	S2-833495727,S2-74531397,S3-134854485
S1-321281281	
S1-321400586	S2-931319775,S2-305158023,S3-173853614,S3-521121621,S3-460435213
S1-321464412	S2-635904568,S3-559504198
S1-321542578	S2-395000905,S3-355264791
S1-321604327	S2-434768179,S3-620805029
S1-321627419	S2-529301719,S3-524308564
S1-32163855	S3-128204652,S3-160733325
S1-321638606	S2-891751237,S2-27290723,S2-907905468,S3-946584409,S3-246202074,S3-748896091
S1-321642862	S3-443171689,S3-591663464
S1-321659694	S2-741119172,S2-810554796,S3-656158512,S3-11429623,S3-442082754,S3-281244308
S1-3216904	S2-184183848,S2-815039662,S3-351562740,S3-431898282
S1-321705600	S2-926176552,S2-414995955,S2-485720722,S2-505434287,S3-243115317
S1-32176202	S2-726402930,S2-530547129,S3-932186172,S3-609002614,S3-988145198
S1-321814011	S2-94610156,S2-244566694,S3-205045489,S3-957754017,S3-216715929
S1-321959574	S2-329124590,S2-904419290,S2-377690136,S3-137925953,S3-896663287,S3-825097429
S1-321961670	S2-684075099,S3-937143803,S3-124628947,S3-153396410
S1-321966489	S2-715497809,S2-645287709,S3-983103734
S1-321992558	
S1-322012446	S2-271817888,S2-833397133,S3-679163948,S3-891580068
S1-322103500	S2-944725198,S2-256118263,S2-301323918,S3-846438195
S1-322114804	S2-837126563,S3-117343797,S3-963480691,S3-268818562
S1-322167160	S2-867815095,S2-609356282,S3-987182616,S3-417068791
S1-322181200	S3-958181835,S3-167939617
S1-322349321	S2-501089094,S2-205354920,S2-396895396,S3-248057024,S3-171848605
S1-322393525	S2-170156209,S2-868262529,S3-32914013
S1-322468169	S2-536203300,S3-465980135
S1-322565190	S2-906501722,S2-869643288,S3-780971208,S3-953270360
S1-32259511	S3-462599836,S3-323557567,S3-466932113,S3-639646887
S1-322647873	S2-727194779,S2-994981102,S2-748752882,S3-822903597
S1-3226903	S2-535663444,S3-190743951,S3-48995626,S3-927534903,S3-975137849
S1-32269621	S2-783268301,S3-671030624
S1-322726860	S2-766761800,S3-266711570
S1-322742919	S2-277141232,S3-308863657
S1-32283844	S2-416079111,S3-218408851,S3-495800258,S3-973637743
S1-322851226	S3-809079948,S3-272730354,S3-799870548,S3-407911280
S1-322991562	S2-731305379,S2-163670980,S2-462780251,S3-463828832,S3-634769352,S3-383547926,S3-349113034
S1-323046384	S2-245611674,S2-746240627,S2-787090113,S2-230786089,S3-384321583,S3-454962876
S1-32304665	S2-47199637,S2-567153289,S2-137657318,S3-548792794
S1-323114275	S2-241725282,S3-969580490,S3-606143011
S1-323125861	S2-265022512
S1-323145919	S2-510743434,S2-947617563,S3-370636499,S3-430757402
S1-323180103	S2-211213940,S3-574636316,S3-637881556
S1-32329254	S3-560593080,S3-370895163,S3-419513720
S1-323297621	S2-834526285,S3-12089994
S1-323306841	S2-280911883,S2-660857555,S3-930136079
S1-323421214	S2-874601292,S3-272776337,S3-75737205
S1-323433455	S2-726898736,S3-833798816,S3-326692207
S1-323587854	S2-226220747,S2-860955099,S3-67779631
S1-32359724	S2-945126455,S2-354400668,S3-912897590,S3-721297481
S1-323620454	
S1-323620522	S2-448688991,S2-455050423,S2-340274898
S1-323728661	S2-725777417,S3-4519980,S3-46602665,S3-573130113,S3-146669822
S1-323850816	S2-987000668,S2-213820107,S3-796139645
S1-323875759	S2-226594573,S2-9004338,S3-419014773,S3-679302481,S3-701386798
S1-323975747	S2-89845960,S3-560867420,S3-211989083
S1-324012870	S2-167697786,S3-639260228,S3-999737170
S1-324027818	S2-690343941,S2-105963705,S2-213580404,S3-169827034
S1-324063427	S2-565900618,S2-923683098,S2-705546767,S3-75512114,S3-399941692
S1-32423295	S2-942779954,S2-927372709,S3-585824568,S3-548396089,S3-85162536,S3-455471672
S1-324352227	S2-275086560,S2-975502810,S3-842861144,S3-37706953
S1-32438165	
S1-324387976	S2-105117705,S3-581482407,S3-764132122,S3-222342869
S1-324559393	S2-222334588,S2-649449300,S2-200758308,S3-888932581
S1-324563623	S2-359829691,S2-770439737,S2-691409559,S2-364692392,S3-281322737,S3-782384377,S3-899834753
S1-324640359	S2-556924847,S3-872988743,S3-739518522,S3-395589807
S1-324859349	
S1-324893534	S2-721077117,S3-18026990
S1-325085728	S3-833884099
S1-325151474	S2-839251350,S3-474998992
S1-325253759	S2-54316624,S2-886136349,S3-921497040,S3-446720092
S1-325308807	S2-936797098,S2-221893457,S3-964738897,S3-103959706
S1-325350157	S2-319129937,S2-148759398,S3-541942739
S1-32550919	S2-650970137,S2-478907786,S3-762344900
S1-325536797	S2-81121375,S2-824980191,S2-844336548,S3-806668434
S1-325586546	S2-381699655,S2-618700237,S3-555236446,S3-529157248,S3-428839291
S1-325587331	S2-524594545,S3-888187321
S1-325728124	S2-160453355,S2-960171580,S2-506702247,S2-987391341,S3-177433502,S3-849584302
S1-325812430	S2-273253936,S2-146743649,S2-85955250,S3-516934612,S3-374579786,S3-482409198
S1-32585113	S2-981406004,S2-842646231,S2-49446784,S3-779996737
S1-325894834	
S1-32600467	S2-300924926,S3-498611378,S3-478740958
S1-326030542	S3-351663962,S3-788996996
S1-326107565	S2-121637855,S3-419446877,S3-907991336,S3-172408746
S1-326170586	S2-703869631
S1-326190772	S2-281193316,S2-73671380,S3-623424991,S3-732680923,S3-676440927
S1-326226717	S2-780912044,S2-676656328,S2-87577725,S3-514272517
S1-326258069	S2-626467108,S3-521305506,S3-148870500
S1-326347836	S2-291230285,S2-114500933,S3-956162466
S1-326374879	S2-916851671,S3-953670284,S3-527552787
S1-326382908	S3-970512068,S3-531227695,S3-485905585,S3-837665032
S1-326452840	S2-115552324,S2-199689272,S2-913636889,S2-745746463,S3-623450586
S1-326544762	S2-923334581,S2-763192650,S3-551442681,S3-503067621,S3-773435537
S1-326554855	S3-633607584,S3-36694013,S3-902128117
S1-326569072	S2-759967820,S3-147753550,S3-817710440
S1-326618343	S2-521610242,S3-510556339,S3-495334734,S3-73383323
S1-326622126	S2-967761278,S2-717385066,S3-532853106,S3-813375435,S3-100718058
S1-326623096	S2-305643334,S3-394054861,S3-692064682
S1-326704174	S2-306030226,S3-359242560,S3-119682077
S1-326718229	S2-278036069,S2-20163146,S3-944909517,S3-700392043
S1-326732242	S2-244362534,S2-962571560,S3-440526869,S3-255646421
S1-326787336	S2-282150641,S2-703880625,S3-858336555,S3-140957209
S1-326863293	S2-681470942,S2-329384032,S2-54962142,S3-846384527,S3-630817916
S1-327094377	S2-928847385,S2-553513802,S3-646594614,S3-812855863,S3-881517274,S3-425754521,S3-760370198
S1-327141911	S2-93208810,S2-903208720,S2-880510146,S3-121885716,S3-138329824
S1-327215180	S2-645357766,S2-489069750,S2-735482738,S3-486970707,S3-389122282,S3-79260437
S1-327287634	S2-987295206,S2-182569614,S3-766113884,S3-421867167,S3-659361262
S1-327291979	S2-212011473,S2-163306599,S3-714020871
S1-327407770	S2-439056083,S2-459222614,S2-178060033,S3-421658653,S3-916480871
S1-327480933	S2-277712892,S2-328160545,S2-992185986,S3-483031133,S3-143929009
S1-32750302	S2-964335401,S2-586425545,S3-345002980,S3-154548438,S3-369584722
S1-327564100	S2-496228778,S2-717448967,S3-964705460
S1-327576182	S2-686336600,S2-416718887,S2-954959782,S2-687390177
S1-327623545	S2-142544961,S2-677102630,S2-816527881,S2-701220692,S3-937555476,S3-992084591
S1-327645377	S2-531609828,S2-589828555,S2-871251243,S2-188101317,S3-466046997,S3-680000604,S3-83687262
S1-327650067	S2-103016253,S2-485434394,S2-142405639
S1-327663084	S2-76062563,S2-642633781,S3-354564674
S1-327717978	S2-612808453,S3-786881263,S3-536292544,S3-23602037
S1-327726043	S2-742237628,S2-796316722,S3-656003195,S3-455964486
S1-327733862	S2-171640842,S2-231835348,S2-414834927,S2-377871594,S2-612193940,S3-532769160,S3-169626670
S1-327864291	S2-396688701,S2-872728018,S3-466115494,S3-523278094
S1-327871566	S2-892545200,S2-727527025,S3-841344529
S1-327951440	S2-873339812,S3-357500710,S3-526289814,S3-4417563
S1-328044770	S2-36952195,S3-716473011,S3-613652895,S3-565877291
S1-32805790	S2-701635567,S3-221982130,S3-636435868
S1-328070989	S3-848484408
S1-328138397	S2-684786118,S2-21832307,S2-652932191,S3-946154932,S3-437019256
S1-328167369	S2-130245545,S2-348386056,S2-407232480,S3-180867144,S3-99893827,S3-381544710
S1-328175754	S3-654747835,S3-107340977,S3-641083781
S1-328185331	S2-229533017,S3-967505964,S3-683115710
S1-328228288	S3-732451156
S1-328234587	S2-266450410
S1-3282615	S2-331610621,S3-748165967,S3-821150409,S3-722284805
S1-328291127	S2-225065642,S3-508866838
S1-328340827	S3-501444837,S3-558999169
S1-328390143	S3-452233284
S1-328468398	S2-331901602,S2-585706522,S2-823455511,S2-647811182
S1-328469081	S2-232984732,S2-493452817,S2-462486901,S2-73730272,S3-991174685,S3-277006853
S1-328557242	S2-752605887,S2-114103688,S2-825864277,S2-545604574,S3-868930203
S1-328638919	S2-698654479,S3-230386615
S1-328730479	S2-669051713,S3-580962567,S3-119056190,S3-383250228,S3-526235927,S3-544696555
S1-328781555	S2-751297836,S2-838833215,S3-450245768
S1-328976837	S2-560168367,S3-382331767,S3-206557280,S3-924872402
S1-329082526	S2-30411408,S2-570712487,S2-229417140,S3-933005284,S3-912087072
S1-329153128	S2-844513628,S3-42471075,S3-986900483,S3-118803846
S1-329168080	S2-516769428,S3-159200930
S1-329222823	S2-35870860,S2-573358321,S3-997027909,S3-521062845,S3-977962519
S1-329223901	S2-70556537,S3-779837013
S1-329272709	S2-220077523,S2-739821313,S3-73130468
S1-329812489	
S1-329829026	
S1-329860225	
S1-329863765	S2-673000943,S2-718073082,S2-484415250,S3-450682689,S3-35882107
S1-329908140	S2-800540693,S3-554368963,S3-617447933
S1-330138163	S2-32535692,S3-35353529
S1-330245841	
S1-330366749	S2-867450531,S3-381058409
S1-330380540	S2-838932858,S2-461833686,S3-24094133
S1-330433877	S2-132461311,S2-150776383,S2-377027364,S3-297861461,S3-376472966,S3-977200480,S3-285811635
S1-330478892	S2-978295090,S2-378583692,S3-269400198
S1-330544491	S2-767615142,S2-789185460,S3-335607907,S3-184007015,S3-100445850,S3-56923429
S1-330585786	S2-724122534,S3-623053741,S3-739582595
S1-330657845	
S1-330694067	S2-580916206,S2-495791133,S2-496805219,S3-571771715
S1-330702809	S2-376904590,S2-278844558,S2-681453300,S3-609717063,S3-100282811
S1-33094676	S2-947775208,S2-340707950,S3-452052596,S3-175804969,S3-926886295,S3-958290275
S1-330963960	S2-712365711,S2-936702579,S3-434727061,S3-5793659,S3-650492020
S1-330991137	S2-756711347,S2-253399156,S3-61440858,S3-39554827
S1-331003986	S2-743786903,S2-776809098,S3-414904715,S3-132806913
S1-331045394	S2-433698480,S3-139183253,S3-511387776,S3-543381900
S1-331152059	S3-208402318,S3-261522901
S1-331214043	S2-439622466,S2-452056730,S3-371457309,S3-542628500,S3-434310119,S3-654748926
S1-331258615	S2-58802446,S2-803579814,S3-347513410
S1-331288435	S2-382817137,S2-658833495,S2-863552697,S3-957933132,S3-489154821
S1-331300726	S2-367242555,S2-320500951,S3-442483637,S3-597900617
S1-331311121	S2-906597298,S2-273421113,S2-756360686,S3-390006729
S1-331342640	S2-976932597,S3-971073482
S1-331374638	S2-465073368,S3-502113231
S1-331415158	S2-168527375,S2-201590325,S2-211832209,S3-656628569
S1-331449813	S2-586093515,S3-369586074,S3-460185568
S1-331499377	S2-851898784,S3-824978234,S3-967003872
S1-331537129	S2-102107302,S3-912527646
S1-331617883	S2-220616480,S3-835334573,S3-284836617
S1-331665608	S2-455004243,S3-792580553
S1-331687849	S2-148626574,S3-665478625,S3-131544011,S3-871670030
S1-331705734	S2-484868075,S2-149853378,S3-380804084
S1-331771655	S2-955463054,S3-325920715
S1-331943990	S2-390351221,S2-925867524,S3-19384768,S3-299676114
S1-332006536	S2-678006579,S2-718892179,S2-990182758,S3-639321665,S3-233530815
S1-332033332	S2-443412060
S1-332195743	S2-266855513,S2-916340701,S2-890760721,S3-863574630,S3-390570273,S3-898692063
S1-332217858	S2-785598850,S2-531880401,S3-934072212,S3-509912060,S3-698619359
S1-332242702	S2-780716389,S2-976182124,S2-922244759,S2-187719924,S3-287564005,S3-494961688
S1-332254177	S2-179110607,S2-115935230,S2-545220865,S3-873951329,S3-445987939
S1-332322252	S2-124449929
S1-332351844	S2-967486476,S2-637794253,S3-554004093,S3-285172199
S1-332353879	S2-999874400,S3-103302685,S3-753212064,S3-645232376
S1-332363788	S3-483289122
S1-332374056	S2-543107464,S2-272547854,S2-608316732,S3-232656447,S3-45851527
S1-332399633	S2-623450118,S2-93663610,S3-312569813,S3-802821590,S3-531121739
S1-332498800	S2-709024190,S3-103116775,S3-802607596
S1-332544319	S2-951567136,S2-692037914,S3-284874432,S3-562548605,S3-42076588
S1-332662357	S2-1836872
S1-332724598	S2-772784009,S2-238277640,S2-905028058,S3-949428812
S1-332840252	S2-156175547,S2-851467418,S3-952279423,S3-404205657
S1-33286428	S2-739859178,S3-133740004,S3-737587956
S1-332877148	S2-14861969,S2-864306314,S2-444640523,S2-781625043,S3-83219494,S3-981975389
S1-332880006	S2-108046266,S2-983339973,S3-536280325
S1-33300261	S2-697807121,S2-690859956,S3-674325198
S1-333027636	S2-660969652,S3-267728269,S3-234091938
S1-333029487	S2-362123326,S3-268451887
S1-333069008	S2-406406512,S2-67177889,S3-937665155,S3-39165646
S1-333072545	S2-901471071,S2-563787548,S3-263945266,S3-184280886
S1-33307631	S2-583560238,S2-869352270,S3-486159303,S3-696106477
S1-33325502	S2-29544919,S2-903824754,S2-908742622,S3-536715521
S1-333266118	S2-851097168,S2-633676306,S2-331854265,S3-310763073
S1-333280784	S2-555564019,S3-52572156
S1-333349886	S2-630336428,S2-435159126,S2-994458178
S1-333351028	S2-668957507,S2-309343094,S2-106966774
S1-33341255	S2-218376882,S2-771296134,S2-325466350,S2-611296708,S3-610690908,S3-764373139
S1-333440116	S2-832829843,S2-823055507,S2-132716159,S3-356342518
S1-333492115	S2-251216072,S3-93062972
S1-333562272	S2-739165255,S2-902881105,S3-541904211,S3-462033101
S1-333604156	S2-111179459
S1-333614099	S2-424559351,S2-598124379,S3-989202426
S1-333615693	S2-733744413,S2-603470429,S2-283715863,S3-808226879
S1-33372021	
S1-333766370	S2-968876742,S3-761643494,S3-624534436,S3-625962320
S1-333792390	S2-932721970,S2-411690157,S3-26864110
S1-333797514	S2-38684050,S3-87859070
S1-333997489	S2-20830783,S2-315012946,S2-735620495,S3-997827921
S1-334125564	S2-567451943,S2-90982417,S2-475373774,S3-25191232,S3-678340119
S1-334133097	S2-749886884,S2-808123034,S3-758047097,S3-208758385,S3-537300295,S3-142558670
S1-334150587	S2-191577093,S3-65021803,S3-759269702,S3-632987571,S3-369343868
S1-334154070	S2-87266368,S3-681102821,S3-705513127
S1-334154336	S2-807436854,S2-39557352,S2-328390659,S3-627713693,S3-473532156
S1-334165498	S2-154969964,S2-957268098,S3-108718874,S3-11749840
S1-334230122	S2-54865785,S2-985529977
S1-334265980	S2-868609606,S2-911435615,S3-612204536
S1-334303607	S2-129660475,S3-50034958,S3-389055902
S1-334385845	S2-293337236,S2-395603571,S3-132232577,S3-125819606
S1-334406919	S2-200940012,S2-886734118,S3-998989712
S1-334427921	S2-977892210,S2-185378462,S2-686333688,S3-183218410,S3-85246492,S3-436168669
S1-334468919	S2-860994831,S2-159944228,S3-107484282,S3-260957137
S1-334481647	S2-270548094,S2-116107813,S3-284504716
S1-334650802	S2-671207910,S2-255008922,S2-57565684,S3-467437879,S3-670376372
S1-334675863	S2-983079326
S1-334807938	S3-50936001,S3-754633188
S1-334846992	S2-345179083,S3-173873932
S1-334867854	
S1-334891540	S2-693269246
S1-334974656	S2-693556917,S2-928529624,S2-219498150,S3-763859818,S3-551417708
S1-335081704	S2-243118657,S2-71092102,S3-649407878,S3-781253297
S1-335202101	S2-540675646,S2-647201214,S2-150830471,S2-838987196
S1-335305800	S2-366061974,S2-765373894,S3-247820007,S3-137872195,S3-781904782
S1-335340632	S2-225820719,S2-568940410,S3-559389832,S3-554408502
S1-335385909	S2-531148527,S3-817555630,S3-901284818
S1-335544040	S3-549232084
S1-335599326	S2-969103641,S2-144691442,S2-992977389,S3-385279140,S3-101354284,S3-10899285
S1-335805821	S2-212922993,S2-936783806,S2-821107176,S2-993832170,S2-691107977,S3-942171076,S3-323856486
S1-335821303	S2-894411349,S2-708606101,S3-906707985,S3-179118976,S3-854196122
S1-335899670	S2-388210788,S2-37712873,S2-405423507
S1-335933565	S3-556201947,S3-101260924,S3-750047922,S3-839328258
S1-336005992	S2-504545441,S2-577091038
S1-336033913	S2-177761954,S2-555533735,S3-32563395,S3-960246648
S1-336047352	S2-884872277,S3-358255873,S3-574712231
S1-336047784	S3-60927014,S3-289732521
S1-33614181	S2-57978804,S2-26038773,S3-469462021,S3-39193050
S1-33614553	S2-195662837,S2-278230236,S3-256343640
S1-33615670	S2-20672233,S3-532183090,S3-612796996
S1-336163608	S2-664855717,S3-123814092,S3-161140088,S3-538676574
S1-33617423	S2-774178403,S3-751224183,S3-93307351
S1-336264927	S2-398594868,S2-410744583,S3-138045882,S3-458262917
S1-336312033	S3-142312164,S3-518631083
S1-336315650	S2-935224277,S2-989540201,S2-551885791,S3-662861642,S3-574954341,S3-455274246
S1-336399682	S2-822930960,S3-339246003,S3-695809357,S3-597749424,S3-153359323
S1-336439371	S2-413720053,S3-254553515,S3-458125054,S3-970405333
S1-336467930	S2-249593754,S2-943997761,S3-162221550,S3-548531066
S1-336626436	S2-652251219,S2-198971742,S3-208286322,S3-743636168,S3-522913595
S1-336667626	S2-870429542,S2-124972714,S2-384073184,S3-425091513,S3-656643138
S1-336730852	S2-169734348,S3-796960490
S1-336766127	S2-52597972,S3-459728920,S3-10285731,S3-986588310
S1-336939160	S2-901914165,S3-130301643,S3-270252567,S3-569868860
S1-337132800	S2-517377761,S2-29621201,S3-163299507
S1-337137309	S3-25728424
S1-33729492	S2-483539244,S2-55051515,S3-505078259,S3-299764870,S3-2455285,S3-122199571,S3-723138993
S1-337310957	S2-804092805,S2-272147128,S2-627469537,S2-424308218,S3-176692046,S3-663220275
S1-33735499	S2-959896546,S2-248677349,S3-508715568
S1-337367327	S2-810273451,S3-387794279,S3-455668911
S1-337499238	S2-815277230,S2-54016608,S3-892723699
S1-337668413	S2-885880986,S2-816899210,S3-866796449,S3-144061968,S3-163994116,S3-423341368
S1-337791723	S2-507133773,S3-910268807
S1-337807021	S2-517280415,S2-859721949,S3-278601084,S3-975002100,S3-151323195
S1-337916408	S2-5367905,S2-649157851,S3-389939376
S1-338052623	S2-819674267,S2-373308771,S3-987364716,S3-505529540,S3-193249446,S3-672700539
S1-338053520	S2-369769326,S3-980095304,S3-662378649,S3-846939482,S3-943011323
S1-338228052	
S1-338263395	S2-662422782,S2-422772768,S2-795226309,S2-276757009,S3-289115691,S3-548090983
S1-338291824	S2-102269597,S2-412165391,S3-904774728,S3-550694391,S3-639617295
S1-338325508	S2-829417442,S3-375713466
S1-338335670	S2-123198301,S2-975002123,S3-109333772,S3-572988669,S3-101195363
S1-338356991	S3-708245937,S3-978738926
S1-338411856	S2-68089526,S2-733955156,S2-895987462
S1-338422012	S2-704200684,S3-584678002,S3-85030045
S1-33847028	S2-120068444,S2-222897701,S2-47216967,S3-143019567,S3-403768582
S1-338516752	S2-293883784,S3-764408487
S1-338653193	S2-391250398,S2-355499000,S3-109842005,S3-467090057,S3-257953839
S1-338684646	S2-592078286,S2-763036698,S3-89446041,S3-384710417,S3-181796635
S1-338745995	S2-351892333
S1-338766332	S2-424753279,S2-614418558,S3-602528491
S1-33878415	S2-835709269,S3-923288207,S3-493445680
S1-338874155	S2-40476498,S3-468716548,S3-469127582,S3-980088632
S1-338952630	S2-644998899,S2-125649215,S3-851373718,S3-391684856,S3-30386849
S1-339043439	S2-766086315,S3-321708488,S3-339308392
S1-339045225	S2-200418057,S2-579470238,S3-465497144
S1-339207223	S2-79164656,S2-477473324,S3-119640896,S3-534048297,S3-252395534
S1-339284965	S2-586847192,S3-706364684,S3-801378555,S3-729755354
S1-339384115	S2-438526134,S2-142958709,S3-264795117
S1-339397857	S2-680616459,S3-521591225,S3-342251495
S1-339523310	S2-83286236,S2-502153298,S2-642465906,S3-721161858,S3-422952396,S3-211931596
S1-339582508	S2-318364769,S2-334425223,S3-753790024,S3-553912554,S3-648131357,S3-360859737
S1-339645284	S2-773090983,S3-965246125
S1-3397267	S2-660461094,S3-159841706,S3-735483513,S3-147066431,S3-201817696
S1-339793100	S2-138898002,S2-672451797,S3-753445259
S1-339914233	S2-401239510,S3-624235317,S3-949700669,S3-44806713
S1-339934894	S2-353180303,S2-122115172,S3-867338943,S3-942751548,S3-266605641,S3-784173981
S1-340085739	S2-685091646,S2-775554049,S3-849540406,S3-813152003,S3-76369536
S1-340097599	S2-12144704,S2-751828944,S2-614926369,S3-181325743,S3-537409145
S1-340141978	S2-164281819,S2-989334702
S1-340160580	S2-871066512,S2-501622293,S3-93389547
S1-340199818	S2-253206619,S2-285962373,S3-345737343,S3-534013432
S1-340233118	S3-503676002
S1-340452386	S2-121349302,S2-133321629,S2-71807149,S2-209649877,S3-110810486,S3-263495365
S1-340500762	S2-962018725,S2-878904136,S2-996122089,S3-263919349
S1-340530455	S2-674694921,S2-78871914
S1-340540378	S2-886973573,S2-913983834,S3-116939393
S1-340597833	S2-130400548,S3-650062330,S3-426436291,S3-83942947,S3-74329656,S3-165642961
S1-340671248	S2-366511079,S3-429167602,S3-412666298
S1-340815043	S2-605442877
S1-340911465	S3-408182187,S3-775298284,S3-823395357
S1-341006643	S2-586480062,S2-441270937,S2-210542934,S2-873774764,S3-638369111,S3-888378937,S3-248435148,S3-831831038
S1-341079133	S2-287844880,S2-819572974,S2-784777692,S3-380774487
S1-341157321	S2-388608122,S3-729303842
S1-341177685	S2-419675069,S3-220660877,S3-295993149
S1-341328038	S2-123471569,S2-123030472,S2-990783267,S3-32198899,S3-421715497
S1-341345324	
S1-341380364	S2-397834914,S2-401422219,S2-453236951,S3-336557336,S3-330767100,S3-463043661
S1-341381007	S2-252351770,S3-114635975,S3-853679755,S3-167673158
S1-341392973	S2-375526989,S2-763486920,S2-994264363,S3-862428645,S3-366768136
S1-341398922	S2-493248868,S3-7615079,S3-762581119,S3-457135862
S1-341407959	S2-110165062,S2-686172201,S2-701718583,S3-916154441,S3-758417242
S1-341484828	S2-478508000
S1-341593824	S2-938305679,S2-79915117,S3-587056217,S3-766550319,S3-171678105
S1-341629139	S2-800689266,S3-97037156
S1-341664605	S2-293383617,S3-904520164,S3-954868369,S3-470449587
S1-341686946	S2-873675820,S3-497448735,S3-213379309,S3-16469690
S1-341752737	S2-77967543,S2-563649641,S2-441826421,S3-89130940,S3-270221572
S1-341801624	
S1-341903591	S2-542790171,S2-800331949,S3-493786612,S3-15625758
S1-341931333	S2-828083069,S2-246196113,S3-658953003,S3-761479315,S3-21480699,S3-664105652
S1-341949638	S2-955354996,S2-498481837,S2-324097581,S3-206854683,S3-406183488
S1-342027734	S2-336699886,S3-358491272,S3-382919926
S1-342123001	S2-978718573,S2-107665983,S2-231233067,S3-772781215,S3-907235955
S1-342148026	S2-834269296,S3-323220887,S3-246338135
S1-342279312	S2-27304293,S3-31605854,S3-953932105,S3-677902709
S1-342280868	S2-950931125,S2-808210491,S3-942794407,S3-53103058,S3-913013392
S1-342281149	S2-956465196,S3-864631145
S1-342292680	S2-289615136,S2-225416237,S2-702510735,S2-491842743,S2-128506629,S3-342940456
S1-342438003	S2-854088486,S2-887117001,S3-379846848,S3-682247846,S3-967915566,S3-941176698
S1-342446057	S2-116327224,S2-686980080,S2-400774334,S3-190042538
S1-34275942	S2-520342874,S2-847439186,S3-862841439,S3-979881327
S1-342763154	
S1-342795404	S2-474907054,S3-397918446,S3-334005363,S3-218261712
S1-342896068	S2-996115014,S2-731303980,S2-319662172,S2-950658822,S2-167426015,S3-683956746,S3-729430213,S3-591025774,S3-867914743,S3-675908376
S1-34299565	S2-351556346,S3-247403996
S1-343055400	S2-931428531,S3-17969449
S1-343100005	S2-676806058,S2-63892207,S2-13749632,S3-353433453,S3-844824551
S1-343153342	S2-922752678,S3-175786467
S1-343163253	S2-701468955,S3-298346030,S3-665822085
S1-343200929	S2-555233225,S3-577395315
S1-343229152	S2-457161530,S3-699188675,S3-187500040
S1-343408040	S2-318369350,S3-74858365,S3-806336378
S1-34345885	S2-528853290,S2-543064182,S3-375317000
S1-343512300	S2-606398721,S2-586795113,S3-707138016
S1-343520956	S2-264445681,S3-525284553
S1-343609282	S2-593830372,S3-419034632,S3-383553160
S1-343650611	S2-369927542,S2-826479005,S2-79251564,S2-796800096,S3-470246582,S3-439692823,S3-810924250
S1-343728604	S2-781823629
S1-343810556	S2-118126975,S3-855347332,S3-968939458
S1-343812641	S2-111674223,S2-987575543,S2-398194962,S3-646715894
S1-343860213	S2-466518162,S2-821159982,S3-853491972,S3-386212669
S1-343956152	S2-370157083,S2-356843776,S2-367774147,S3-288227979
S1-344027125	S2-372627318,S3-735403030,S3-68448706,S3-850074599
S1-344085826	S2-940597446,S2-240555280,S3-882662626
S1-344088197	S2-117390933,S2-619096206,S2-459826881,S3-919653011
S1-344264868	S2-282327473,S2-386296144,S3-168259707
S1-344276383	S2-979343745,S2-386842327,S3-794685462,S3-975376968
S1-344327706	S2-519743483,S2-815895807,S3-252648999,S3-481524639
S1-344367712	S3-235199437
S1-344488381	S2-937030758,S3-99117263,S3-329892395
S1-344492883	S2-621270840,S2-315903554,S3-664243374
S1-344509391	S2-402982739,S3-948758745
S1-344596237	S2-695580590,S2-908038564,S3-572101716,S3-621659601,S3-880351831
S1-344601175	S2-308949484,S2-928906097,S3-382642753
S1-344637309	S3-96545196
S1-344778711	S2-183721888,S3-126169698
S1-344782737	S2-371697205,S2-754975763,S2-472535215,S3-613255830,S3-321113413
S1-344861364	S2-72775793,S2-278571775
S1-344910314	S2-785361447,S2-447906175,S3-439364409,S3-106192290
S1-344911433	S2-505865265,S3-315516630,S3-262870031
S1-345025174	S2-558505671,S3-102325742
S1-345238895	S2-628670326,S2-94501128,S2-852212476,S3-440682411,S3-331336210,S3-591998535
S1-345252629	
S1-345260063	S2-876055565,S2-15144380,S3-9762532
S1-345274093	S2-142452632,S2-585711209
S1-345407429	S2-303801034,S2-825909564,S2-269201077,S3-283644132
S1-345413722	S2-154075164,S2-239320332
S1-345501694	S2-182839754,S3-827156774,S3-375710315,S3-728478677
S1-34552288	S2-775260729,S3-927152833,S3-901961454,S3-228490174
S1-345620917	S2-482695274,S3-735950908,S3-728146727
S1-345648905	S2-440462301,S2-812679840,S2-897050512,S3-551269672
S1-345675728	S2-698178363,S2-608929157,S3-998255578
S1-345680314	
S1-345813595	S2-926062155,S2-490412574,S2-883588550,S3-273818243,S3-213857378
S1-345831224	S3-86791555
S1-345837420	S2-29025151,S2-791044785,S3-763444793
S1-345889955	S2-67806137,S3-130787120,S3-23743146,S3-413867387
S1-345896764	S2-542978160,S2-464733606,S2-531549512,S3-824070714,S3-544632153,S3-523620687,S3-911371306
S1-345935975	S2-871698166,S3-376938475
S1-345974806	S2-788015263,S2-570379151,S3-406297663,S3-300591971
S1-346044775	S2-924198613,S2-177700416,S2-350128198,S3-417678230,S3-313905064,S3-80374130
S1-346060240	S2-410869892,S3-416911681,S3-69159467
S1-346085518	S2-354924744,S2-116372163,S3-947680567,S3-890393571
S1-346095796	S2-24796204,S2-937772837,S3-36853162
S1-346156564	S2-511446162,S2-868774730,S2-180656085,S3-359944588
S1-346222847	S2-992914931,S3-633818737,S3-323719990
S1-346244334	S2-649897060,S2-697078063,S3-881438092,S3-423598555
S1-346270568	S2-688263818,S3-833298870
S1-346306768	S2-629636435,S3-393067519,S3-540121501,S3-929038879,S3-467910716,S3-578026151
S1-346345717	S2-573097884,S3-82983006,S3-852707941,S3-204600509,S3-734874655
S1-346534330	S2-623183675,S2-996057416,S3-668505820
S1-346599436	S2-865987973,S3-447963387
S1-34673866	S2-583553917,S2-394758221,S2-33418691,S2-150784690,S3-799756096,S3-892953910
S1-346755614	S2-758145532,S3-927922408,S3-479633788,S3-761928501
S1-346875052	S3-224428337,S3-947467995
S1-346903469	S2-314344603,S2-464907942,S2-749820821,S3-12972636,S3-923088552
S1-346910155	S2-142709390,S3-586102635
S1-346939473	S2-126233883,S2-547349162,S2-491290127,S3-255496085
S1-346959431	S2-409352726,S2-991358554,S2-361556485,S3-458073478
S1-346960980	S2-918370320,S2-364036777,S3-806635218,S3-593091354
S1-347020210	S2-346530123,S2-434530286,S2-338159825
S1-347061293	S2-647903496,S3-232917743
S1-347132679	S2-310438181,S2-396395273,S3-816219103,S3-365746541,S3-332447752
S1-347204558	S2-563329094,S2-257952684,S3-838383327
S1-347231926	S2-217350840,S2-280063144,S2-366072924,S3-957251595,S3-892079811,S3-442530375
S1-347272524	S2-160838068,S3-15238455,S3-183344886,S3-246556365
S1-347295144	S2-938792809,S2-226461869,S3-223621046
S1-347400757	S2-942234481,S2-882072229,S2-362740661,S2-529612088,S3-70729126,S3-945933757,S3-608230596
S1-347437730	S2-934728529,S3-836920224,S3-705290405
S1-347487059	S2-117212235
S1-347579733	S2-558549934,S3-291265427,S3-735577974
S1-347634474	S2-689672852,S3-561519126,S3-229176966,S3-620777851
S1-34767863	S2-575617481,S2-536705921,S3-33874127
S1-347679086	S2-377623180,S3-810106627,S3-837656578,S3-647014504,S3-432306098
S1-347751596	S3-707856872,S3-211128144,S3-257692872
S1-347780061	S2-637201639,S3-336744364
S1-347799214	S2-935053687,S2-199219257,S3-722659021,S3-4914716,S3-296433872
S1-347805372	S2-160363547,S2-830802430,S2-342871012,S2-338574828,S3-322177386,S3-65774313,S3-12014248,S3-416681069
S1-347820485	S2-311921941,S3-106148188
S1-347912082	S2-44029734,S3-266979752
S1-348002608	S2-148222809,S2-457478322,S3-930279854
S1-348088312	S2-387795193,S2-531665786,S2-946085086,S3-745382404,S3-686476075
S1-348175291	S2-672493211,S2-691621929,S3-590265543,S3-518194165
S1-348180025	S2-45507115,S2-701231524,S3-619805942,S3-701117553,S3-49169328
S1-348189764	
S1-348191332	S2-216996789,S2-235549609,S2-877363855
S1-348259007	S2-867701956,S3-947185897
S1-348292023	S2-462596941,S3-701837327,S3-921932177
S1-348313370	S2-334375338,S3-816382970,S3-300088843
S1-348316173	S2-745739465,S3-784999381,S3-316458981
S1-348395066	S2-979374837,S2-45195526,S2-191676114,S3-216182136,S3-553951059
S1-348411785	S3-650221662,S3-839366019,S3-235422738,S3-96812788
S1-348413641	S2-204948224,S2-926889775,S3-508543047
S1-348523808	S2-679571994,S3-592476673,S3-123159359
S1-34853334	S2-655161917,S2-594021488,S2-475699247,S3-773694857,S3-389971811
S1-348536084	S2-649741890,S2-752419212,S3-250314887,S3-49009391
S1-348589678	S3-259063515,S3-207099287
S1-348605505	S2-386481492,S2-458743397,S2-672214041,S3-441249860,S3-680572700
S1-34864187	S2-530378724,S2-272657585,S3-318628915
S1-348774270	S2-889288553,S3-546121231
S1-348789020	S2-238256281,S2-841012779,S3-134840485,S3-219123544,S3-145873324,S3-802480979,S3-664836252
S1-348877823	S2-962161901,S3-665258697
S1-348899402	S2-21554055,S2-109973300,S3-645369283
S1-348961645	S2-190775463,S3-441744598,S3-398870138,S3-570016131
S1-349013413	S2-908461400,S2-501669553,S2-989837655
S1-34904204	S2-551091760,S2-233158414,S3-76687204,S3-191255629
S1-349068335	S2-990593057,S2-441336650,S3-823886694,S3-403284945,S3-631525317
S1-349108590	S2-168442609,S2-247034473
S1-349180020	
S1-349233716	S2-263742384,S2-560416085,S2-217313168,S2-653554988,S3-331929373,S3-670612824
S1-349373301	S2-172930076,S2-175802416,S3-427583588,S3-206956984,S3-768770558,S3-242414553
S1-349398380	
S1-349428070	S2-62259696,S2-397498168,S3-157551145,S3-908139535
S1-349459440	S2-572344314,S2-138863,S2-604054404,S3-916907926
S1-349503805	S2-636309866,S2-55073239,S3-460629795,S3-703131792
S1-349586937	S2-891601109
S1-349606472	S2-659082843,S3-706834553
S1-349661163	S3-670975793
S1-349679516	S2-898036920,S2-965409190,S3-21451987,S3-277311746,S3-899477143
S1-349914512	S2-351757973,S2-234443784,S3-451765862
S1-349950235	S2-447953187,S2-291056950,S3-553909988,S3-455290446,S3-877291101
S1-350155727	S2-509714814,S2-180156948,S3-789284040,S3-45093258
S1-350184821	S2-824636452,S2-863835004,S2-738847780,S3-727371965,S3-556976913
S1-350341733	S2-504196191,S2-341534283,S2-405278340,S2-146926067,S3-133932588,S3-328017738
S1-350437686	S2-261190229,S2-840530672,S3-882705028,S3-748756662
S1-350479485	S2-26740179,S2-28150569,S3-529779895,S3-516171085,S3-259655163,S3-552712213,S3-655387873
S1-350538164	S2-868965550,S2-77759708,S2-564953462,S2-688974496,S3-631168411,S3-903816379,S3-144729945,S3-64412838
S1-350648747	S2-977663068,S2-802305853,S2-74503164,S2-219652036,S3-430072848,S3-383119316,S3-599853460
S1-35066367	S2-966071516,S2-921105456,S2-127806204,S3-962513591,S3-722740073,S3-906233322,S3-756428757,S3-663451815
S1-350671089	S2-944280098,S3-375774667,S3-699048409
S1-350687169	S2-800810635,S3-796793984
S1-350761107	S3-655689625,S3-87688616
S1-350768233	S2-565316321,S3-485819768,S3-566042185
S1-350920940	S2-408371477,S3-86170242,S3-614698564
S1-351015760	S2-918058675,S3-976883745,S3-56575120
S1-35106973	S2-703246987,S2-682402809,S2-108506126,S3-815795035,S3-872803263,S3-744239177,S3-217242616
S1-351077467	S2-984798563,S3-784045487,S3-127159316,S3-25115877,S3-511192700
S1-351135868	S2-963724919,S2-353807938,S3-56555769,S3-360383444
S1-351143456	S2-982452525,S3-759328067,S3-778158372,S3-816426255
S1-351218303	S2-65607951,S3-750703222
S1-351263165	S2-631630026,S2-641318824,S3-329737165,S3-413192455,S3-514409724
S1-351306325	S2-351115399,S2-23995261,S3-939959451,S3-350099441,S3-15050084
S1-35141763	S2-749213734,S2-792134636,S3-576678643
S1-351477816	S2-545548096,S2-665014680,S2-539910871,S3-580468555,S3-33881420,S3-330024031
S1-351594689	S2-54741750,S2-199673876,S3-986429275,S3-580207820
S1-351634403	S2-539400163,S2-72443915,S2-742976605,S3-887505115,S3-477368342,S3-274371243
S1-351650918	S2-235029887,S2-838919476,S2-170044441,S3-791081326
S1-351944053	S3-435419382,S3-900077879
S1-352067280	S2-414267730,S2-729630488,S2-892456896,S3-34166368,S3-166806101
S1-352083147	S2-626221857,S2-383934325,S2-464018284,S3-997651563
S1-352087657	S2-573652106,S3-229807972,S3-707469174
S1-352189180	S2-821820262,S3-77057129,S3-803183189,S3-939605453,S3-226901735
S1-352361896	S2-43926857,S2-227775564,S3-460617395
S1-352377601	S2-624091225,S2-505297457,S3-909427369
S1-352380152	S2-725168420,S3-430758438
S1-352411663	S2-534738900,S3-821681918,S3-278899502
S1-352425007	S2-57844310,S3-938900405
S1-352436298	S2-798783830,S3-512888066,S3-137211916,S3-456380160,S3-690176841
S1-35245382	S2-511233462,S3-750353527
S1-35247134	S2-569297792,S2-422528054,S3-479708907
S1-352488229	S2-621095251,S3-412076216,S3-265212335,S3-255362116,S3-992525058
S1-3525248	S2-303061423,S3-53728744
S1-352547063	S2-807962095,S2-438412040,S3-241883295,S3-769528571
S1-352588461	S2-361779764,S2-165294558,S3-425035365,S3-160037509
S1-352636875	S2-830074654,S2-8940155,S2-74043454,S3-339649711,S3-403056400,S3-616127630
S1-352640640	S2-632909708,S2-352427665,S2-638736139,S3-6736552,S3-121025457
S1-352677620	S2-528305040,S3-48742041
S1-352741908	S2-990852992,S3-437997707,S3-742059352,S3-205033802
S1-352823018	S3-11500777
S1-352928643	S2-53391389,S2-131722971,S3-2631580
S1-352934526	S2-119453567,S2-491804484,S3-756652757,S3-510133722
S1-352941553	S2-942346073,S2-143933384,S3-254129780
S1-353146376	S2-244755438,S3-945863879
S1-353200693	S2-925417942,S2-557389437,S3-507670906,S3-452110269,S3-466701131
S1-353211174	
S1-353232566	S2-525734264,S2-76861338,S3-510845183,S3-284417286,S3-915908892
S1-353233563	S2-514643388,S2-868491953,S2-702835056,S3-721459413,S3-580791736,S3-634079035,S3-599442100
S1-353355036	S2-583038478,S2-768639499,S3-578715234,S3-888988487
S1-353397117	S3-87850931,S3-597072357
S1-353514729	S2-651455774,S2-645162130,S3-532371365,S3-656827725,S3-437650859
S1-35360425	S2-719876008,S2-621976807,S2-656979050,S2-269886741,S3-285932908
S1-353605224	S2-535255887,S3-986218260,S3-132735623
S1-353644890	S2-311623490,S2-348544434,S3-902580977,S3-637312293
S1-353663529	S2-380437057,S2-933965215,S2-218124315,S2-240869360,S3-305160998,S3-784129234
S1-353691381	S2-829733148,S2-27435455,S3-727322076,S3-405894982,S3-140536760
S1-35370002	
S1-353720519	S2-524245069,S3-401308150
S1-353722912	S2-724235969,S2-477086980,S3-412022797
S1-353757074	S2-710599947,S3-979985743
S1-35376069	S2-345077389,S2-878667048,S3-303441072,S3-402978004,S3-871934238
S1-353872189	S2-814392366,S2-627054295
S1-354053473	S2-886401082,S2-420043462,S3-463636265,S3-622061566,S3-298601131
S1-354114754	S2-924687356,S3-47840795,S3-757106982
S1-354127520	S2-585998073,S3-79775655
S1-354164400	S2-852608975,S3-281178317
S1-354272260	S2-141298592,S2-36152382
S1-354331155	S2-936751356,S3-534884164,S3-916733567,S3-196859330
S1-354383629	S2-186465478,S2-504956061,S3-950371778,S3-3061647
S1-354416923	S2-207545676,S3-379127741,S3-894079421,S3-914662107,S3-86519194
S1-354479046	S2-85857260,S2-160366338,S2-582454832,S3-31717533,S3-837788826,S3-65551583
S1-354481507	S2-147905392,S2-907154320,S2-3093565,S3-502151942,S3-780329771
S1-354495425	S2-46049473,S2-479946214,S3-320714965,S3-901883558,S3-827773817
S1-354556941	S2-321563993,S3-412873117,S3-725144012
S1-354580627	S2-954123972,S3-483232206
S1-354721833	S3-133582292,S3-990077578,S3-168049930,S3-742144234
S1-354742236	S2-145493324,S2-317634039,S3-415978481
S1-354762896	S2-690659488,S2-971613972,S2-705704066,S2-429392544,S3-569092865
S1-354923265	S2-133047522,S2-929938173,S2-863055719
S1-35499069	S2-504696589,S2-898696417,S3-597216441,S3-882510961
S1-355001236	S2-951742239,S2-228006641,S3-84216056,S3-484496634,S3-875706875
S1-3550332	S2-320963305,S2-176478374,S3-987367612
S1-35520041	S2-651498281,S2-728056588,S3-79407823
S1-355202264	S2-37878484,S3-805704157,S3-45338423,S3-569140425,S3-994137784
S1-355253826	S2-813790349,S2-9534359,S2-233768178
S1-355285640	S2-980100690,S2-939974458,S3-879063023
S1-355319418	S2-175315612,S2-522857953
S1-355400687	S2-994017280,S2-14295750,S3-915901983,S3-391617818
S1-355429697	S2-731378265,S3-398004990,S3-559779243,S3-517157198,S3-386492766,S3-945175040
S1-355504527	S3-118727340
S1-355651564	S2-863626796,S2-989612462,S3-683506295
S1-35571909	S3-223522190
S1-355742598	S2-100549875,S2-17265346,S3-263544768
S1-355766456	S2-517002351,S2-504043965,S3-889135870,S3-884231297,S3-835001423
S1-355781464	S2-372787969,S2-30936907,S2-196652462,S2-253904340,S3-905265842
S1-355855241	S3-912321049,S3-378928993,S3-518307136
S1-355881996	S2-932117782,S2-350375929,S3-299921628,S3-206395272
S1-35596173	S2-152271440,S3-596387169,S3-559503324
S1-356047191	S3-699429999,S3-289256411
S1-356135755	S2-983928002,S2-386325025,S2-550450698,S2-626210018,S2-658256400,S3-55882551,S3-483290112,S3-193880034
S1-356172594	S2-635080721,S3-33919310,S3-651926218,S3-950097189
S1-356178002	S2-748742623,S2-14116324,S3-519464346,S3-100946679
S1-356200277	S2-500859052,S2-674325730,S2-330964094,S2-567710800,S3-440347461,S3-520863700,S3-119216111,S3-639134534,S3-560342325
S1-356336796	S2-124447969,S2-129959352,S3-326846303,S3-936863071
S1-356345513	
S1-356473679	S2-333634388,S2-183996986,S3-363486792
S1-356549293	S3-178384835,S3-558547669
S1-356567704	S2-622405226,S2-406427189,S2-674718022,S3-732679684,S3-963827176,S3-416185022,S3-135836804,S3-38773996
S1-356613010	S2-488510809,S3-549339123,S3-226835339,S3-217371939
S1-356666138	S2-164752320,S2-1976980,S2-721107316,S3-730899027,S3-2634873,S3-709244175
S1-35673737	S2-831300359,S2-267902133,S2-523412297,S3-520695654,S3-138282265
S1-356754403	S2-202010937,S3-761014722,S3-122837958,S3-530771053,S3-190571383
S1-356758818	S2-146243212,S2-11576889,S3-191674255,S3-142336493,S3-753842313
S1-356802366	S2-940049327
S1-356820560	S2-934671459,S2-741857090,S2-644156095,S3-225577593,S3-572244805
S1-356848155	S2-816748413,S3-940595528
S1-356876064	S2-619241639,S2-635706473,S3-395540452
S1-356911194	
S1-356941138	S2-155865411,S2-619275736,S2-632220993,S3-607777630,S3-162941160,S3-732478260
S1-356956427	S3-339188254,S3-962760203
S1-357031428	S2-764911221,S3-809291712,S3-814180683,S3-422198142
S1-357039194	S2-814079193,S3-568370188,S3-579010417
S1-357051833	S2-349644778,S2-757528319,S3-84254626
S1-357066127	S2-749031255,S3-44024215,S3-498377032
S1-357069254	S2-868073535,S2-784994133,S2-435417358,S3-925623878,S3-532301056,S3-699856949
S1-357099813	S2-802761377,S2-720121199,S3-550950377
S1-357105560	S2-378570138,S2-966441518,S3-507937911,S3-921618409
S1-357130525	S2-108346818,S3-353028192,S3-842054289
S1-357134557	S2-880732121,S3-879362861,S3-153095193,S3-462929907
S1-357159760	S2-349670973,S2-541218305,S2-547332395,S3-158610591
S1-357363968	S2-160092614,S2-88321478,S3-526505699,S3-495448538,S3-317077937
S1-357376082	S2-259784821
S1-357392525	S2-192947693,S2-57423305,S2-715110703
S1-357422768	S2-697378543,S3-837280985
S1-357440987	S2-762781661,S2-626016588,S2-670273128,S3-989244169
S1-357543278	S2-700172568,S3-470366598,S3-861395714
S1-357570789	S2-705811508,S2-256756505,S3-815653216,S3-141758878
S1-357636397	S3-656145312
S1-357724016	S2-793977589,S2-481481280,S3-764920473
S1-357728330	S2-471323156,S2-387816273,S2-761973333,S3-544532113,S3-980146893
S1-357805632	S2-346645945,S3-94420297,S3-705905661,S3-137429644
S1-357816466	S2-733040130
S1-357848696	S2-260961331,S2-766034352,S3-669450132
S1-357889762	S2-726581302,S2-613161648,S3-722414343,S3-683170028,S3-507132661,S3-128818834
S1-357908436	S2-619295750,S3-148501928
S1-357949962	
S1-357958310	S2-347929896,S3-135205423
S1-357966142	S2-33497165,S2-268096107,S3-99434073,S3-756414779
S1-357968288	S2-229437374,S2-392379684,S2-795190629,S3-377845170,S3-951551089
S1-358011734	S2-611068524,S2-708110532,S2-488230243,S3-691218453,S3-179983796
S1-358057611	S2-848655306,S2-184913387,S2-343039060,S2-839564047,S2-488013706,S3-931832062
S1-358153130	S2-342966184,S3-700836250
S1-35826622	S2-770558247,S2-671423827,S3-251681718,S3-347629242,S3-142501317,S3-561794966
S1-358423578	S2-571813381,S2-64499522,S2-618368679,S3-245077506
S1-358426333	S3-850334169,S3-261422228
S1-358429550	S2-73302379,S2-472295956,S3-151964293
S1-358456286	S2-820758305,S2-832549113,S2-252113826,S3-657513314,S3-902936882
S1-358465990	S2-329049616,S2-424630181,S2-313666847,S2-570085501,S3-878265454
S1-358515322	S2-235808287
S1-358544486	S2-289189889,S3-589025155,S3-942780055
S1-358582916	S2-570987347,S2-102321503,S3-636296199
S1-358624133	S2-207317022,S3-237430270
S1-358710703	S2-166356702,S3-978379876,S3-417379489
S1-358756084	S2-764041082,S2-758648185,S3-526052321
S1-358825689	S2-616794037,S3-732846353,S3-543173269,S3-450817881,S3-417788389
S1-35885242	S2-719329638,S3-741899416,S3-752981897,S3-226191784
S1-359082172	S2-535460925,S3-161907744
S1-359123158	
S1-359146257	S2-391627771,S3-590859110
S1-35914661	S2-245474552,S2-545698099,S2-229938525,S3-29712505,S3-760885862
S1-359203926	S2-165632795,S3-529554529
S1-359208113	S2-536704196,S2-189530416,S3-975674797,S3-894145721
S1-359293205	S2-355193704,S2-339776575,S2-393637729,S3-263642535,S3-872489242
S1-359324714	S2-851494969,S2-760502311,S3-472607523,S3-404671097,S3-639711268,S3-617653250
S1-359378704	S2-567082969,S3-862494941
S1-35938731	S2-78386275,S2-522206579,S3-956718560,S3-368917077,S3-975245046
S1-359389631	S2-236359539,S2-405811383,S3-490547899,S3-143914564
S1-35945946	S2-799464998,S3-392820558,S3-59188946,S3-326832954,S3-60498902
S1-359590868	S2-690480115,S3-754362890,S3-757251105
S1-359606643	S2-813799822,S3-62346528,S3-180576093
S1-359672442	S2-829699091,S3-412362075,S3-250465128,S3-940290649,S3-472439754,S3-486387902
S1-359732321	S3-925136511,S3-54863516,S3-772726833
S1-359808532	S2-526924645,S2-712029555,S3-194856410,S3-921203853
S1-359960315	S2-331396104,S3-327205310
S1-360027976	S2-840174773,S3-219621026
S1-36011978	S2-951304255,S2-786281840,S3-924575225
S1-360302289	S2-243822292,S3-890326595
S1-360381074	S2-607670026,S2-565870649,S3-558685550
S1-360409094	S2-138710074,S2-69604182,S3-71878548,S3-751613989,S3-363422995
S1-360418901	S2-941748638
S1-360447800	S2-646545172,S3-170254704
S1-36045472	S2-64504931,S3-416419338,S3-910647081,S3-212156657
S1-360494169	S2-280987818,S2-297430211,S2-663927664,S3-905447930,S3-423043451,S3-588995318
S1-360517104	S3-348052828
S1-360649866	S2-920928160,S3-697095772
S1-360682633	S2-176834895,S2-795018899,S3-575996649,S3-911941391,S3-207659950
S1-360713407	S3-363177870,S3-899362219
S1-360777889	S2-633515240,S3-389216438,S3-952678512,S3-101285595
S1-360780906	S2-892914213,S3-606934347,S3-275550959
S1-360825342	S2-169977685,S2-475917453,S3-793486487,S3-73004271
S1-360838900	S2-444044014,S3-807553149,S3-762419529
S1-360875848	S3-167998015,S3-826169947,S3-489476247
S1-361126084	S2-936887947,S2-462400347,S2-439523517,S3-537629450,S3-680549748
S1-361139890	S2-745784425,S2-715894340,S3-89215837,S3-966944265,S3-900447172,S3-434110962
S1-361154007	S2-173996053
S1-361240179	S2-627649965,S2-573187738,S2-177159917,S3-276191562,S3-235979200,S3-599827508
S1-361242378	S2-706553665,S2-945398171,S3-285508136
S1-361282866	S2-353104393,S2-487775980,S3-124184220,S3-539010876,S3-216966376
S1-361284773	S2-417890812,S3-336276156
S1-361423405	S2-284622966,S2-773431266,S2-462145164,S2-625777437,S3-701951551,S3-397460968
S1-361456397	S2-223599174,S2-171833676,S2-387084209,S3-198712042,S3-859490877,S3-338808821
S1-361464600	S2-536080726,S3-626287311,S3-175925035,S3-852665586
S1-36154888	S2-423151300,S3-215255127,S3-81691476
S1-36160005	S2-913252177,S2-849424531,S2-884515799,S3-143698242,S3-360391871,S3-939253492,S3-563070696
S1-361604847	S2-922809026,S2-211226854,S2-850982871,S3-888200664
S1-361617874	S3-966074799,S3-545026349
S1-361636425	S2-498663144
S1-361664146	S2-885953565,S3-918289077
S1-361812333	S2-628152551,S2-826717955
S1-361819086	S2-244827879,S2-76091321,S3-868294190,S3-358475898,S3-768665731
S1-361857676	S2-446129022,S2-109269938,S3-266602772
S1-362012563	S2-175561051,S2-177876336,S2-139230253,S3-402852275
S1-362051569	S3-872535219
S1-362079458	S2-610469999,S3-88485005,S3-777806760,S3-351499928
S1-362079836	S3-792770249
S1-362168261	
S1-362209052	S2-190318333,S2-735534067,S3-412374107,S3-73381047,S3-959419314,S3-567108503
S1-362249435	S3-954965997
S1-362371108	S2-54372398,S2-390814926,S3-75543739,S3-87761558
S1-362380717	S2-13694163,S2-903915099,S2-34587903,S2-349020472,S3-102672584,S3-288512002,S3-871466027
S1-362384495	S2-16837077,S2-261534158,S2-622684798,S3-97391847
S1-362394001	S2-352475664,S3-129746840,S3-283076316
S1-362410580	S2-432524096,S3-803742747,S3-152761439,S3-295339874
S1-362453370	S2-981050444,S2-282401555,S3-599301293
S1-362541467	S2-412867021,S3-898625354,S3-391754134
S1-362572821	S2-892979431,S3-290048758,S3-632322383
S1-362729048	S2-6556278,S2-777464290,S3-244233900,S3-77694138,S3-722270208,S3-331495747
S1-362781141	S2-945779117,S3-65911006
S1-36278354	S2-83606286,S3-995481423
S1-362847601	S2-379673250,S2-965441849,S2-785546122,S3-420585098,S3-601193633
S1-363057821	S3-238936713,S3-869406459
S1-3630642	S2-278686504,S2-468321805,S3-310288930
S1-363113877	S2-239011608,S3-281977382
S1-363167459	S2-934544176,S3-463607802,S3-375374303
S1-363199823	S2-161680829,S2-794582814,S2-922270063,S3-569567966,S3-911803544
S1-363255451	S3-116217227,S3-740539396
S1-363290002	S2-248615600,S3-817974461
S1-363424948	S2-210969869,S3-900526598,S3-566055938,S3-441579575
S1-363469549	S2-452541555,S3-41155578,S3-686145244,S3-131741967
S1-363597167	S2-697096999,S2-891197967,S3-81477958,S3-245352669
S1-363634791	S2-652844656,S2-264520457,S3-590997352
S1-363665778	S2-865182088,S2-792228016,S2-993723166,S2-938456815,S2-451468513,S3-255271266,S3-166107019,S3-665711122
S1-363775068	S2-655460329,S2-16756328,S2-917438655,S3-65923439,S3-737597334
S1-363835410	S2-536037481,S3-778540695
S1-363911347	S2-135704414,S2-414029724,S3-967265672
S1-364054255	S2-915781472,S3-638249730,S3-237544342,S3-177583525
S1-364175782	S2-310824130,S2-707438574,S2-46348231,S3-335167641,S3-561214990
S1-364272302	S2-761772990,S3-993794947,S3-978021030,S3-923152431,S3-42436377,S3-773523619
S1-364340086	S2-393297192,S3-709438310,S3-209640445,S3-327860972
S1-36434769	S2-653465894,S2-966792130,S2-665075475,S2-396898139,S2-358047161
S1-364418139	S2-212827986,S2-750524451,S3-777169068
S1-364450414	S2-120387122,S2-60083987,S2-923806752,S3-675353079,S3-963824245
S1-364468105	S2-680793616,S2-828421673,S2-994809169,S3-259265475,S3-621704929,S3-139822942,S3-470994283
S1-364485983	S2-987041087,S3-546457601
S1-364517057	S2-629330186,S3-615788943,S3-564417406
S1-364590880	S2-170112433,S3-43420924,S3-970537559
S1-36468879	S2-730323308,S2-252342175,S2-461914553,S3-387573663,S3-590848691
S1-36475854	S2-729646239
S1-364839555	S2-822717935,S2-595443368,S2-941838481,S3-743867963,S3-335868683
S1-364887332	S2-555636565,S3-647740701,S3-941271797,S3-860180802
S1-364918952	S2-314110486,S3-246116916
S1-364945883	S2-504162364,S3-201630822
S1-364981380	S2-46566886,S3-946170543,S3-23695882,S3-381037572,S3-619827030
S1-365071838	S2-26736596,S2-525351401,S2-389479081,S2-541107305,S3-4402030,S3-287181265
S1-365080095	S2-453384358,S3-233720011,S3-201394998
S1-365174543	S2-713902306,S2-818077569,S3-559714069,S3-306468514,S3-539310351
S1-365183519	S2-283828894,S3-976007400,S3-538315937
S1-365197374	S2-344101415,S2-94783724,S3-9240064
S1-365445722	S2-275507334,S3-425810731
S1-365544061	S2-206278608,S2-335621235,S2-817507326,S2-43539703
S1-365559851	S2-922104585,S2-373319124
S1-365710054	S2-536363051,S3-928908616
S1-365756023	S2-847229948,S3-425059694
S1-36578177	S2-715709798,S2-639596414,S2-466749962,S2-315761545,S3-958301197
S1-366112261	S3-991934303,S3-131548625
S1-366153786	S2-154077781,S3-188355243
S1-366191436	S2-166319523,S3-236545668,S3-37439030
S1-366220611	S2-182353901,S2-234143037,S3-189409038,S3-834781017
S1-366268691	S2-309140303,S3-908766344,S3-424692083,S3-475739272,S3-189094466,S3-798978133,S3-757339898
S1-366415531	S2-8141725,S2-591763593,S3-484747566,S3-477554377,S3-685509082
S1-366544117	S2-212953435,S2-849294784,S2-861611371,S2-546875913,S3-102269598
S1-366613957	S2-194896995,S3-630728961
S1-366681718	S2-658447067,S3-679883509,S3-617154079
S1-366717293	S2-592401776,S2-39531984,S3-275742253,S3-430335869,S3-234082568
S1-366943745	S2-462906400,S2-56799729,S3-670056839
S1-36703988	S2-318133502,S3-760739112,S3-461472140,S3-795948127
S1-367040944	S2-330470272,S2-77736083,S3-55470115
S1-367211328	S2-869816924,S2-478372927,S3-617542954,S3-245940187,S3-894976960
S1-367231653	S2-349612241,S3-586740293,S3-17681367,S3-817554908
S1-367347915	S2-403311872,S3-761061854
S1-367413768	S2-192867064,S3-17741006
S1-367447945	S2-998713128,S3-125617636,S3-377483382,S3-259800452,S3-970522889,S3-872888081
S1-367518902	S2-96140896,S2-218648129,S2-283667154,S3-220082025
S1-367557717	
S1-367574249	
S1-36764616	
S1-367663108	S2-649661791,S2-925400276,S2-993890420,S3-800631921,S3-478148267
S1-367683570	S2-211806022,S3-356781214,S3-685011220
S1-367699263	S2-639446120,S3-550321740
S1-367780587	S2-479123161,S3-48649998
S1-367807715	
S1-367811472	
S1-367852620	S2-375351794,S2-559644837,S3-535511594,S3-344997742,S3-41780643
S1-367888917	S2-298999157,S3-742226725
S1-367954830	S2-64937211,S2-197230379,S3-749627985,S3-998005122
S1-367980756	S2-442700920,S2-972532957,S3-402137546,S3-653354247,S3-753421524,S3-737054740,S3-21924012
S1-367985372	S2-805522346,S2-337101538,S3-132024537
S1-368052852	S2-260589639,S2-866085478,S2-627372338,S3-359690400
S1-368088209	S2-979745927,S3-630136369,S3-926346110,S3-614743969,S3-129951399
S1-368236396	S2-241253402,S3-705658892,S3-187397791
S1-368250502	S2-138286002,S3-737918265
S1-368267719	S2-502875676,S2-288889300,S2-573680130,S3-200465103,S3-148289410,S3-795194495
S1-368301602	S2-918704591,S3-255867040
S1-368390192	S2-726954647,S3-155770900,S3-817653445
S1-368397668	S2-958708946,S3-723648547
S1-368452238	S2-553790323,S3-128217896,S3-910286120,S3-956981331
S1-368455806	S2-330918288,S2-921122286,S2-192935774,S3-375761945,S3-682726060,S3-148697962,S3-581327562
S1-368462842	S2-202429470,S3-326349607,S3-341208147
S1-368552207	S2-945217347,S2-49123749,S3-608042163,S3-871810941
S1-368577177	S2-376509931,S3-895141661,S3-941409742,S3-406464960,S3-902645435
S1-368595173	S2-389793573,S3-133428052,S3-595904982
S1-36862436	S2-112785374,S2-244174938,S2-377184235,S3-326445078,S3-390239406
S1-368711275	S2-279267601,S3-289518217,S3-516878032,S3-307513008
S1-368717215	S2-15679946,S3-490393103
S1-368796074	S2-612286426,S2-961216488,S2-172861563,S3-548608440
S1-368809888	S2-995751032,S2-305358040,S2-136811462,S3-859834745,S3-383671184,S3-2865140
S1-368874255	S2-268368998,S2-805428359,S3-198305895
S1-368915449	S2-103546579,S2-338776488,S3-200292790,S3-365448579,S3-130231299
S1-368956157	S2-189020327,S2-506263306,S2-270711410,S3-970673778
S1-368963255	S2-404389008,S3-533132811,S3-721720337
S1-369032015	S2-952316548,S2-937680364,S3-504500874,S3-993921638
S1-369099873	S2-734949642,S2-79203396,S2-63966422,S2-456723761,S3-48735463,S3-532979076
S1-369212908	S2-691881667,S2-855488773,S2-454081749,S3-638659610,S3-745765087,S3-641456900,S3-673297294
S1-369284910	S2-590838193,S2-420827072,S3-402130707
S1-369426534	
S1-369434310	S2-977321818,S2-808285960,S3-361523876,S3-876063954
S1-369455503	S2-472497864,S3-742668014,S3-784017873
S1-369465279	S2-492829184,S2-490934203,S2-588610436
S1-369502698	S2-390971076,S2-535652247,S2-376749634,S2-102040277,S3-361890094
S1-369559169	S2-795895742,S3-395724286,S3-665121981
S1-369660623	S2-818064549,S3-24100351,S3-151135656
S1-36968234	S2-209939908
S1-369843797	S2-747460198,S2-707232815,S3-911389428,S3-218307971
S1-369850386	S2-371100279,S2-404900213,S3-495603545
S1-369908045	S2-878476959,S2-220054997,S3-306950318,S3-967316422
S1-369909942	S2-464907356,S3-163115008,S3-827656754,S3-322425942,S3-3046355
S1-369969748	S2-655667273,S2-563634766,S3-24850420
S1-370043351	S2-553688574,S3-122723026,S3-944097382,S3-454862096
S1-370049522	S2-730938549
S1-370091533	S2-221459764,S2-10273839,S3-734854824
S1-370113785	S2-330980951,S2-100830189,S3-215337516
S1-370224367	S2-22307298,S3-806836789,S3-514669320
S1-370245154	S2-636138546,S2-385592713,S2-545395885,S2-29277666,S3-875015546,S3-835378481
S1-370313655	S2-580843449,S3-621078841,S3-530997172
S1-370442195	S2-106088187,S2-118313283,S3-884693028,S3-293682332
S1-370471515	
S1-370474405	S2-247142898,S2-13908279,S3-590332463,S3-862835872,S3-547544439
S1-370483289	S2-562127933,S3-420752746,S3-601203189,S3-8587292,S3-17407820
S1-370707626	S2-229812311,S3-634926861,S3-567325315,S3-72870665,S3-494545006
S1-370756925	S3-412930586
S1-370987413	S2-541896297,S2-158843431,S3-607233192
S1-371029770	
S1-371032257	S2-110135128,S2-461852887,S3-917643178,S3-144730176,S3-231025575,S3-862643541
S1-371032849	S3-391256699
S1-371048168	S2-558332534,S2-105214213,S2-336596925,S2-618137372,S3-41424970,S3-548182341
S1-371101810	S2-802408413,S3-878842458,S3-916979674
S1-37115793	S2-466408371,S3-203199341,S3-958912103,S3-973959615,S3-31087235,S3-162636213
S1-371320021	S2-707324465,S2-920040889,S3-981523941,S3-685763200,S3-190740883
S1-371399816	S2-79753266,S3-472918992,S3-238494209
S1-371477232	S2-44242806,S2-670033053,S2-43018417,S2-96285596
S1-371489730	S2-800845192,S3-683837581
S1-371512479	S2-644318920,S3-722471553,S3-197930609
S1-371567303	S2-928765853,S3-303410590,S3-378557541
S1-371570951	S2-121477474,S2-79072407,S3-757520038,S3-122177574,S3-244593195
S1-371676845	S2-980318257,S2-116703279,S3-82350531,S3-629818632
S1-371725196	S2-853713553,S3-898332639,S3-657053094
S1-371752318	S2-193071559,S2-218248047,S2-298438739,S3-51385145,S3-260253696
S1-371769164	S2-539599160,S2-792920236,S3-302270730,S3-825546964
S1-371948260	S2-881422892,S2-433996770,S3-615968965,S3-202821147
S1-371960221	S2-429261826,S3-516162849,S3-866583163
S1-371962940	S2-504133954,S2-188389690,S3-826133222
S1-372046146	S2-496437455,S2-308087991,S3-298022197
S1-372062552	S2-803909181,S2-188124587,S2-955545704,S3-552623170,S3-184234355
S1-372076691	S2-632867681,S2-481154221,S2-995577312,S3-214403211,S3-472086350,S3-197451937,S3-590782264
S1-372114499	S2-721900126,S2-88967540,S2-109430846,S3-366912896,S3-774417104,S3-231077369
S1-372120417	S2-354531321,S2-22707810,S2-346829094,S3-63702655
S1-372132685	S2-996903277,S3-869900103
S1-372192099	S2-900414959,S2-925839052,S2-733488456,S3-764242035,S3-345794659
S1-372327063	S2-433616543,S3-581479911
S1-372363520	S3-289085993
S1-372405045	
S1-372416114	S2-424676133,S2-856865816,S3-367868503,S3-950065893
S1-372418397	S2-31231091,S2-173947347,S3-944772857,S3-179211997,S3-984305454
S1-372467277	S2-11972747,S2-948922140,S3-239877434,S3-39050905
S1-372511465	S3-520065979,S3-667293545,S3-988709450
S1-372552854	S2-53205759,S3-284048216,S3-309448320
S1-372608672	S2-932816845,S3-188477084,S3-346829287
S1-372649784	S2-559368408,S3-336608768,S3-232238385
S1-372661591	S2-616649724,S2-206884115
S1-372668211	S2-640669706,S2-806486082,S2-871276328,S3-934816927,S3-710089587,S3-640849849,S3-718998813,S3-580640597
S1-372677974	
S1-372766662	S2-495089561,S3-951460110
S1-37287176	S2-409992629,S2-849661187,S3-508580332
S1-372905836	S2-581416358,S2-859731304,S3-847735230
S1-37290678	S2-207486364,S2-147581628,S2-706069263,S3-339499892
S1-372977514	S2-842085118,S2-201971077,S3-236323808,S3-893869016,S3-760072061,S3-662238101
S1-373046894	S2-137593845,S3-844096004,S3-303207233
S1-373061339	S2-654482624
S1-373098517	S3-356333201,S3-604798351
S1-373161546	S2-556786899,S2-199957946,S3-754085498
S1-373229813	S2-764160453,S2-446153325,S3-232446087
S1-373312639	S2-743664188,S2-996006188,S2-576706849,S3-601414788,S3-755858865
S1-373356672	S2-927908563,S3-285389530,S3-812916445
S1-373379961	S2-820899737,S3-188304392,S3-197547804,S3-587307230,S3-119184824
S1-373606400	S2-767099882,S3-783253327,S3-491729762,S3-128642945
S1-373629792	S2-643603781,S3-3757557,S3-481844915
S1-373636539	S2-130817834,S2-146362094,S3-298012986
S1-373660093	S2-260153764,S3-777071432,S3-78403041
S1-373705418	S3-515432267
S1-373737021	S2-252279058,S2-16747718,S2-566699094,S2-957825441,S2-465879126,S3-234817745
S1-373739030	S2-956715683
S1-373746399	S2-387320505,S3-457332566
S1-373758970	S2-985739826,S2-769134795,S3-734799518
S1-373767104	S2-426658098,S2-15497359,S3-167227741,S3-249888318
S1-373803805	S2-306692381,S2-104336234,S3-869297222,S3-691387546
S1-373823285	S3-549802256,S3-212782857,S3-173016753
S1-373889609	S2-830341343,S2-916891107,S2-962404567,S2-311018485,S3-456899127,S3-960246951
S1-373900225	S2-153636955,S3-967351259,S3-907642214,S3-667751069
S1-373915708	S3-56215610,S3-521307807,S3-524311446
S1-373926757	S2-91193879,S2-496717041,S3-607036597,S3-361927971
S1-374169544	S2-607297290,S2-900887443,S2-226537656,S2-295538910,S3-981035124,S3-91511047
S1-374290198	S2-771490754,S2-61102006,S3-842017278
S1-37430919	S2-699366479,S2-520887498,S2-843451374,S2-2253596,S2-82780526,S3-778073620,S3-685518826,S3-163934973
S1-374363535	S2-330487301,S3-965096137
S1-374437285	S2-260799608,S3-347609327,S3-640465441,S3-775070506
S1-374456515	
S1-374480349	S2-915828775,S2-122919566,S3-722461625,S3-297834377,S3-606872320,S3-437396139
S1-374557433	S2-220725518,S3-584911335,S3-554157657
S1-374601546	S2-105776665
S1-374618188	S2-852673608,S3-296277559
S1-37466580	S2-610401095,S3-46732512
S1-374711262	S2-576657191,S2-255319993,S3-261402449
S1-374765034	S2-256109178,S2-597879643,S3-918391132,S3-201855213,S3-111866891
S1-374769073	S2-10275801,S2-61707397,S3-463852675
S1-374816427	S2-790068330,S2-620943322,S2-395892854
S1-374865849	S2-141848216,S3-161301464
S1-37489322	S2-803352020,S2-384775658,S2-77019774,S3-117722964
S1-374991830	S2-999689782,S2-685737959,S3-19732288
S1-37507375	S2-4740444,S2-218742689,S3-185117928
S1-375173715	S2-980893315,S2-83038132,S3-867222084,S3-617258239,S3-691430573
S1-375259843	S2-892702443,S3-930691094
S1-375332473	S2-178997902,S2-330004356,S3-485333998,S3-155825867,S3-932700738,S3-999287438
S1-37534983	
S1-375390001	S2-561235201,S2-320516788,S3-989367021
S1-375426374	S2-180089517,S3-506964429
S1-375441474	S2-125441656,S3-751631825
S1-375448878	S2-67803259,S2-950410399,S3-533673543,S3-715039686
S1-37555929	S2-898234531,S2-528885755
S1-375787112	S2-444633631,S3-914528322
S1-375787420	S2-695812242,S3-759165349,S3-890777789
S1-375859081	S2-100619797
S1-375984812	S2-856907641,S2-809030782,S3-98641526,S3-984347977,S3-837500485
S1-375990065	
S1-376028430	S2-728805660,S2-489713595,S3-669389448,S3-735579215,S3-280331501
S1-376064838	S2-393404167,S3-212533497,S3-606938620,S3-203452956
S1-376272111	S2-18571722,S2-31802937,S2-326934135,S3-732985561,S3-506582250,S3-226369615,S3-940481463
S1-376337322	S2-571820741,S2-383343927,S3-501478275
S1-376391153	S3-528551133,S3-126000445,S3-82618932
S1-376411742	S2-285754104,S2-118323665,S2-79947304
S1-376445897	S2-352326654,S3-989419161
S1-376478208	
S1-37653603	
S1-376606951	S2-273216749
S1-376815329	S2-772908513,S2-854024760,S3-698333481,S3-490761403
S1-376817805	S3-955021438,S3-860300680
S1-376847430	S3-216304890,S3-399655445
S1-376852419	S2-408784027,S3-304737434
S1-376869971	S2-311067291
S1-376882778	S2-727358140,S2-477783433,S3-230901543
S1-377015515	S2-723193792,S2-113420498,S2-343681053,S3-390951626,S3-567675621,S3-765031412
S1-377059630	S2-180403752,S3-985352947
S1-377085825	S2-170792466,S2-566212298,S3-587697205
S1-377101688	S3-214471408,S3-979223342,S3-94881877
S1-377118865	
S1-377346226	S2-601066093,S3-39806923
S1-377360040	S2-817158995,S3-800421414,S3-30756682
S1-377391833	S2-210669134,S2-794732746,S2-700959103,S3-351424350,S3-461905012,S3-848539458,S3-780381885
S1-377398697	S2-243658174,S2-606864676,S3-764728575,S3-514714957,S3-124700741
S1-377439253	S2-152647599,S3-90963332
S1-377470402	S3-241802543
S1-377561850	S2-506046637,S2-850126858,S3-265697944
S1-377616759	
S1-377625807	S2-315474578,S2-200119880,S2-729815268,S2-343367490
S1-377703199	S2-317089790,S3-561878033,S3-211852044,S3-142294959,S3-788198514
S1-377752273	S2-465147457,S3-889337893,S3-198920288
S1-377789390	S3-567982829
S1-377841863	S3-588340121,S3-383378346,S3-415061829
S1-37786196	S2-214244672,S2-777460401,S3-234386295,S3-524919592
S1-377864635	S2-432604855,S2-523528001,S2-332611574,S3-890325669,S3-389154524
S1-37786476	S3-488539548,S3-291301652,S3-97780245
S1-377898686	S2-499107008,S2-86620910
S1-377901435	S2-330589546,S3-929795485,S3-103571769,S3-291186635,S3-736798946
S1-377931208	S2-666376849,S2-966137084,S2-277633821
S1-377960349	
S1-378049324	S2-180910956,S2-713337495,S3-497971506
S1-378062593	S2-332065115,S3-637007713
S1-378079991	S2-756275606,S3-493216587
S1-378161158	S2-882395396,S2-147826460,S2-150716974,S3-103919431
S1-378288432	S3-333868267,S3-582331970,S3-251771467,S3-100835130
S1-378324118	S2-464938190,S2-985945673,S2-163398104,S2-350088017,S2-585850068,S3-73957528,S3-668787319
S1-378345901	S2-597959896,S2-740981625,S2-961354213,S3-462996836,S3-344830662,S3-627857181,S3-756179056
S1-378464888	S2-388939669,S2-962049727,S2-228220484,S2-833662011,S3-885481899
S1-37848960	S2-680488376,S3-260354553
S1-378503940	S2-492402052,S2-930208157,S2-71634226,S3-226775411,S3-395693791
S1-378565454	S2-933568246,S2-780706455,S3-229258357,S3-205789019,S3-737031883,S3-938462322
S1-378578816	S2-438847579,S2-896956157,S2-70747272
S1-378598648	S2-87926054,S2-776188792,S3-176768581,S3-766335821
S1-378601702	S2-974168240,S3-766902313
S1-378720156	S2-785757512,S2-767796850,S2-407255828,S3-172574009,S3-867604660,S3-668396654
S1-378734120	S2-322573374,S2-925210295,S3-889735133,S3-357990557
S1-378820196	S2-679931645,S2-926456578,S2-687877221,S2-542953042,S2-35976398,S3-287954667,S3-284229651
S1-378841906	S2-420431183,S2-200557355,S3-575352832,S3-773766602,S3-224561913
S1-378842455	S2-306239019,S2-602257679,S3-834269069,S3-294379396,S3-865945808,S3-719158891
S1-378864002	S2-602535149,S2-192777090,S3-761143083
S1-378886437	S2-143979461,S2-583801612,S2-854448861,S2-834890999,S3-788134221,S3-922363100
S1-378928329	S2-321490372,S2-942998941,S2-602076937,S3-312905718
S1-378963581	S2-815941435,S2-358339865,S2-327227102,S3-817787173
S1-379000440	S2-817911470,S2-48921708,S3-751502349,S3-312278879,S3-860687419
S1-379030465	S2-843589584
S1-379053998	S2-206049111,S3-368260503,S3-848666047
S1-379105168	S2-938708139,S2-106055168,S2-179764777,S2-331713940,S3-575273925
S1-379113386	
S1-379182370	S2-857733659,S3-143687994,S3-585582886
S1-379191808	
S1-379247591	
S1-379262340	S2-298001675,S2-388797809,S2-395273034,S3-151223535
S1-37928458	S2-84489145,S3-237509845
S1-379327460	S2-343210989,S2-660555453,S3-147971317,S3-77876485,S3-47375320,S3-805087733
S1-379385448	S2-433927062,S2-917720473,S2-973429171,S2-76713308,S2-422929355,S3-674933160,S3-554860355
S1-379431123	S2-728693000,S3-626943271
S1-379532727	S3-499112675,S3-678388292,S3-180738735
S1-379570371	S2-101944371,S2-362512363,S3-315867916,S3-6028085
S1-379690582	S2-464229747,S2-841583364,S2-657475791,S3-718296224
S1-379791026	S2-882328304,S3-934306831
S1-379819665	S2-622774684,S3-796418707,S3-799381606
S1-379897049	S2-422416853,S3-461449556
S1-379992706	S2-718807200,S2-381605370,S2-499577624,S3-945897008
S1-380027308	S2-847345889,S2-350029352,S2-925595188,S2-842586959,S3-196483344,S3-871337085
S1-380037319	S2-917849332,S2-490116058,S3-859274352
S1-380041722	S2-775906470,S2-776424719,S3-329428544
S1-380129290	S2-531273647,S2-370866826,S3-148339002
S1-380264615	S2-355218827,S2-140107770,S3-572118640,S3-538907390,S3-219895733
S1-380275063	S2-215863039,S3-708043856,S3-872593112
S1-380348166	
S1-380355110	S2-736005370,S2-509061363,S2-847875981,S3-157698398,S3-887468724
S1-380483424	
S1-380488849	
S1-380523253	S2-446695661,S2-785681095,S2-364387962,S3-461637465
S1-380524075	S2-23728516,S2-640240050,S2-284651282,S2-852055960,S3-551548305,S3-170279918,S3-829250181
S1-38054941	S2-587265737,S2-448717632,S3-408477897,S3-949438230,S3-613666913
S1-380606391	S2-154448087,S3-23032927,S3-913489369
S1-380688488	S2-295787753,S3-932533120
S1-380716601	S2-919392808,S2-966504776,S2-773192347,S2-606116841,S3-423458014,S3-927899865
S1-380726569	S2-789135741,S3-484327189
S1-380755227	S2-729497906,S2-776170515,S3-265103021,S3-829469538
S1-380806016	S2-441744257,S3-42428903
S1-380952125	S2-730740057,S3-160767278,S3-616094924
S1-380959350	S2-800817641,S2-69259415,S3-439999434
S1-380967304	S2-367096727,S3-353176820,S3-32358378,S3-627452019
S1-38098774	S2-958662942,S2-668781351,S3-140011235
S1-381078634	S2-158829592,S3-98411686,S3-476440771,S3-29020502
S1-381301997	S2-523441252,S3-280041498,S3-702994363
S1-381308266	S2-348879735,S3-779041127,S3-802423857
S1-381313219	S2-646529082,S3-904752799
S1-38150477	S2-195289760,S2-845328836,S3-917588340
S1-381568366	S2-708448740,S2-215291525,S3-27067568
S1-381584277	S2-141516760,S2-540675966,S2-568991444,S2-820590217
S1-381601390	S2-714189247,S3-431235256
S1-381834453	S2-36997328,S2-898239531,S2-493445036,S3-984465578,S3-56300917
S1-381836565	S2-120974311,S2-442220023,S3-972984762
S1-381909542	
S1-381913757	S2-857831359,S3-591585758
S1-381944877	S2-245421096,S2-537091077,S3-255023816,S3-729094406
S1-381973	S2-946878255,S2-435935123,S2-124175565,S3-566688739
S1-38199588	S2-297254404,S2-961699045,S3-873239614,S3-918755828,S3-623022427,S3-598117227
S1-382055319	S2-524356261,S2-963869810,S3-815156387,S3-457861842
S1-382138821	S2-763221117,S3-114390270,S3-266364036
S1-382151166	S2-526453858,S2-698731203,S3-411352000,S3-850751951,S3-202880355
S1-382229436	S2-196537751,S2-144682632,S3-450359922,S3-447243687
S1-38223205	S2-427772965,S3-521626723,S3-866234317,S3-94250031
S1-38226708	S2-891911007,S2-281712065,S3-230444138,S3-220811498
S1-382351186	S3-139256114,S3-304003088,S3-206216549
S1-382439317	S2-355819842,S3-362416301
S1-38253018	
S1-382642910	S2-207112407,S3-709315433,S3-474388,S3-745698589
S1-382664325	S2-268945137,S3-984867259,S3-924757126
S1-382667384	S2-87028637,S3-323091558,S3-266285779
S1-38291007	S2-443795543,S2-415087755,S2-626912762,S3-76882794
S1-383023763	S2-590351521,S3-155292303,S3-318776464,S3-6095337,S3-782490302
S1-38304862	S2-665648082,S3-350140373
S1-38308343	S2-898556080,S3-751126423
S1-38310389	S3-813964650,S3-510182767
S1-383159404	S2-457893998,S2-624329794,S2-239041759,S2-533043208,S3-857081113,S3-957488226,S3-293429017
S1-383192429	S2-645919220,S3-252252549,S3-7450458,S3-837260722
S1-383210888	S2-976129995,S2-292841997,S2-116658977,S3-660701546
S1-383258798	S2-284133245,S2-764476178,S3-3867978,S3-67301615,S3-38049795
S1-383319990	
S1-383360693	S2-549929665,S3-783654661,S3-52948832
S1-383374046	S2-336084322,S2-911259352
S1-383403892	S2-26102768,S3-163317543,S3-143934927
S1-383458861	S2-999814384,S2-682347695,S3-498178477,S3-657469375
S1-383477904	S2-467026279,S3-580375862,S3-115696555
S1-383493981	S3-387832249,S3-355703781
S1-383581805	S2-443335141,S3-216949698,S3-439506396
S1-383713336	S2-266423409,S3-568293403
S1-383722873	S2-363355149,S2-665592552,S2-607056535,S3-406740856,S3-944647868
S1-383821335	S2-33824398,S3-420587233
S1-383841107	S2-590954745,S2-848516933,S2-171285726,S3-905179899
S1-383851607	S2-627103278,S3-532059361,S3-456433526,S3-957227119
S1-383903119	S2-4322978,S3-708697771,S3-690634806
S1-384022365	S2-193304274,S2-901285192,S2-854922615,S3-12715458,S3-127984009,S3-542096399
S1-384024802	S3-421612598,S3-920398909,S3-262255899
S1-384081607	S3-139140695
S1-384213262	S2-802195928,S2-407305628,S3-392558649,S3-241315121
S1-384289301	S2-682664267,S3-344943483,S3-833824308,S3-133616096
S1-384415628	S2-206735218,S2-889130125,S2-580067526,S3-841449500
S1-384477523	S2-712743176,S3-87668978,S3-268816539,S3-559398950
S1-384500155	S2-727139720,S2-400192711,S3-742416681,S3-951828836,S3-448209504,S3-528308838
S1-3845051	S2-243180717,S2-290176873,S3-181644738
S1-384521871	S2-132907983,S2-726390379,S3-108035753,S3-445191117
S1-384537382	S2-487635266,S3-624041465
S1-384718138	S2-859327183,S3-430120676
S1-384814174	S2-32990011,S3-105508240
S1-384818662	S2-323050652,S3-996965402
S1-384892335	S2-161051146,S3-33517327,S3-644972271,S3-90523226
S1-384943242	S2-718569732,S2-486438339,S2-306425900,S2-311238518,S3-693680594,S3-987662407
S1-385032776	S2-74247156,S3-963360452
S1-38504560	S2-78339954,S2-239424388,S3-553924781,S3-115178268
S1-385059737	S2-531194876,S3-594419991,S3-319735269,S3-8459397
S1-38506335	S2-245699494,S2-487041034,S2-842824415,S2-655157800,S3-854344484,S3-59290640,S3-161975454,S3-360147069
S1-385228416	S2-518243953,S2-759295796,S2-311958466,S3-367040503,S3-396422274,S3-760789309
S1-385257963	
S1-385301645	S2-557147641,S2-921181690
S1-385338853	
S1-385343863	S2-667677996,S2-4686126,S2-527674649,S3-644382132,S3-956800341
S1-385365063	S2-973628776,S2-847723875,S2-434426278,S3-367777775,S3-66913050,S3-777831538
S1-385411953	S2-994626971,S2-24536214,S2-408918523,S3-816236323,S3-693478485,S3-114687821
S1-38544097	S2-880358964,S2-453535359,S2-388743100,S2-570931140,S3-131840105,S3-606358212
S1-385511533	S2-648168149,S2-708177847,S3-251379236
S1-385511748	S2-347382962,S3-148881633
S1-385515184	S2-525217631,S3-787092131,S3-221030469,S3-222111620
S1-385630021	
S1-385692143	S2-523708291,S2-12027365,S3-254044234
S1-385708580	S2-780798418,S2-551056325,S3-135110766,S3-977661538,S3-834411135,S3-379518806
S1-385931770	S2-95185126,S2-229629792,S2-898697883,S3-780428919,S3-888669861,S3-717475474,S3-470288370
S1-385973961	S3-110214405,S3-758803805
S1-386055433	S2-980537378,S3-803050252,S3-771276916,S3-937371397
S1-38610738	S2-108829034,S3-263453872,S3-572464608,S3-968808158
S1-38622914	
S1-386278440	S2-62622813,S2-61791982,S3-586385563,S3-631430143,S3-835031766
S1-386282248	S2-337056276,S2-123349612,S2-464404371,S3-537712752,S3-931372930,S3-726369972
S1-38629452	S3-460624669
S1-386380033	S2-477801346,S2-649958318,S3-491058626,S3-160598304
S1-386407940	S2-198218121,S3-923110337,S3-572860925
S1-386453494	S2-746697550,S2-524291708,S3-38263715,S3-975602685,S3-295711332
S1-386543893	S2-702573672,S3-402521300
S1-386579765	S2-889606676,S3-735185276,S3-575797488,S3-518665336
S1-386606109	S2-161910077,S2-812296298,S3-117772901,S3-26868629
S1-38674147	S2-551203107,S2-505709323,S2-824068580,S3-636998317,S3-934152172,S3-30882131,S3-821863111,S3-527463557
S1-386759011	S3-89467114
S1-386828432	S2-352742309,S2-938760418,S2-464341065,S3-861629875,S3-266441507,S3-304635903,S3-34758867
S1-386834190	S2-886888420,S2-411972174,S3-456231229,S3-699177643,S3-275986510
S1-386866306	S3-969281462
S1-386866910	S2-701361955,S3-823020355,S3-777014299
S1-386888543	S2-475723934,S3-959997366,S3-134419640,S3-69559711
S1-386917003	S2-11336561,S3-983353891,S3-897368520
S1-386936919	S2-424870737,S2-442656817,S2-689487281,S2-245196348,S3-827085844,S3-671100857,S3-112084840,S3-364165433
S1-387008719	S2-182901009,S2-658730091,S2-742514294,S2-95058275,S3-195964462,S3-414958752,S3-490036677
S1-387008828	S2-434709895,S3-885808742,S3-150134266
S1-387074493	S2-79727057,S2-628892096,S2-741453846
S1-387084627	S2-767076039,S2-949315206,S2-652100420,S3-347049936
S1-387102753	S2-202244961,S3-329039388
S1-387127790	S2-573855539
S1-387131030	S2-600370974,S3-686031167,S3-138748451,S3-79359280
S1-387183604	S2-389429931,S3-117775041,S3-820004653,S3-267512537,S3-910558590
S1-387220918	S2-347941991,S3-617197335
S1-387349678	S2-166800090,S2-296113522,S2-537784582,S2-606688865,S2-751230470
S1-38742204	S2-805399865,S3-246776932
S1-387462544	S2-725445046,S2-989234413,S3-522576192
S1-387538950	S2-7398437,S2-283619330,S2-998087560,S3-516948201,S3-700874577,S3-385360448,S3-943917642
S1-387581787	S3-221210739,S3-524016197
S1-387701488	S2-956677209,S3-144240385,S3-954346023
S1-387940709	S2-22519398,S2-893043934,S2-756858919,S2-776867622,S3-297772857,S3-562122274,S3-259068398,S3-397707398
S1-388344400	S2-191113351,S2-105181051,S2-110933018,S3-402810119,S3-370503068,S3-415098786
S1-388385628	S2-354637806,S2-832786312,S3-89751586,S3-181358521,S3-706385869,S3-826867256
S1-38845032	S2-328296424,S2-239666283
S1-388468997	S2-4997989,S3-121160949,S3-372927013
S1-388490514	S3-110236408
S1-388561662	S2-132710659,S3-445701386,S3-29281907
S1-388622426	S3-457792500,S3-839436502,S3-160583731
S1-38863019	S2-619524729,S2-486700004,S2-798205983,S3-947366047,S3-865132578
S1-388651121	S2-752792770,S2-238526327,S3-736087957
S1-388725069	S2-279577017,S3-523948925,S3-405773670,S3-436329395,S3-438764137
S1-388847768	S2-356870526,S2-564274167,S2-623345330,S2-726025490,S3-297784354,S3-7160212,S3-309256647,S3-196073927,S3-650598096
S1-388882567	S2-442461693,S2-88978503,S3-597932292,S3-692788266
S1-38889473	S2-812198478,S2-453090813,S2-40258679
S1-388898155	S2-647238912,S3-539485500
S1-389184708	S2-9682926,S2-26377560,S2-576517506,S3-567122216
S1-389293212	S2-79542459,S2-335584955,S2-406117650,S3-675272004
S1-389299182	S2-419751447,S3-59377849
S1-389592117	
S1-389670286	S2-671727216,S2-671771654,S2-672648011,S3-515151615,S3-580865060,S3-731671221,S3-314992177
S1-389676322	S2-61417533,S2-232564460,S2-616770460,S3-548406149
S1-389712473	S2-125322259,S2-319294575,S2-648372454,S3-737149269
S1-389794770	S2-219671436,S2-41757818,S3-452442009,S3-326528004
S1-389912478	S2-762848037,S3-515582061
S1-390000302	S2-352065136,S2-758088025,S2-836130883,S3-317794881
S1-390029105	S2-869167100,S2-135355117,S3-687650702,S3-795682668,S3-567791089
S1-390086817	S2-560613189,S3-835086673,S3-575004854,S3-425646433,S3-138177510,S3-801536436
S1-390141651	S2-514437714,S2-365496649,S2-395199540,S2-830920865,S3-826844819,S3-608243813,S3-726901825
S1-390180960	S2-938722896,S3-967850218,S3-420007330,S3-783171405
S1-390192675	S2-514049373,S2-629303512,S2-90723499,S3-944105968
S1-39027603	S2-579577294,S2-285413120,S3-671329932,S3-720211165,S3-79996859,S3-522876700
S1-390406443	S2-798195183,S2-856087854,S3-317253981
S1-390441763	
S1-390505664	S2-654796641,S2-951665967
S1-390565670	S3-177995833,S3-624457211
S1-390692660	S2-629170864,S3-371061639,S3-714638991
S1-390772660	S2-107427527,S2-578888589,S2-808168602,S2-817704344,S2-853214654,S3-947081933,S3-641516569
S1-391058408	S2-177575838,S3-658447127
S1-391121006	S2-125203605,S3-947807079,S3-538692204,S3-639275495
S1-39118410	S2-177732721,S2-61395363,S2-555460438,S2-257398124,S3-936050770
S1-39122065	S2-602539205,S2-816652358,S3-720567537,S3-470093312,S3-10790500,S3-753056423
S1-391262329	
S1-391280381	S2-583702745,S2-369069724,S3-799924392,S3-604149386
S1-39133353	S2-687346746,S3-296261334,S3-919950962
S1-39134497	S2-386878088,S3-131675568,S3-83188106,S3-930699962,S3-405438130
S1-391563903	
S1-39158324	
S1-391642916	S2-414602654,S3-346709115
S1-391761609	S2-682702335,S2-725022112,S2-952521534,S3-480912693,S3-818164704,S3-262131350,S3-634911982
S1-391784660	S2-925458992,S3-588832675,S3-878195856,S3-634564792
S1-391821840	S2-782258631,S2-508191377,S2-387288687,S3-81633971,S3-879845289,S3-802500629,S3-920483410,S3-323793847
S1-391896126	S2-14525529,S2-612936500,S3-395068702,S3-133743550,S3-564354799
S1-391897635	S3-263181315,S3-962467362,S3-219125132
S1-39195065	S2-503764438,S2-22030947,S2-674808467,S3-308012533
S1-391979711	S2-758506,S3-109812372
S1-392002198	S2-34332768,S2-887792595,S2-182306097,S2-880034045,S3-44889689
S1-392026323	
S1-392093330	S2-331937395,S2-243468340,S3-364790367,S3-49986939
S1-392175002	S2-835657819,S2-568344566,S3-152958684
S1-392319218	S2-853393830,S2-122198998,S2-23151043,S3-243284076,S3-137298566,S3-410709038,S3-598424391
S1-392388061	S2-183551082,S2-990140536,S3-570743298,S3-756868660
S1-392424016	S2-330672578,S2-568934923,S3-688403995
S1-392447083	S2-600529959,S2-355349624,S2-278630314,S3-944616010
S1-392476261	S2-84500824,S2-824666929,S3-978076463,S3-720938527,S3-765974419
S1-392484653	S2-135600538,S2-183332591,S3-753851851,S3-94483103,S3-585990602,S3-377287032
S1-392599728	S2-493750467
S1-392664954	
S1-39269636	S2-729684915,S2-426346164,S3-310310626,S3-670032158
S1-392726473	S3-324137671,S3-919327438
S1-392729103	S2-719557998,S2-561064098,S3-949078035,S3-393965914
S1-392765714	S2-708388342,S3-592107875,S3-570381499,S3-20635939
S1-392781176	S2-372407607,S3-960592303,S3-598591317
S1-392813463	S2-822901466,S3-494961459,S3-724027673
S1-392895139	S2-220087483
S1-392936536	S2-876670399,S3-411808368,S3-84054069
S1-393003957	S2-49482236
S1-393034736	S2-647044156,S3-5552887,S3-144489629,S3-264957234
S1-393058145	S2-21762625,S2-61035837,S3-866276637,S3-232681468
S1-393124330	S2-847198805,S2-54392775,S3-240427428
S1-393323396	S2-1505887,S2-167330362,S3-576293069
S1-393413488	
S1-393461793	S2-147984787,S3-694689934,S3-728035676,S3-921548256
S1-393499525	
S1-393514907	S2-245913639,S2-308738951,S2-600761205,S2-384613585,S3-941699346,S3-699711760,S3-684590636,S3-602575512
S1-393719665	S2-505706472,S2-804568282,S3-246434344,S3-105629445,S3-837589750,S3-573067770,S3-716030875
S1-394005806	S2-82044283,S2-759799224,S3-346072275,S3-160918808,S3-821123228,S3-583182298,S3-471688255
S1-394031426	S2-238743007,S2-356344762,S3-71335988
S1-394269510	S2-906545650,S3-44878297
S1-394319334	S3-717390577
S1-394322454	S2-711798560,S3-823802484,S3-743851192
S1-39432734	S2-397556528,S2-499226354,S2-87098284,S3-312287998,S3-213468118
S1-394393516	
S1-394427019	S2-909695292,S2-930805464,S3-638713312,S3-177634994,S3-294981740
S1-394465191	
S1-394550276	S2-370262928,S2-562892507,S2-274262099,S3-253794898,S3-762285569
S1-394653629	S2-887536212,S3-989530681
S1-394763119	S2-909627058,S2-308856265,S3-326977675,S3-647406788,S3-337476768
S1-394787445	S3-185496059,S3-774624631,S3-886199429
S1-394935464	S2-612943387,S2-104503249,S2-864966070,S3-495479658,S3-886289499
S1-394977920	S2-340121343,S3-285454726
S1-394983705	S2-940171928,S2-164276729,S2-303535653,S3-582744403,S3-280705427,S3-161075730
S1-395149116	S2-154721049,S2-756995690,S3-310839788,S3-566360409,S3-579794101,S3-784535388,S3-973254790,S3-879452355
S1-395225576	S2-530925530,S2-585936881,S3-543487787
S1-395318418	
S1-395568190	S2-28768314,S2-299976293,S2-861786789,S2-927208241,S2-48973517,S3-294075749
S1-395603909	S2-668443463,S2-872699355
S1-395685868	S2-712310771,S3-456462125
S1-395863451	S2-279922548,S3-172752719,S3-520457878
S1-395964295	S2-306349948,S2-199088480,S3-841927362,S3-673779867,S3-103331522
S1-396080187	S2-615509089,S2-332664529,S3-168788921,S3-729012499,S3-317185750
S1-396084484	S2-625068781,S2-112090701,S2-750530134,S2-618822741,S3-691505651,S3-772925124
S1-396116105	S2-355334976,S3-954749864,S3-615316259
S1-396174148	S2-458584485,S2-587466800,S3-949554412,S3-457541737
S1-396176998	S2-18403382,S2-534399140,S3-79483473
S1-396177472	S2-607639245,S2-428407057,S2-492238406,S3-548662476,S3-85279081
S1-396237552	S2-377842229,S2-401086937,S3-635817509,S3-352811982,S3-487692836
S1-396243683	S2-710793814,S2-225708342,S3-825120336,S3-859676429,S3-90344054
S1-396286725	S2-699181528,S2-462100825,S2-823570069,S3-679130664,S3-202099670
S1-396398760	S2-627640157,S2-918865537,S2-750801674,S3-870078350,S3-603852663
S1-396472130	S2-309629728,S3-367450036,S3-998511521
S1-396526658	S2-19978469,S3-631927236
S1-396587049	S2-512097350,S2-986511635,S2-720266264,S3-155471235
S1-396604572	S2-515703200,S3-167174600
S1-396606036	S2-695687397,S2-797500726,S3-619858059
S1-396648157	S2-992999295,S3-184853602,S3-846185279
S1-396674740	S3-456067898
S1-396753330	S2-36941807,S2-3360277,S2-689541471,S3-267761930,S3-302333149
S1-396779804	S2-315062306,S2-78046505,S2-23508485,S3-280249695,S3-43193912
S1-396794437	S2-210302806,S2-492135980,S2-307856749,S2-899376910,S3-681485179,S3-258292007
S1-396840870	S2-261603542,S3-420083242
S1-396887923	S2-950124962,S3-848710133,S3-689571353
S1-39691168	S2-180220855,S3-140118796,S3-585358531,S3-175224072
S1-396928174	S2-744599685,S2-200896415,S2-243456974,S3-191171311,S3-418874497,S3-63767140
S1-39705618	S3-580782699,S3-653803265,S3-136712079
S1-397283869	S2-66826552,S2-724039137,S2-965965113,S3-499804887,S3-578858791
S1-397370095	S3-282190870
S1-397387227	S2-597241862,S2-308384998,S2-166597683,S3-658218633,S3-735182832
S1-397417	S2-243817857,S2-334018712,S2-427489503,S2-234472414,S3-823359662,S3-918763047,S3-939232338,S3-105448579
S1-397430558	S2-621856629,S2-91647620,S3-993626649
S1-397490830	S2-627039005,S2-272367426,S3-59984001
S1-397515407	S2-524968696,S3-238236410
S1-397562610	S2-223640837,S3-391442962,S3-268196682
S1-397581590	S3-766206030,S3-418179495
S1-39758782	S2-936836960,S2-651188690,S2-991834872,S2-319074694,S3-335499568,S3-152239107
S1-397595340	S2-23064682,S2-95830696,S3-642958883
S1-39767396	S2-320941242,S2-495705026,S2-204493787,S3-610454158
S1-397772157	S2-340492550,S2-169343529,S3-367821958
S1-397796201	S2-255398448,S3-893020819,S3-347295134
S1-397820954	S2-793050390,S3-22190820
S1-397901092	S2-872702194,S3-692910543,S3-70636883,S3-944914912
S1-397935605	S2-513738298,S2-124884019,S2-781182158,S3-804922225
S1-39794010	S2-612565961,S2-381336660,S2-124035755,S3-519531382,S3-932817081,S3-187590844
S1-398016794	S2-812126387,S3-623629431,S3-149630255,S3-431506313
S1-398158027	S2-430505802,S3-232282869,S3-307972945
S1-398218382	S2-843286560,S2-467512265,S2-752670280,S3-115101892,S3-381228127
S1-398233325	S2-409636160,S2-803879700,S3-908314241,S3-986411747,S3-537360084
S1-3983294	S2-168834576,S2-920408797,S3-658611288
S1-398354466	S2-187249983,S3-937561852,S3-956493311,S3-656375607,S3-622099379
S1-398556067	S2-825343428,S3-131934397,S3-806396414,S3-602795,S3-646458355
S1-398672257	
S1-398723068	S2-601211361,S3-818368883,S3-27710149,S3-429227374,S3-876487750,S3-1444137
S1-398801633	S2-221669875,S2-687984038,S3-919410633,S3-523772803
S1-398805976	S2-648530363,S3-951526539
S1-398819663	S2-487849225,S3-962831235
S1-398909626	S2-78908875,S3-634525523,S3-267018566,S3-402539040,S3-517889842
S1-399045051	S2-36859622,S2-607459953,S2-53737238,S3-662194237
S1-399059593	S2-220423697,S2-505041860,S2-197367569,S2-775852765,S3-201221859,S3-908817409,S3-176678006
S1-399071116	S2-997802909,S2-858177069,S3-941762416
S1-399127091	S2-789944600,S2-737651972,S3-868597077,S3-341907013
S1-39915741	S2-710994875,S2-822615508,S2-876917096,S3-558762658,S3-233461768,S3-699274912
S1-399173478	S3-697433067,S3-216526088
S1-399202519	
S1-399315885	S2-584860826,S3-251625343,S3-340154495
S1-399386936	S2-701009402,S2-744591325,S2-441268420,S3-636132769,S3-103316632
S1-399413527	S2-483643998,S2-965529981,S2-703921176,S3-625665706
S1-399488458	S2-653105408,S2-526849605,S3-998728619
S1-399532710	
S1-399541209	S2-634080067,S2-365782788,S2-589942982,S3-453763867,S3-638003259,S3-44353732
S1-399587503	S2-799555277,S3-271357860
S1-399754711	S2-645830026,S2-411026828,S3-222370607,S3-42309879,S3-842600917
S1-399885796	S2-443150049,S2-619197160
S1-399909954	S2-496086725,S2-3915609,S2-327297386,S3-417904039
S1-400129564	S2-145497615
S1-400138397	S3-745485487,S3-2580648,S3-383132136
S1-400323107	S2-228728396,S3-217569337
S1-400373806	S2-391071543,S2-258731360,S2-605384318,S3-151600845,S3-210758095
S1-40039865	S2-760812711,S3-210434838,S3-772977927
S1-400430680	S2-626835738,S3-883545745,S3-723250401
S1-400514919	S2-533151056,S3-906311334
S1-400584213	S2-126700773,S3-659319711,S3-74897010
S1-400773371	S3-382366542,S3-559346026,S3-358573028
S1-400938253	S3-521701189,S3-22271435,S3-391945055
S1-401010366	S2-531848026
S1-401083942	S2-89195744,S2-785853665,S3-660673780
S1-401127709	S2-495455301,S2-9896528,S3-765510746
S1-401148806	S2-358892070,S2-971356110,S2-553690663,S3-135834826,S3-511060273
S1-401159989	
S1-401194484	S2-29827207,S2-282438024,S3-425348367,S3-580749815
S1-401305169	S2-812814120,S2-909639082,S2-454383135,S3-938560520,S3-296496356,S3-813344643
S1-401309497	S2-418584354,S3-34367959,S3-560705897
S1-40142739	S2-737599334,S2-213872834,S3-211609535,S3-241570754
S1-401444392	S2-819027104,S2-536845059,S2-566307908,S2-935704168,S3-96779404,S3-897136412,S3-693508782
S1-40145966	S2-369249747,S2-137253899,S2-111399765,S3-923910654
S1-401708001	S2-216819313,S2-210353738,S2-121256372,S3-205129784,S3-357064592,S3-507208769,S3-115875342
S1-401757803	S2-341655214,S2-468801673,S3-874483898,S3-726385378,S3-591613195
S1-401789817	S2-108263051,S3-354406781,S3-804953559
S1-401807284	S2-948296490,S2-378746091,S2-576404829,S3-57637785
S1-401867742	S2-229582643,S2-886212004,S2-900476663,S3-62401699,S3-425960104
S1-401904792	S2-587770503,S3-303505274
S1-401911959	S2-442518856,S2-601669716,S2-898867340,S3-336375016
S1-401956249	S2-705510334,S3-884922829,S3-835959860,S3-26205048
S1-402016781	S2-243956903,S3-210533795,S3-64417193
S1-402056345	S2-743531106
S1-402074458	S2-2376594,S2-247852169,S3-715693206,S3-499724998
S1-402191942	S2-8726716,S2-836304334,S2-683126497,S2-650615623,S3-405447973,S3-307762873
S1-402277576	S2-570462086,S3-456518935
S1-402391447	S2-43332000,S2-896195390,S3-784052566,S3-605916369,S3-588993221
S1-402429376	S2-527279717,S2-776921490,S2-829450637,S2-718875950,S3-748537691,S3-773161861
S1-402431322	S2-155906447,S3-577952229
S1-402441025	S2-784793093,S2-419591926,S3-346516440
S1-402550187	S2-740949303
S1-402561445	S2-750588528,S2-735427211,S3-284386422
S1-40259229	S2-163955062,S2-95056168,S2-254157663,S3-569462498,S3-546444607
S1-40264641	S2-742485418,S2-873466451,S3-218810771,S3-496402431,S3-762061810,S3-168804043,S3-82424807
S1-402658309	S2-242983050,S2-871203856,S3-346948906
S1-402663294	S2-662131691,S2-356069445,S3-730597680,S3-986692463
S1-402676890	S3-121197037
S1-402858472	S2-58611200,S2-906850418,S3-50208142
S1-402908600	S2-687665929,S2-565738122,S3-651407770,S3-563058765
S1-402969237	S2-788452676,S2-791311583,S2-189798729,S3-217694689,S3-718708322,S3-618053993,S3-317744281
S1-402983136	S2-88272481,S3-213079110
S1-40308143	S2-134322744,S3-263680721
S1-403138756	S3-234005558
S1-403233166	S2-654310824,S3-308254644
S1-403236544	S2-938396207,S3-671165706,S3-388983473,S3-399120803
S1-403339486	S2-677764863,S3-679317464,S3-214131971
S1-403346254	S2-707720217,S3-593920883,S3-528797999,S3-945141997,S3-450940626
S1-40343248	S2-745253229,S2-417458230,S2-461238449,S2-156878253,S3-230005053,S3-610421314
S1-403483168	S2-888798283,S3-972925113,S3-928264162,S3-804580517
S1-403512361	S2-788787358,S2-808587943,S2-618600554,S3-108402253,S3-761032056
S1-403589534	S2-226356390,S3-51138866,S3-600371135
S1-403595656	S3-154127203,S3-987876174,S3-104296510
S1-40363300	S2-220985471,S3-613739957
S1-403633498	S2-993097137,S3-605814383
S1-403634088	S2-703360896,S3-444185905,S3-493589123
S1-403680449	S2-165867897,S2-317554549,S2-724600688,S2-171217749,S3-487334272,S3-215785431,S3-510490268
S1-403794756	S2-601792824,S2-530169897,S3-857852046,S3-779762845,S3-811485518,S3-800720961,S3-42571070
S1-403816593	
S1-403873571	S3-548604785,S3-850668786
S1-403969351	S2-516177861,S3-726165686,S3-4319764
S1-404057053	S3-139910797,S3-553101086,S3-380902734,S3-290321887
S1-404068475	S2-393573533,S2-428381254,S2-104619882,S3-356819066,S3-525485347
S1-404078900	S2-607235176,S3-303497637,S3-461744295
S1-40424319	S2-848334624,S3-219696575,S3-186480965
S1-404298722	S2-11393831,S3-979341359,S3-467251076
S1-40441608	S2-423821223,S2-609764468,S3-558589279,S3-265959608
S1-404603151	S3-989053231
S1-404612569	S2-312178867,S3-332109807,S3-275008674,S3-602061244
S1-4046415	S2-529731502,S2-695247264,S2-127508778,S2-5438330,S2-718873127,S3-680841466,S3-625846229
S1-404682525	S2-309647225,S2-845945170,S3-835628108
S1-404720706	S2-107240774,S2-848053049,S3-608043462,S3-317369823
S1-404758008	S2-967810582
S1-40478362	S2-559908830,S2-92324358,S2-513677480,S2-933825430,S3-937208780
S1-40478417	S2-180905562,S2-410868377,S2-287915928,S3-759255887,S3-22038466,S3-84811486,S3-513349791
S1-4048189	S2-171567356,S2-51746847,S3-629072663,S3-169378126
S1-404965295	S2-324256571,S3-788320280,S3-716228215
S1-404989747	S2-778809152,S3-204057207
S1-405031482	S2-949965746,S2-555973115,S3-127835999
S1-405060481	S2-748785433,S2-943389377,S3-831476202,S3-671300804,S3-426701558,S3-404872166,S3-393454766
S1-405074013	S2-938772258,S3-415110201,S3-517544634,S3-63942980,S3-39144675,S3-185228444
S1-405166860	S2-751474354,S3-140548296,S3-24029236,S3-946367542
S1-405168523	S2-3109737,S2-812050965,S3-399638166
S1-405185176	S2-384615121,S2-301108701,S2-819126488,S2-547327452
S1-405329057	S2-133633775,S2-738781798,S3-62718361,S3-648699321
S1-40534993	S2-846212559,S2-545551619,S3-401643749,S3-394050762,S3-198020623,S3-680704077
S1-405484472	
S1-405570165	S2-503651415,S3-84815001
S1-405670990	S2-100333068,S3-903462555,S3-114243224,S3-16351009,S3-642981090
S1-405744617	S2-953956304,S3-986737489,S3-151249664,S3-269073978,S3-367362236,S3-960889175
S1-405968882	S2-639266681,S2-63502279,S2-352715365,S2-366493220,S3-453355992
S1-405976521	S2-142222392,S2-743286467,S2-677441725,S3-995152446,S3-279675983,S3-834683085
S1-405980902	S2-528819276,S2-625202092,S2-697766099,S3-499094731,S3-124855058
S1-406153898	S2-561585369,S2-407260873,S3-589621244
S1-406464139	S2-780097294,S3-637722230
S1-406501090	S2-194080964,S3-267085114,S3-532479968,S3-530313713
S1-406504430	S2-875240204,S2-181757010,S3-270310810,S3-159980746,S3-964562574
S1-406581896	S2-485312983,S2-682246894,S3-508407703
S1-406619023	S2-37011619,S3-534220085
S1-406620652	S2-538780382,S3-167324049
S1-406659182	S2-458402175,S3-913585197,S3-337326859
S1-406773726	S2-999805122,S2-927201723,S2-60427109,S2-774438098,S2-478580529,S3-726534543,S3-884289394,S3-92546605,S3-997095293,S3-994025189
S1-406826794	S2-443107873,S2-920300989,S2-990865997,S3-76398155,S3-608671425,S3-57461010
S1-406858753	S2-410668620,S2-682803694,S2-384999850,S2-683725659
S1-406962194	S2-818774098,S3-144270534,S3-292357406,S3-942485739
S1-407005993	S2-161959969,S3-976834008,S3-641310865,S3-772476622,S3-355733132
S1-407122444	S2-634397254,S3-335971544
S1-407162372	S2-106191178,S3-715102952,S3-176300162,S3-482663747
S1-407249597	S2-878870014,S2-754216590,S3-898304508
S1-407260675	S2-666641269,S2-957546987,S2-738808631,S3-460880203
S1-407330935	S2-27881952,S3-365637143
S1-407334681	S2-684683477,S2-546489062,S3-436035404,S3-364715721
S1-407340216	S2-999034379,S2-38859579,S2-222168327,S3-639387975,S3-209302779,S3-52726158,S3-781918284,S3-895227428
S1-407509279	S2-78617662,S2-482937685,S2-384764411,S3-777618609,S3-28030697
S1-40762338	S2-153133273,S2-106076350,S2-757627584,S3-487008345
S1-407628305	S2-773549970,S3-549571024,S3-543811907
S1-407718669	S2-822796623,S2-565333022,S2-537405708,S3-793788622
S1-407896115	S2-168597712,S3-762729494
S1-407898652	S2-865732661
S1-407936072	S2-947368974,S3-296839484,S3-87722388
S1-408046380	S2-768686264,S2-796454578,S3-327927853
S1-408073149	S2-521163809,S2-576315933,S3-354863072
S1-408073734	S2-262997449,S2-71807865,S2-448027489,S3-905641696,S3-42945711,S3-658453226
S1-408181538	S2-768967765,S2-762091557,S2-198567013,S2-677752745,S3-935306315
S1-408200340	S2-782128204,S2-965468721,S3-177455971
S1-408308062	S2-87580057,S2-864697194,S3-599981806
S1-408406468	S2-83406223,S2-958704038,S2-438338491,S3-79098210,S3-348008501
S1-408430180	S2-636007460,S3-692418478,S3-213884609
S1-408738980	S2-962768673,S2-818682486,S2-685966367,S3-150689455,S3-751909562
S1-40880547	S2-610336116,S2-814819172,S3-126829122,S3-773705289,S3-556265708
S1-408825310	S2-156148620,S2-241745657,S3-695037956,S3-527724194,S3-306363682
S1-408884154	S2-199770266
S1-408943949	S2-183735498,S2-271322949,S2-857351972,S3-634088956
S1-409067563	S2-725609902,S2-726392805,S2-838571925,S2-994339565,S3-545714799,S3-678461787
S1-409097297	S2-501937711,S2-804543009,S2-413938708,S3-95384673
S1-40910805	S2-530317385,S2-320911435,S2-868619831,S3-581651588
S1-409200993	S2-131145190,S2-993535002,S3-836861035,S3-776773185,S3-33955398,S3-441721849,S3-862625103
S1-409298026	S2-832012736,S2-848906711,S3-878840978,S3-706765924
S1-409463035	S3-669472292
S1-40948462	S2-748128112,S2-934647044,S3-43158581,S3-335013417
S1-409590316	S2-700162647,S2-80174548,S3-831107142,S3-864882997,S3-984297819
S1-409768983	S2-526389777,S3-142890914,S3-237246748,S3-140334663,S3-158637977
S1-409790700	S2-794495741,S3-390687724
S1-409799368	S2-278023844,S3-161302298,S3-435938196
S1-409862927	S3-297683922,S3-824141119
S1-409972229	S2-659468297,S3-667629860,S3-597014560
S1-409977951	S2-198578428,S3-135362502,S3-544300672
S1-410112984	S2-913180315,S2-898821737,S3-523135922,S3-57148303,S3-962504817
S1-41020181	S2-730728225
S1-410233819	S2-553600376,S3-104933883,S3-173662440,S3-452719411
S1-410263948	S2-916127165,S2-559654613,S2-947592639,S3-541991877
S1-410322040	S3-108960884
S1-410345967	S2-393340156,S3-232552011,S3-966367169,S3-56861355
S1-41041258	S2-742563348,S3-685207300,S3-367805553
S1-410433512	S3-484587469,S3-271476672
S1-410496528	S2-798696982,S2-541251130,S2-991199064,S3-749607809
S1-410777562	S2-133222377,S3-736364394,S3-713118799
S1-410792834	S2-612593035,S2-477275780,S2-960546741,S3-179237319,S3-446007761,S3-146203128
S1-410811162	S2-521153872,S2-160317251,S2-599910283,S3-892559917,S3-200556672
S1-410965199	S2-180746114,S2-213026026,S2-221275537,S3-455354356,S3-885023544
S1-410979841	
S1-410983934	S2-902724971,S2-369773433,S3-953454535,S3-87004268,S3-752267128
S1-411059329	S2-843704473,S2-783764330,S3-59799075,S3-74332334
S1-41115040	S2-999509511,S3-453030399,S3-730614577
S1-411309281	S2-414145640,S2-352813845,S3-208805534
S1-411336509	S2-176607854,S2-760209932,S3-901874317,S3-689977215
S1-411500010	S2-208584596,S2-898359387,S3-418912389,S3-406255124,S3-143247566
S1-411517559	S2-576295079,S2-738551946,S2-330442978,S2-708482327,S3-377991729,S3-870982945,S3-227637964
S1-411616508	S2-105286408,S2-807004778,S3-180895800
S1-411669683	S2-980579198,S3-475668247,S3-213972108
S1-41172620	S2-883348497,S3-734529798
S1-411772371	S2-402928885,S3-60586627,S3-392141715
S1-411828963	S2-441779092,S2-566256222,S3-5264139
S1-411842388	S2-998698986,S2-40968598,S2-479577609,S2-541930450,S3-616231193
S1-411844207	S2-911933292,S2-474056248,S2-722037725,S3-248195753
S1-411924680	S2-438124269,S2-363821869,S3-378466717,S3-947237909,S3-714650365
S1-4120104	S2-620204183,S2-533683069,S2-559296429,S3-720087065,S3-686451910,S3-169330623
S1-412034941	S2-325608717,S3-655868775
S1-412035206	S2-30827921,S3-623949609
S1-412073079	S2-542111507,S2-38725729,S3-277694604,S3-367594407
S1-412186001	S2-977182910,S3-927135169,S3-952108679,S3-970703038,S3-691203512
S1-412227783	S2-89762126
S1-41224758	
S1-412278806	S2-721379369,S2-841317624
S1-412417190	S3-816479394,S3-824114614,S3-276553048,S3-608550787
S1-412437421	S2-521577815,S2-693471107,S2-649671971,S2-474562981,S3-73885716,S3-755247617,S3-852626963
S1-412479178	S2-244371181,S2-753165272,S3-19427807,S3-953502057
S1-412512768	S2-145453348,S3-325118412
S1-41253026	S2-627118033,S2-379303903,S3-966920139,S3-934404290,S3-726318990
S1-412612604	S2-504349344,S2-325147475,S3-310738946,S3-145764436
S1-412668983	S2-910432453,S3-593816510,S3-563308068
S1-412722810	S2-380673302,S2-262893262,S3-819574743
S1-412809000	S2-110677822,S2-201652711,S3-308977847,S3-35176022
S1-412845725	S2-686198247,S2-649643526,S2-753621594,S3-621554194
S1-412854941	S2-821228622
S1-412897230	S2-686647343,S3-417456715,S3-467672927,S3-776200571
S1-413062195	S2-232180048,S3-921897489
S1-413095883	S2-397943026,S2-555987338,S2-239588187,S2-690532520,S3-113319267
S1-413143085	S2-693369221,S3-852017470
S1-413164066	S2-976685126,S2-552790837,S2-165574691,S2-765611536,S3-132135978
S1-413247248	S2-420204915,S2-787929413,S2-762586849,S3-199512462,S3-493429475
S1-413259549	S2-675643620,S2-329927537,S2-643513794,S3-626739310
S1-413274302	S2-263545577,S3-788975284
S1-41332489	S2-848858991,S2-137033755,S2-537154888,S3-377251950
S1-413364199	S2-639241652,S2-167027994,S3-691712099
S1-413375832	S2-53372852,S3-524527109,S3-583602775
S1-413389029	S2-967320179,S3-612187184,S3-893189043,S3-556155831,S3-17779923
S1-413487320	
S1-413487706	S2-11014780,S3-645909680,S3-770503273,S3-492564726
S1-413489669	S2-391480941,S2-828157231,S3-79390379
S1-413506564	S2-33599657,S3-992751947,S3-359386457,S3-216926135
S1-413605870	S2-242407396,S3-635839273,S3-954321468,S3-868787903
S1-413727922	S2-392181000,S3-429236769,S3-545314070
S1-413965744	
S1-413996281	S2-362924926,S3-224641369,S3-422534133
S1-414066258	S2-308929309,S3-268793011,S3-605748953
S1-414082156	S3-227927566
S1-414123883	S2-691025925,S3-962181695,S3-917750035,S3-563519640
S1-414205769	S2-651154350,S3-659763384,S3-942948530
S1-414242254	S2-890514660,S2-723241769,S2-167735277
S1-414252409	S2-732224088,S2-370535959,S3-782497571,S3-512980115,S3-688595603
S1-414412642	S2-184809805,S2-598402573,S2-88630707,S2-330734316,S3-646956762,S3-469444399
S1-414425799	S2-305310493,S3-970521586
S1-414595888	S2-885792231,S2-834577449,S3-168208186
S1-414625629	S2-737519106,S3-348752525,S3-74190604
S1-414841372	S2-920768418,S3-917326471,S3-24323013
S1-414852322	S2-347901230,S2-11900247,S2-246961231,S2-332565712,S3-528693216,S3-682999073
S1-414859964	S2-254198465,S2-308125954,S3-527446934,S3-108632518
S1-41493118	S2-945807325,S2-673906587,S2-745938974,S2-11867559,S3-222470681
S1-414955545	S2-25800664,S2-381918439,S3-685612163
S1-4150015	S2-958853691,S2-962817057,S3-371709486,S3-547551363
S1-415146096	S2-751410695,S2-762871189,S3-75010270
S1-415166691	S2-673442146,S3-273200919,S3-690727647
S1-415187500	S2-876924230,S2-525309561,S2-575896209,S3-767501085,S3-890980572
S1-41532120	S2-175641222,S3-457964864,S3-297463846,S3-702181330
S1-415378825	S2-610647270,S3-844454033
S1-415388633	S2-443214930,S2-589949615,S3-248230064,S3-225866213
S1-415536884	S2-682722058,S2-800201169,S3-745359830,S3-90600779,S3-629524224
S1-415538770	S2-829689333,S3-481766548
S1-415589877	S2-870461729,S2-261487770,S3-699648035,S3-644346435,S3-62088645
S1-415627246	S2-363435519,S2-221038030,S3-274029663,S3-11874848
S1-415642338	S2-545230644,S2-764223351,S3-111222450
S1-415759831	S2-674385994,S3-664042308
S1-415990025	S2-748892044,S2-892306946,S2-789172091
S1-416155204	S2-99410335,S3-310668818
S1-416207989	S2-515381991,S2-738590523,S2-40593152,S3-621986942
S1-416302772	S2-56716016,S2-48385108,S2-210691175,S3-9544169,S3-654115778,S3-577496061
S1-416385953	S2-189853228,S3-143866576,S3-782003926
S1-416460213	S2-67327214,S2-523230946,S3-36644627
S1-416489835	S2-405250091,S3-389467220,S3-305808786,S3-702576633
S1-416561806	S2-421678987,S2-680466287,S2-363548767,S2-360073776
S1-416587116	S2-918545074,S2-858380264,S2-821016776,S2-252226859
S1-416710418	S2-607212843,S2-766844376,S3-764533607,S3-300295264
S1-416720577	S2-760244512,S2-542152066,S3-596582435,S3-449474847,S3-36269473
S1-416751066	S2-109314622,S3-561033239,S3-912086232,S3-156827681
S1-416855285	S2-474011234,S2-647762820,S2-748911443,S2-808709676,S2-580583247,S3-492005072
S1-416862339	S2-55507027,S2-609794768,S3-224307656,S3-320137242,S3-305990705
S1-416881014	S2-547154054,S2-633432402,S2-570100332,S3-758790766
S1-416896277	S2-282639291,S2-268147590,S3-82417175,S3-51133296,S3-276888623
S1-416998706	S2-500690598,S3-343359682,S3-47768634,S3-245159883
S1-417049207	S2-90520850,S2-380619219,S2-492131342,S2-527419616,S3-18754147
S1-417139872	
S1-417225624	S2-54146410,S3-944201471,S3-193293289
S1-417240115	S2-832037319,S2-636785480,S3-419729206
S1-417249246	S2-219793554,S2-943766168,S3-781014727,S3-876401187
S1-417345810	S2-641915271,S2-964011536,S3-492004405
S1-41745688	S2-816363107,S3-649211947,S3-507253633
S1-417503647	S2-904330615
S1-417598074	S2-598466120
S1-417607112	S2-116977615,S3-763504410,S3-897668258
S1-417625918	S2-150339850,S2-671358514,S3-523164058,S3-223549443,S3-810576892,S3-850662464
S1-417633251	S2-10186635,S3-911824150,S3-38001013,S3-571969285
S1-417680990	S2-596611463,S3-439741283,S3-746704509
S1-417697347	S2-450371824,S2-306070487,S2-943206711,S3-824506215,S3-994036040
S1-417815366	S2-527066672,S2-426569089,S3-996137904,S3-267771367,S3-270455727
S1-417828270	S3-775910904,S3-544860220,S3-489812816
S1-417841181	S2-445315440,S2-391218907,S3-354316449,S3-29028070
S1-417846877	S2-187984185,S2-871913504,S3-639157112
S1-418100259	S2-677437590,S3-643115705,S3-439226905,S3-336005665
S1-418133961	S2-888175818,S3-8664841,S3-887213053,S3-452894399
S1-41816066	S3-607931744
S1-418219243	S2-723231816,S2-990044608,S2-921017162,S2-604086539,S3-548035374
S1-418229119	
S1-418325659	S2-662615463,S3-320364097
S1-418360270	S2-561142082,S2-141822074,S3-263688054
S1-418403037	S2-635761328,S3-366261837
S1-418403923	S2-752825496,S3-141918402
S1-418407965	S2-564833413,S2-38531932,S3-357112245
S1-418433987	S2-39000720,S2-278847812,S2-977971865,S3-944507431,S3-414342594,S3-55306537
S1-41851016	S2-654395880,S2-674465200,S2-866937026,S3-483881008,S3-915282124
S1-418590201	S2-895866259,S2-716185327,S3-608372647
S1-418620784	S2-538887027,S2-491660809,S2-356525603,S2-184212949,S3-884216811,S3-894246162
S1-418626802	S2-182439842,S2-642479397,S3-547704697
S1-418689502	S3-906563931,S3-891583468
S1-418699828	S2-850309927,S2-194209858,S3-527250007,S3-729522408,S3-450498057
S1-418714671	S2-362219882,S2-894650730,S3-865616221
S1-418760216	S2-715358696,S2-15854094,S2-438848822,S2-926818241,S3-509965943
S1-418804001	S2-115348500,S2-672170087,S3-92390426
S1-418881531	S2-623230271,S3-332446333
S1-418902990	S2-510857762,S3-968735907,S3-600546619
S1-418908391	S2-281473619,S3-753235548,S3-787458350
S1-419148679	S2-453176009,S3-535341243
S1-419191561	S2-625144599,S2-664900858,S2-249508239,S2-573430424,S2-351803985,S3-969818204
S1-419202734	S2-122984682,S2-495386826,S3-561985056
S1-419238468	S3-52827792
S1-419428802	S2-234252814,S3-500634677
S1-419458526	S2-824269146,S2-384417604,S2-254606995,S3-313676331
S1-419573438	S2-275621731,S2-711463985,S3-328363993,S3-332585077,S3-387341134
S1-419591549	S2-919841273,S2-221893500,S2-299683831,S3-313256425,S3-927121093
S1-41962577	S2-944027793,S2-852476432,S2-80741995,S2-940518190,S2-835883511,S3-268709534
S1-419685862	S2-631587263,S3-41748661,S3-111919470,S3-158851647
S1-419760962	S2-265061364,S2-220321714,S2-656104699,S3-89435267,S3-740568216
S1-41981334	S2-974057648,S3-373485068,S3-919594217
S1-419860979	S2-971988613,S3-13408024
S1-419906341	S2-583471298,S2-848850719,S2-860338493,S3-507703003,S3-896468712
S1-419906540	S3-555289024,S3-570293751
S1-419957440	S2-355463584,S2-891217324,S3-58707544,S3-284350746
S1-419986422	S3-925341599,S3-802078676
S1-420020650	S2-825059438,S3-681711547,S3-128402108
S1-42004885	S2-133897480,S3-221248357,S3-109689426,S3-402962870
S1-42011484	S3-544612294,S3-19055598,S3-875284614
S1-420208206	S2-667368054,S2-837179520,S3-386513956
S1-420240759	S2-660548957,S3-957149295,S3-298584341
S1-420242006	S2-943192481,S2-365731407,S2-998548155,S3-67981918,S3-182238008
S1-420253287	S2-489966076,S2-520536149,S3-596540762,S3-869007251
S1-420355270	S2-137875884,S2-601079116,S2-470371672,S3-177582369,S3-306119385
S1-420365299	S2-345932750,S2-346607300,S2-762483509,S3-157481998,S3-653542719
S1-420367636	S2-763634103,S2-787786238,S2-406731441,S3-749481499,S3-467134689,S3-394312698,S3-18458151
S1-420485389	S2-891745460,S2-385779123,S2-689614359,S2-684536356,S3-777903340,S3-119901016
S1-420554021	S2-296418958,S2-620072207,S3-102698061,S3-829513571
S1-420781438	S2-3529824,S2-556525841,S3-566406599
S1-420816251	S2-453987565,S2-96237534,S3-188030280,S3-468658303,S3-655824864,S3-909508255,S3-90925646
S1-420991963	
S1-421016477	S2-477120065,S3-940569112,S3-740032651
S1-421039967	S2-701311923,S2-558361002,S3-898299496,S3-818785476,S3-783306521
S1-421068866	S2-704095921,S2-205352935,S3-208451726,S3-602211820,S3-340002805
S1-421099903	S2-584675095,S3-108904803,S3-723739349
S1-421111657	S3-625892785,S3-1668318
S1-421155586	S2-604777108,S3-491054651
S1-421192684	S2-464279064,S2-750267712,S3-969978678,S3-691804853,S3-697346302,S3-848017917
S1-42120658	S2-282238789,S3-412443580,S3-383630666
S1-421215121	S2-919845248,S2-131279205,S3-374679879
S1-421225269	S2-960172198,S2-638839347,S3-511243101,S3-108890507
S1-421245968	S2-923194738,S3-252748233,S3-665310645,S3-174140847,S3-299673239,S3-854676592
S1-421254703	S2-65372423,S2-271164584,S3-798941141
S1-421282360	S2-812189721,S3-439595596
S1-421393181	S2-318061380,S2-294063635,S3-912275028,S3-940975594
S1-421397028	S2-165372334,S3-798138639
S1-421434933	S2-343490716,S2-78475954,S2-428051475,S3-243694447,S3-674528872
S1-42158419	S2-137335229,S3-746517212,S3-813917877
S1-421699033	S2-945837049,S2-127863713,S3-708057447,S3-817417031,S3-100318575
S1-421709774	S2-440581619,S3-434450655
S1-421715301	S2-720392576,S2-764556488,S3-677820045,S3-876324272
S1-421736344	S2-665290108,S2-298734437,S3-704900075
S1-421958965	S2-507361337,S2-775362407,S3-95581283
S1-421976837	S2-238678708,S3-390526272,S3-196007017
S1-422020025	S2-514575002,S3-217335820,S3-857023059
S1-422083227	S2-934326644,S3-142627362,S3-544841623,S3-293332400
S1-422171197	S2-851278583,S3-672202988
S1-422171338	S2-538078048,S2-218287001,S3-959082023,S3-11369821
S1-422243245	S2-460061122,S2-60218247,S2-870777331,S2-725278070,S2-767429396,S3-964689165,S3-413733320,S3-663489415,S3-300729230
S1-422286558	S2-468608802,S2-168636438,S3-548569551,S3-331072111,S3-172445084
S1-422533769	S2-37271645,S3-607890795
S1-422535250	S2-49989197,S2-206821042,S2-285977216,S3-574366991,S3-694463576
S1-422747880	S2-670505755,S3-72066691
S1-422789645	S2-941311284,S2-839308921,S3-166067134,S3-304681116,S3-835333192
S1-422819239	S2-400358330,S2-28026742,S3-704259280,S3-645344567
S1-422822666	S2-377955022,S2-286904720,S3-92093028,S3-527690368
S1-422988188	S2-564125134,S3-758745549
S1-423013011	S3-853693544,S3-897357197,S3-622143559
S1-423033285	S2-652716271,S2-196100161,S2-225822371,S2-398951737,S3-567180594
S1-423215349	S2-91766838,S3-719085501
S1-423217061	S2-386768362,S3-586139613
S1-423279490	S2-632660351,S3-382357271
S1-423323459	S2-395607495,S3-231833557
S1-423339108	S2-474594574,S3-497555077
S1-423445805	S2-812176118,S3-879630934,S3-626952173,S3-521181390
S1-423619727	S2-656867912,S2-537797743,S2-453548388,S2-55703812,S3-842820233,S3-939913104,S3-753913378
S1-42369613	S2-750544445,S2-93529861,S3-171761059,S3-29246023,S3-802967805
S1-423828293	S2-559199068,S2-719243851,S2-566456141,S3-633090552,S3-713392505
S1-423829774	S2-804822427,S3-669241444,S3-822531871,S3-682938588
S1-423837297	S2-92636059,S2-2387969,S3-13015189
S1-424149861	S2-842296474,S3-408222460,S3-779767929,S3-623952966,S3-883044266,S3-479976423,S3-832532940
S1-424226972	S2-188309975,S3-239427028
S1-424243927	S2-32602662,S2-800422575,S2-703220082,S2-515714674,S3-138854986,S3-526028654
S1-424247074	S3-767631858,S3-499179939
S1-424371236	S2-453057977,S2-861709785,S2-875200728,S3-241971717,S3-787607690,S3-502374184
S1-42438048	S2-847258531,S2-408277263,S3-299027528,S3-236574148,S3-380631133
S1-424419707	S2-372942326,S3-162396323,S3-138691791,S3-47727789
S1-424481355	S2-738843382,S3-16094463,S3-732657131
S1-424505918	S2-718859740,S2-582684638,S2-806772203,S3-865357820,S3-211556990,S3-586415055,S3-208672630
S1-42457779	S3-105487122,S3-189453653,S3-568847129,S3-162694026,S3-757585986
S1-424612124	S2-152973058,S3-443278844,S3-819107271
S1-424692054	S3-749470253,S3-996399470,S3-796449418,S3-432628089
S1-424764147	S2-937456663,S3-94038573,S3-315128709
S1-424774964	S2-956272185,S3-53308093,S3-452315174,S3-857933713,S3-668561958
S1-42477967	S2-938302069,S2-533583982,S3-285248734
S1-42486994	S2-405148466,S2-454587946,S3-906118129
S1-42496728	S2-591871459,S3-887749900
S1-424998536	S2-298095539,S2-164304467,S3-349140059,S3-715029375,S3-978489765,S3-75227005
S1-425034490	S2-497367069,S2-59026727,S3-931402421
S1-425143675	S2-970814887,S2-413961081,S3-104427638,S3-542386110
S1-425179777	S2-207549829,S2-822040870,S3-63410039,S3-932528545,S3-245362246
S1-42520307	S2-465329479,S3-61904933
S1-425274955	S2-719889276,S3-170981721
S1-425310516	S2-474038878,S3-186688927,S3-897546347,S3-718281975,S3-4598197
S1-425391955	S2-208903586,S3-443139070,S3-842077474,S3-389099911
S1-425624710	S2-951270219,S2-206762937,S2-944740919,S3-990457439,S3-582071491,S3-801424180
S1-425764982	S2-555212605,S3-640859536,S3-337014818,S3-236145504,S3-160577251
S1-425829834	S2-948425830,S2-179319383,S2-228074451,S3-406174233,S3-872622295
S1-425852202	S2-751817203,S2-374551680
S1-425869771	S2-533570824,S2-434564191,S3-321974662
S1-425886096	S2-650506307,S3-175854801
S1-425896867	S2-153083784,S3-447921173,S3-110060727
S1-426001729	S2-714213479,S3-501227825
S1-426047529	S2-602392613,S3-645903187,S3-432719757
S1-426102495	S2-852576405,S3-290693536
S1-426104894	S2-813079920,S3-345184758
S1-426133400	S2-222965094,S2-978921103,S3-615884264
S1-426178578	S3-868702227
S1-426238244	S2-686025767,S2-277036035,S3-826004907,S3-224531148,S3-396425636
S1-426307311	S2-392712034,S3-876360999
S1-426308235	S2-41431965,S2-125380379,S2-17651750,S2-938960586,S2-130980172,S3-847168534,S3-332169903,S3-507417549
S1-42643591	S3-314197076
S1-426477563	S2-537901292,S2-943778187,S2-95724271,S3-310789624,S3-832122784
S1-426505671	S2-615214748,S2-295148807,S3-42730531,S3-712571590
S1-42652082	S2-333717326,S2-765518774,S3-598833508,S3-845373703
S1-426538504	S2-82708123,S3-702322151,S3-927520084
S1-426642771	S2-895433076,S3-400913307,S3-696584145
S1-426664480	S2-528639588,S2-780440993,S3-420120620,S3-752202377
S1-426721159	S2-204717424,S2-334398744,S2-773870418,S3-363413915,S3-408433681,S3-774967691
S1-426734637	S2-922169063,S3-345555616,S3-268472960
S1-426779894	S2-363181725,S2-695032582,S3-413594893,S3-941391042
S1-426791893	S2-624420367,S3-453884974,S3-993714327
S1-426844490	S2-689183648,S2-831962733,S3-44263260,S3-548959959,S3-548937032
S1-426881475	
S1-426972884	S2-217611792,S2-365855447,S3-484844526,S3-656783766,S3-181187724
S1-427012673	S2-882884170,S2-835751509,S3-315445175,S3-838657992,S3-338442014
S1-427085670	S2-672562433,S3-969052367,S3-283425750
S1-427136358	S2-727685081,S2-722948247,S2-830033452,S3-758384249,S3-671590808,S3-917668059
S1-42717093	S2-550145678,S3-968353132,S3-96217569
S1-427303116	S2-157740332,S2-61541626,S3-194920865,S3-482734048
S1-427308754	S2-933572563,S2-238957038,S2-658004101,S3-3485636,S3-192830376
S1-427314260	S2-169724988,S2-146513479,S2-842454082,S3-111214681,S3-348990280,S3-830117078
S1-427326404	S2-79391954,S3-903719419
S1-427344550	S2-159044342,S2-121328464,S3-788241948,S3-648544225
S1-427376628	S2-95667821,S2-767249223,S3-592133094
S1-427578509	S2-481348134,S2-486850181,S2-54414235,S2-146314887,S2-54721808,S3-911874761,S3-50536481
S1-427628747	S2-944661284,S3-725089320
S1-427795817	S2-184537,S3-899195500,S3-581904971
S1-427911095	S2-232117576,S2-653783591,S3-439623862,S3-482571835
S1-427998285	
S1-4280031	S2-143875692,S2-800430214,S2-730234986,S3-121419677
S1-428096729	S2-605866751
S1-42819985	S2-64613769,S3-832359934,S3-69605813
S1-428323843	S2-8390252,S3-983077475,S3-791728988,S3-606447261,S3-632164590
S1-428326391	S2-185012956,S2-940229355,S2-108181817,S3-114375727
S1-428520317	
S1-428528735	
S1-428550650	S2-677186309,S3-179551320,S3-903035495,S3-371232072
S1-42855485	S2-851423577,S3-863452695
S1-428577205	S2-449089013,S2-590997940,S2-778640327,S3-61840184,S3-568306230,S3-122786790
S1-428584603	S2-670569889,S3-524739083,S3-552695357
S1-428784631	S2-825786958,S2-101141560,S2-92742778,S2-254914571,S3-758047070,S3-530943046
S1-428797148	S2-253418034,S3-919449738,S3-827986466
S1-428874761	S2-151662762,S2-724144601,S2-716517678,S2-881519116,S3-368558110
S1-428950569	S2-600346010,S2-487152670,S2-221520185,S3-35461415,S3-152792199
S1-429000703	S2-5169052,S3-301263836,S3-456891226,S3-683561700
S1-429023688	S2-282504482,S3-313077141
S1-429253688	S2-518915867,S2-904961671,S3-307658788,S3-371178216
S1-429280354	S2-196883279,S3-972274029,S3-214358866,S3-30663582
S1-429290451	S2-852426952,S2-907691267,S3-142348397,S3-755655198,S3-64854228,S3-479198521
S1-429341602	S2-295199861,S2-195279036,S3-247104127
S1-429532552	S2-208189944,S2-214249521,S2-97481733,S2-171069353,S3-85396175,S3-893319199,S3-394736157
S1-429593014	S2-872229669,S2-933984747,S3-671946295,S3-782629767
S1-429608910	S2-592225299
S1-429648611	S2-626830174,S2-539588636,S2-945333334,S2-950700312,S3-718141865,S3-512475158
S1-429674709	S2-441503101,S3-889170621
S1-429687587	S2-627536780,S3-417384410
S1-429736103	S2-756752397,S2-453952763,S3-371876194,S3-121902604,S3-944505591,S3-636499903
S1-429745783	S2-938758452,S2-686237331,S2-636529968,S3-795031902,S3-467261364,S3-98986626
S1-429772142	S2-237287891,S2-798581985,S2-628073454,S3-899607994,S3-158792890,S3-215313061
S1-429808307	S3-123209240,S3-63088227
S1-429830408	
S1-429927103	S2-8817372,S2-679935423,S2-622268255,S3-116702826,S3-203475963,S3-879896442
S1-42997312	S3-891949531,S3-51463927,S3-909186049,S3-865457393
S1-429981290	S2-311691542,S2-385382498,S3-496755377,S3-203420902,S3-192300239
S1-430041796	S2-204790152,S3-422670907,S3-298452999,S3-745723978
S1-430042657	S2-886139563,S3-642113684
S1-430061711	S2-733501814,S2-576357211,S2-482201201,S3-901565070,S3-242846072
S1-430067699	S2-133880406,S2-484539836,S2-822221240,S2-163949404,S3-719364959
S1-430121273	S2-259088459,S2-803974926
S1-430138291	S2-860689789,S3-633021415,S3-538192537
S1-43017144	S2-995038061,S3-40078721,S3-834909171,S3-778521811
S1-430188506	S3-322550784,S3-31764071
S1-430231512	S2-458836374,S2-778679766,S3-710714523
S1-430235537	S2-832037,S3-799508884
S1-430241724	S2-582736043,S3-485590213
S1-430332336	S2-45113090,S2-330448799,S2-62505560,S3-30711236
S1-430348689	
S1-430374276	
S1-430392989	S2-59442263,S3-686568311,S3-439268829,S3-798301013
S1-43041717	S2-804651858,S3-110599435,S3-624158459
S1-430421515	S2-587993543
S1-430701869	S2-904168710,S2-490148551,S3-246846097,S3-627794871
S1-430774425	S2-461734641,S2-881896620,S2-130398038,S3-490090860,S3-911258651,S3-557932048
S1-430791670	S2-522700218,S2-15231348,S3-384271453,S3-331606622,S3-833303228,S3-189829744
S1-430953066	S2-892772982,S3-144906644,S3-790963869,S3-790102337
S1-431004519	S2-279927608,S2-703211168,S2-220986235
S1-431107003	S2-313419141,S3-990513112,S3-650993729
S1-431115052	S2-661723226,S3-816750889
S1-431118805	S2-49044745,S2-119171730
S1-431241109	S2-680446554,S2-114217619,S2-957179593,S2-40814297,S3-295729528,S3-530131522
S1-431244986	
S1-431291974	S3-172737960,S3-945835762,S3-45206670,S3-650695857,S3-610908354
S1-431301165	S3-279429454,S3-566661867
S1-431358198	S2-177953026,S2-707863506,S3-642371705,S3-222676179,S3-836512351
S1-431410608	S2-972008523,S2-766400373,S3-460622956,S3-428882140
S1-431695527	S2-628530287,S2-23082173,S2-20366591,S2-873466055,S3-182423336
S1-431701753	S2-423516812,S2-297216361,S3-37828398
S1-431724863	
S1-431726814	S3-535768833
S1-43174390	S2-284453932,S2-2088483,S3-408734337,S3-429899227
S1-431850791	S2-809236068,S2-396217200,S3-220733825,S3-417242579
S1-431851118	S2-486840474,S2-28976817,S2-915442462,S3-298165734
S1-432036965	S2-758288963,S3-655466911,S3-864746665,S3-876472827
S1-432051994	S2-769353589,S2-199343480,S3-650623119,S3-384973362
S1-432072281	S2-145805096,S2-968957948,S2-767059015,S3-50370140,S3-501318526
S1-432092696	S2-731451446,S2-941361280,S2-828201825,S3-660286389
S1-432183239	S2-714627765,S2-645352608,S3-796923398,S3-131470528
S1-432196879	S2-289267922,S3-696368703,S3-686304241,S3-558872728
S1-432317607	S2-143492423
S1-432353150	S2-213955884,S3-790693270,S3-577358454
S1-43235469	S2-712572249,S3-224424752
S1-432373783	S2-686665155,S2-658603404,S3-974136222
S1-432414403	S2-275911576,S3-392985681
S1-432491140	S2-567832969,S3-239074587
S1-432524343	S2-915736830,S2-388474806,S3-403220700
S1-432564760	S2-978533387,S2-195174854,S2-767028957,S2-677215701,S2-427472213,S3-201197427,S3-629566436,S3-187939759
S1-432571182	S2-785913849,S2-271307031,S3-971436486
S1-432614456	S2-479581512,S2-617455965,S3-828549115,S3-430370668,S3-984716309,S3-457766770
S1-432617910	S2-800958228,S2-499736998,S2-39852028,S3-911491178
S1-432656635	
S1-432747987	S2-500109710,S2-395389879,S3-968019041
S1-43277635	S3-154025407
S1-432783696	
S1-432991336	S2-575772079,S3-10255094
S1-433013548	S2-613237134,S3-887856301,S3-729927587
S1-433044958	S2-730938726,S2-999738177,S2-249250832,S2-20852020,S3-335308164,S3-193024805,S3-735187901
S1-433154084	S2-282188517,S3-404843391
S1-433364163	S2-885785592,S3-814932048,S3-790244577,S3-197385717
S1-433389263	S2-341675412,S2-964186036,S2-938703264,S2-403749970,S3-464528621,S3-269904327
S1-433439474	S2-541490984,S3-946249563
S1-433475554	
S1-433595592	S3-404958372,S3-936217712
S1-433696986	S2-247514224,S2-490804256,S3-922397342
S1-433736115	S3-58437585,S3-834332032
S1-433809442	S2-754890949,S3-135488440
S1-43386365	S2-668011267,S2-824632655,S3-839514578
S1-433885906	S2-733104874,S2-315387793,S3-687365239
S1-43416372	
S1-434181846	S2-344946379,S3-296422307
S1-434202631	
S1-434266239	S2-743520935,S3-966306478,S3-568238007,S3-692441645,S3-273775272
S1-434269050	S2-662919099,S3-29514230,S3-294272525,S3-504540536,S3-999995935
S1-434279292	S2-449432656,S2-209054704
S1-434343617	S2-569594958,S3-189270712
S1-434383064	S2-826931143
S1-434398276	S2-313731582,S3-174792695,S3-35299547
S1-43442200	S2-981940745,S3-814017413,S3-773996911,S3-514346400
S1-434518815	S2-399392422,S3-679393733
S1-434585680	S2-571964236,S3-365101031,S3-110993575
S1-43471259	
S1-434734766	S2-494102478,S2-572019964,S3-303055487,S3-698507222
S1-434755751	S2-462863207,S2-544125803,S3-559671075
S1-434830728	S2-527789003,S2-728597983,S2-309653042,S2-600273402,S2-854294003,S3-294825253,S3-277051098
S1-434987149	S2-602175950,S2-661109620,S3-636891876
S1-434998561	S2-401563456,S2-139831501,S2-904065150,S3-881658542,S3-611954599
S1-435040948	S2-38755414,S2-923892402,S2-23609761,S3-588213760
S1-435215615	S2-962852727,S2-194994008,S2-241134772,S2-68485246,S3-410667797,S3-556846224,S3-448745441,S3-504879924
S1-43527542	S2-164591992,S3-509446945,S3-513255320,S3-245166131,S3-797121533
S1-435305512	S2-889977966,S2-991867860,S3-595614886,S3-589753881
S1-435445965	S2-374798401,S3-56612755,S3-779987027
S1-435447019	S2-447150825,S3-525627430,S3-609572148
S1-435488972	S2-883682268,S2-557153139,S3-299674103
S1-43549869	S2-76932846,S3-271758775
S1-435577294	S2-356956517,S2-761325614,S3-473155989,S3-183318202
S1-435589086	S2-376805241,S2-375290924
S1-435669097	S2-660568119
S1-435694150	S2-16075564,S2-763054309,S3-173453961,S3-463807140,S3-856434538
S1-435698253	S3-268385683,S3-694442944
S1-435709226	S2-394663400,S2-165569919,S3-327089505,S3-64495854
S1-435766680	S2-979749077,S2-522771594,S2-491115048,S3-713496753,S3-203618551
S1-435928860	S3-132893539
S1-436104589	
S1-436118500	S2-423148469,S2-843202305,S2-363366361,S2-714214228,S3-219682281,S3-143999077
S1-436235323	S2-81163373,S3-911177348
S1-436241611	S3-280794275,S3-765720463,S3-159359729
S1-436244707	S2-369281376,S3-808840670,S3-716429794,S3-538601389,S3-457000518
S1-436289850	
S1-436291325	S2-240631480,S2-846569362,S3-457588154,S3-541478823,S3-193038375
S1-436307445	S2-962323904
S1-436353536	S2-508180147
S1-436414094	S2-645259282,S2-242581904,S2-403425315
S1-436437022	S2-30788566,S2-680982051,S3-282982846
S1-436504155	
S1-436579364	S2-247019570,S3-664720022,S3-35450162,S3-448343716
S1-43660739	S2-368933260,S2-718656378,S3-697543715
S1-4366644	S2-579940292,S3-998287219,S3-908509452
S1-436697371	S2-509491177,S2-12394949,S3-279228745,S3-169424065,S3-677531990,S3-461324019
S1-436760038	S2-486641648,S2-56199620,S2-949316867,S3-980919542
S1-436816295	S2-348208387,S2-675429846,S2-501658482,S3-482430598
S1-436830774	S2-943214527,S3-57275403
S1-436852086	S2-354568654,S3-853762147,S3-936349830
S1-436897908	S2-125466984,S3-870574981
S1-437030857	S2-610222875,S2-491891920,S2-461028501,S3-709162547
S1-437031922	S2-389720103,S2-503206467,S3-2431121
S1-437115197	S2-38224424,S2-494648811,S2-653443596,S2-866234924,S2-746192144,S3-888572925
S1-437192556	S2-955654433,S2-823742051,S3-263459761,S3-402727390
S1-437267258	S2-991626584,S2-74196484,S2-6531656,S3-876079562,S3-567722115,S3-115709484
S1-437321904	S2-725607606,S2-906426985,S2-785665896,S3-650196531,S3-397937688,S3-539161750
S1-437377238	
S1-437440806	S2-405406212,S2-663795128,S3-413313462
S1-437524523	S3-693818526
S1-437582846	S2-313090377,S2-527365635,S2-158970072,S2-35759314,S2-707799500,S3-858622183,S3-436981539,S3-772070646,S3-148674074
S1-437610679	S2-345444533,S2-942414807,S2-31880666,S3-845697311,S3-943390089
S1-437635808	S3-376873832
S1-437711350	S2-237733881,S3-426816107,S3-689714637,S3-859086102,S3-248259992
S1-437729238	S2-794052891,S2-382613864,S2-772554564,S2-458977611,S3-7167444,S3-523700766,S3-117668655
S1-437819420	S2-659617716,S3-712924828,S3-46466875,S3-82323729
S1-43795313	S2-682402503,S2-105729824,S2-531478641,S3-568653849
S1-438031039	S2-359251679,S3-879027719,S3-128851068
S1-438051510	S2-219476565,S2-926755878,S3-211434418,S3-474016247
S1-438116698	S2-674765080,S3-216792692
S1-43813857	S2-150107688,S3-721170572,S3-370448190,S3-447529368
S1-438158463	S2-636739114,S2-95647654,S2-834157374,S3-616626369,S3-689781196,S3-841235129
S1-43824618	S2-205659112,S2-997042169
S1-438262581	S2-414263320,S3-453695873,S3-610786237
S1-438338166	S2-643498369,S3-49921635
S1-438383929	S2-742010441,S2-586097886,S3-366451922,S3-49615455
S1-438563794	S2-50598385,S2-162467395,S3-714381488,S3-368632187,S3-984396480
S1-438580492	S2-789140717,S2-944473793,S3-15350915,S3-263183552,S3-148984401
S1-438598579	S2-782084052,S2-906284976,S2-542064370,S3-959086957
S1-438880980	S3-699222745,S3-280039824,S3-457076544
S1-438904942	S2-570606736,S2-713043978,S3-976840080,S3-719944581
S1-439011113	S2-897562562,S3-696754472,S3-296671073
S1-439048351	S2-162709483,S2-110497500,S3-157663008,S3-973901552,S3-286636589,S3-879009960
S1-439081189	S2-17481713,S3-452380710,S3-208910176,S3-305430325,S3-72017579
S1-43918775	S2-821146258,S2-689457381,S2-547186694,S3-618066450
S1-439262104	S2-270652174,S3-752883800
S1-439336631	S2-42713053,S3-810476841,S3-89898322
S1-43936599	S2-790136923,S2-518770325,S3-349925529,S3-879279416,S3-531385795
S1-439370397	S2-305152753,S2-96782603,S2-69138050,S2-248404142,S2-406462235,S3-373223093
S1-439431415	S2-69325333,S3-911148461,S3-511757108,S3-847283376
S1-439452721	S2-877034198,S3-691317189,S3-600153212,S3-209940324
S1-439460974	S2-893784604,S3-446540155
S1-439618961	S2-897938255,S2-462208096,S3-662548756
S1-439654214	S2-778307001,S3-57204892,S3-565938063,S3-41147553
S1-439701589	S2-523259120,S2-731778936,S2-143306223,S2-928575824,S3-933498449,S3-324825851
S1-439763668	S2-840092785,S3-586451270
S1-439834086	S2-569993693,S2-358698659,S2-741448869,S3-197406979
S1-439887724	S3-565294661,S3-784596844
S1-439910764	S3-805356798,S3-185485169,S3-416928085
S1-439936821	S2-431340840
S1-439939057	S2-588375515,S2-633347261,S3-679269496,S3-628780090
S1-440100768	S2-265329636,S2-664558621,S3-647584486
S1-44021067	S2-643657884,S2-43994042,S2-360104282,S3-386870267,S3-684489040
S1-440239857	S2-20185704,S2-212909164,S2-774222313,S3-619645164
S1-440241028	S2-5149203,S3-530600754,S3-245171088
S1-440369167	S2-670326538,S3-31563380,S3-111251574
S1-440629386	S2-606414457,S3-199158795,S3-875048818
S1-440652623	S2-916644215
S1-440663204	S2-479157042,S2-608841001,S2-495188521,S3-410671181,S3-806644087
S1-440666757	S2-358982607,S2-487733311,S3-615327801,S3-434939084
S1-440781956	S2-506822510,S2-70768780,S2-475019850,S3-421743259
S1-440793849	S2-124843424
S1-440826045	S2-309149552,S2-327615724,S2-148599934
S1-441083954	S2-592755383,S3-78138721
S1-441117824	S2-179127293,S2-838417642,S2-262373151,S2-652190465,S3-587769738
S1-441136344	S2-713387190,S3-714784749,S3-546300450
S1-441166910	S3-849085494
S1-441288315	S2-922291362,S2-739990531,S3-48918914,S3-311371223
S1-441520740	S2-402943826,S3-411043069
S1-441561213	S2-150774483
S1-441797705	S2-25695748,S2-942738175,S2-436531057,S2-167671479,S3-175604589
S1-441807409	S2-111710933,S3-30234165
S1-441812262	S2-171843583,S2-472845707,S3-593504087
S1-441884708	S2-134023185,S3-940505106
S1-441888981	S2-280042400,S3-600587464,S3-532761637
S1-441902584	S3-925359217,S3-313482576,S3-123532183
S1-441905651	S2-632569195,S3-90730617,S3-159311665
S1-441918725	S2-624132142,S3-698124896,S3-822561458
S1-441937858	
S1-441975656	S2-801135673,S2-278448021,S3-885447003,S3-699091330
S1-44207798	S2-760638992,S2-8612805,S3-964302515,S3-983079693
S1-44213761	S2-81397562,S3-690529451
S1-442150002	S2-937491839,S3-620209545,S3-549636541
S1-442330776	S2-563795001,S2-254243903,S2-931986345,S2-215569593,S2-977388051,S3-45110918,S3-332915587
S1-442357850	S2-536493079,S2-197446015,S3-625089501,S3-180507145
S1-442492700	S2-754116136,S2-186057702,S3-248935351,S3-913049977
S1-442514287	S2-292951045,S2-6364891,S2-188779618,S2-79416231,S3-147292863
S1-44259327	
S1-442593657	S2-345054116,S2-519310920,S2-254277480,S2-336500934
S1-442618805	S2-342687247
S1-442626999	S2-387100046,S3-716397328
S1-442665337	S2-143642069,S3-292813573
S1-442680279	S2-476127100,S2-413559534,S2-979286873,S3-68602819
S1-442708688	S2-615307011,S2-186447084
S1-442748475	S2-298450186,S2-686867570,S2-247246158,S3-940065212
S1-442878010	S2-367916598,S2-71294065,S2-789804332,S3-435343968,S3-853704674,S3-203156266
S1-442918876	S3-923754574,S3-650702634,S3-796246823
S1-442983931	S2-625713084,S3-6079937,S3-479074875,S3-811335137
S1-443026193	S2-4079506,S3-144585155,S3-764116986,S3-873770784
S1-443065907	S2-787130253,S2-51962894,S3-732846002
S1-443084796	S2-199818780,S3-690420444,S3-298942715
S1-443147786	S2-206973158,S2-305738823,S3-89498807
S1-443223737	S2-411624217,S2-995135644,S3-211763966
S1-443240128	S2-72108315,S2-27661675,S3-611883388,S3-418344587,S3-209782887,S3-936363469
S1-443285483	S2-622844634,S2-257480349,S3-745450954,S3-274449802,S3-844092260,S3-598709950
S1-44330714	S3-755637206,S3-244879992,S3-994478214
S1-443375340	S2-768596330,S3-841370095,S3-212503776,S3-996028546
S1-443592262	S2-47816710,S3-376083605,S3-535076059,S3-628381497,S3-242955136
S1-443666662	S2-357306659
S1-443686314	S2-377985536,S3-867318491
S1-443730875	S2-512958444,S2-15086249,S3-465703966
S1-443763885	S2-844092465,S2-720101370,S3-547900088,S3-137896612
S1-443837084	S2-515087996,S2-630011422,S2-126907484,S2-370474837,S2-4737604,S3-253722120,S3-142939359,S3-386257529
S1-443898214	S2-959712788,S2-500893858,S2-372565245,S3-888716087,S3-210407278,S3-343510853
S1-443920404	
S1-444029396	S2-407063876,S2-891138945,S3-351933151,S3-93487673
S1-444217920	S2-403817076,S2-706751767,S2-853677544,S3-906883879
S1-444243924	S2-402310361
S1-444270414	S3-551962827
S1-444438904	S2-489958411,S3-928961898,S3-662388031
S1-444449364	S3-61062675
S1-444519492	S2-489015205,S2-88595800,S3-504272298
S1-444561952	S2-938887556
S1-444568526	S2-431134573,S2-577796036,S2-406280941,S3-21057831
S1-444655313	S2-23381585,S2-994150942,S2-281475647,S2-812090772,S3-45168479
S1-444736165	S2-435397676,S2-821042490,S3-823922960,S3-617547085,S3-921126899
S1-444750044	S2-728301657,S2-682194102,S3-660907265
S1-44478494	S2-294923005,S2-238816874,S3-884303726,S3-806043990
S1-444875574	S2-251679623,S2-139653898,S3-770746448,S3-323687669
S1-444894761	S2-870342265,S3-294033868,S3-929325790
S1-444940705	S2-582036057,S3-313244382,S3-687048599,S3-747718018
S1-444952293	S2-872079805,S3-992916509
S1-44510106	S2-330565282,S2-611093071,S2-471631034,S3-422397249
S1-445161378	S2-525575735,S2-244559886,S3-482100957,S3-785845877
S1-445219484	S2-781587208,S3-899919676
S1-445239451	
S1-445368538	S3-682866887,S3-252272698
S1-445368564	S3-680278961,S3-402014235
S1-445420180	S2-332660606,S3-778234968,S3-561671994,S3-580888409
S1-445423850	S2-42007888,S3-999052650
S1-445424508	S2-792709822,S3-911765306,S3-260487239
S1-445444690	S2-721394693,S2-341076393,S3-290787039
S1-445474415	S2-430204704,S2-346441125,S3-363178315
S1-44549026	S2-608857114,S3-428773985
S1-445518235	S2-451063060,S2-740269763,S3-967230596,S3-611504
S1-445542053	S2-403409004,S2-849155917,S2-498736107,S3-288773846,S3-808501567
S1-445554363	S2-956413984,S2-95679048,S3-25857324
S1-445558732	S2-415005870,S2-797821503
S1-445581942	S2-101127471,S2-889530723,S3-641822763
S1-445681494	S2-483089573,S3-757384315,S3-942745942
S1-445683845	S2-931897495,S2-440426165,S3-415506383
S1-445689443	S2-856727508,S3-290195954,S3-577426400
S1-445715801	S2-516401601,S3-606076893,S3-356410825,S3-876341028,S3-999554720
S1-445753581	S2-783890595,S3-762651117
S1-445762477	S2-361367462,S2-646359903,S2-523025560,S2-754191322,S3-967784463,S3-969363247,S3-712662053
S1-445772334	S2-41019793,S3-125074584,S3-724922496
S1-445785560	
S1-445856724	S2-94894625,S3-543699117
S1-445863063	S2-974217638,S2-897534359,S2-744168298,S3-672022674,S3-46186943
S1-445879105	
S1-445940625	S2-366689138,S2-176652473,S2-669277857,S3-975297489,S3-428991091
S1-446006738	S2-804105407,S3-796418795,S3-400956757
S1-446098115	S2-640667896
S1-446136183	S2-970740312,S2-530714654,S3-519029498,S3-947422636
S1-44614977	S2-331184399,S3-308849126
S1-446212466	S2-231380571,S3-156289162,S3-605890027,S3-738103074
S1-446224015	S2-50853868,S3-186517447,S3-642577329,S3-185208855,S3-422206455
S1-446249845	S2-47458341,S3-680857037,S3-676241681,S3-148227833
S1-446355609	S2-378859732,S2-962735370,S2-565785845,S3-356731201
S1-446401989	
S1-446447968	S2-818914679,S2-218859583,S3-387219357
S1-446476440	S3-608760864,S3-131547019
S1-446508069	S2-966771542,S3-664659380,S3-283908769
S1-446550192	S2-101667157,S2-900384963,S3-684285974,S3-661278786
S1-446599799	S2-351676869,S2-864481142,S2-375498810,S3-126159267
S1-446707665	S2-945641923,S3-740233997,S3-755262763,S3-421217993,S3-30580658,S3-268665383
S1-446822352	S2-264036209,S2-223641182,S2-929108139,S2-475982006,S2-959056078,S3-440924814,S3-853163089
S1-446880683	S2-993821823,S2-598411910,S3-603968119,S3-419989135
S1-446883403	S2-620369682,S2-685575910,S3-699287914
S1-446896516	S2-692387494,S3-281369161,S3-598987930,S3-645274466,S3-285868102,S3-592581350,S3-669731714
S1-446945538	S3-108574576
S1-446945954	S2-847136161,S2-171110515,S2-227311472,S3-239114608,S3-58969911
S1-44696077	S2-310256416,S2-939395647
S1-446992617	S2-86468433,S2-620524223,S2-58538978,S3-424480615,S3-39093767
S1-447088708	S2-80776984,S3-854413855
S1-447211900	S3-562675290
S1-447317584	S2-313551500,S3-499718173
S1-447428779	S2-453740834,S3-942626122
S1-44758679	S2-122619687,S2-44610351,S3-340326825
S1-447603804	S2-476656564,S3-409492903,S3-204641924
S1-447607467	S2-454128302,S2-616458859,S2-412328030,S3-294242495,S3-530109558,S3-160550113
S1-447608079	S3-910638400
S1-447608936	S2-932065244,S3-151903335,S3-439955124,S3-962570006
S1-44761684	S2-185045114,S3-537283620,S3-51164001
S1-447641213	S2-59571051,S2-267990226,S2-461744696,S2-416968214,S3-848685186,S3-781178686
S1-447704298	S2-81623850,S2-194604286,S3-982272059,S3-977831246,S3-52267979
S1-447838173	S2-425571835,S3-646138686,S3-827021861,S3-917893962
S1-447922040	S2-147764095,S2-819473506,S3-723925025
S1-448013635	S3-974471170,S3-640066190,S3-980631588
S1-448026096	S3-798959600,S3-722070107,S3-698350293
S1-448400323	S2-391596874,S3-85058338
S1-448561328	S2-715580911,S2-375202343,S3-764286832,S3-316707394,S3-213782068
S1-448584114	S2-867287654,S2-171071676,S3-301818918
S1-448624058	S3-863665931
S1-448643566	S2-875800336,S3-456008972,S3-178138061
S1-448644199	S2-37651612,S2-676888611,S3-497308032,S3-412436999,S3-623054693
S1-448742888	S2-777473515,S2-916681984,S3-191344319,S3-254790568
S1-448781365	S2-249503884,S2-286473911,S3-653131822
S1-448836598	S2-295058616,S2-646933879,S2-107693815,S3-56475496,S3-467102524
S1-448845532	S2-813088447,S3-808415278,S3-344678397
S1-448903605	S2-993141979,S3-148243660,S3-376443994
S1-448954992	S2-746918311,S2-304594965,S2-523303198
S1-448989234	S2-657469914,S3-154865257
S1-449079597	S2-646408840,S2-461048893,S2-596253035,S2-612444889,S2-260605264,S3-177432095
S1-449112151	S2-486895500,S3-830868960,S3-533631476
S1-449115764	S2-56482686,S3-550467480,S3-550656805,S3-210227603
S1-449121580	S3-884819723
S1-449126066	S2-533685939,S3-43035081
S1-449281294	S2-62298267,S2-831140831,S2-118538315,S3-720238735
S1-449289046	S2-65366980,S2-259615095,S3-284643693
S1-449401951	S2-151607143,S2-184337160,S3-945834280
S1-449517499	S2-45801278,S2-2635241,S3-485572943,S3-243540481,S3-970259444
S1-449560671	S3-921380636,S3-528594497
S1-44963210	S2-695632233,S2-682596002,S2-348156532,S3-890649802
S1-44970187	S2-533400451,S2-819988885,S3-487082828,S3-488028561
S1-449736024	S2-300570068,S2-704082759
S1-449771302	S2-257227373,S3-352726441,S3-475166416,S3-218093104,S3-646646169
S1-449907803	S2-604761781,S2-509465759,S3-644209855
S1-449923445	S2-546509634,S2-248448272
S1-449954822	S2-369018294,S3-822858583,S3-861146243,S3-505379316,S3-164743828
S1-449965522	S2-100458715,S2-810366808,S2-582735570,S3-740000888
S1-450045783	S2-683542119,S2-394610615,S2-653879602,S3-645000515
S1-450073426	S2-302925855,S3-981299347,S3-780609134,S3-588777789,S3-398390312
S1-450084925	S2-268722085,S3-690249236
S1-450110929	S2-780076095,S2-491002883,S3-868999416,S3-977995956
S1-450225175	S2-109758640,S2-959912090,S3-72356839,S3-859721156,S3-260721090
S1-450268068	S2-950763422,S2-237216290,S2-294883208,S3-161459736
S1-450399413	S2-142159146,S3-59591861,S3-593301382,S3-316062019
S1-450402752	S2-405640782,S3-120068112
S1-450417175	S2-652921406,S2-468170139,S2-208638424
S1-450421958	S2-476771794,S2-234353398,S2-898562380,S2-735472461,S3-282315147
S1-450451467	S2-355613532,S2-67580151,S3-566718874
S1-450467708	S2-436429208,S2-984155724,S3-52164271
S1-450470274	S2-276562448,S2-873886266,S2-823373268,S3-309021978,S3-625980817
S1-450470799	S2-467408271,S2-180689946,S2-554672596,S3-725929873,S3-95114603
S1-450669199	S2-38745950,S3-211042028,S3-559518314,S3-490847948
S1-450808428	S2-218831416,S2-825562458,S3-696697208,S3-39524636,S3-921587524
S1-450858665	S2-456592788,S2-979927115,S3-266336926,S3-781197045
S1-450862132	S2-525297721,S2-379207998,S3-922535982,S3-990353897
S1-451006940	S2-981716607,S2-274953792,S2-25848758,S3-809781220,S3-14434341
S1-45104671	S2-159731839,S2-271743500,S3-472853054,S3-292335282,S3-629022481
S1-45119006	S2-313892426,S2-409089207,S3-510446146
S1-451229186	S2-783339204,S3-823795837
S1-451235262	S2-226901109,S3-145457750
S1-451297944	S2-745452711,S3-791609140,S3-663686635,S3-674981030
S1-451395857	S3-497665210,S3-518220508,S3-594514162
S1-451411780	S2-304105153,S2-970711089,S3-932173832
S1-451415546	
S1-451422168	S2-460243307,S3-6128683,S3-41893341
S1-451519823	S2-501274887,S3-65001518,S3-310920389
S1-451588477	S2-658827520,S3-863812532,S3-161023539
S1-451622917	S2-970162705,S2-561553491,S2-780164114,S3-990024571,S3-60687859
S1-451708066	S2-873448180,S2-385422229,S3-807540541,S3-814736043,S3-901812497
S1-451761453	
S1-451987208	S2-287002922,S3-803499879
S1-452000389	S2-235469215,S2-72280739,S2-845451411,S3-434803598,S3-476033225
S1-452072657	S2-968919806,S2-396417365,S3-819104634,S3-448113318
S1-452142668	S2-504217592,S2-898158585,S3-794618563
S1-452158326	S2-434006130,S2-446913518,S3-732606593
S1-45215946	
S1-452170261	S2-932728160,S3-808193072,S3-875914369
S1-452172101	S3-71358077
S1-452176772	S2-577687151,S3-799002367,S3-813029380,S3-859036319
S1-452290705	S2-432017161,S2-351997615,S3-641641134
S1-452390846	S2-927781616,S3-367807425
S1-452417535	
S1-452513495	S2-752479675
S1-452620608	S2-229921088,S2-80521407,S2-73413840,S3-171844211
S1-452673986	S2-388303469,S2-736991549,S3-306864940,S3-610098700,S3-436375871
S1-452723283	S2-817213590,S3-152314019
S1-452786501	S2-550031775,S3-263989340,S3-519867872,S3-947967004
S1-452789025	S2-630215988,S2-10930138,S2-929438076,S3-448278684,S3-669473210,S3-330921113,S3-574620291
S1-452875526	S2-262141971,S2-411610066,S3-988112573,S3-139761443
S1-453008462	S2-717247887,S2-705998311,S2-905825831,S2-154631297,S3-420211274,S3-248423423
S1-453041141	S2-780146287,S3-40193506,S3-668223808,S3-112817350,S3-590053312,S3-738420153
S1-453120292	S2-126566312,S2-593359678,S2-660450705,S3-665855783
S1-453263175	S2-511587646,S3-888830546
S1-453348002	S2-13064755,S3-892694609,S3-648483192
S1-453393706	S3-11141396,S3-457310054
S1-45363242	S2-139078334,S2-829923128,S3-406434899,S3-302451076
S1-453733425	S2-52806775,S2-741645481,S2-275594940,S3-587105077,S3-293574690,S3-356162005,S3-575645061
S1-453751842	S2-888994020,S3-15069905
S1-453766170	S2-394392033,S2-570292945,S3-93187344,S3-269163234
S1-453834650	S2-824482787,S2-40589848,S3-659657632
S1-454075639	S2-867628357,S2-512047120,S2-124157662,S3-18937960,S3-54953721
S1-4541228	S2-737309034,S2-829808360,S2-996125273,S2-200376559,S3-394052820,S3-788962957
S1-454129087	S2-276825214,S2-564215967,S2-393442559,S3-872411892,S3-434315882
S1-454193683	S2-951791196,S3-406784692,S3-743241125
S1-454200501	S2-230117721,S3-528909242,S3-85473290
S1-45450498	S2-250926073,S3-579956084,S3-81316950
S1-454591551	S2-763844560,S2-607934112,S2-587253831,S3-40241335,S3-48324217
S1-45459301	S2-5542402,S2-849703712,S2-891864697,S2-799265714,S3-201147674,S3-926734381
S1-454595911	S2-25947835,S2-697300692,S2-84793438,S3-939449558,S3-710755220
S1-454605068	S2-818590480,S2-778128720,S2-384304559,S3-398477582
S1-454612731	S2-821415746,S2-33719191,S3-971174789,S3-312831812,S3-641980245
S1-454649163	S2-552896148,S2-65251756
S1-454655814	S2-499350154,S2-131528398,S3-981398388,S3-322557126
S1-454688291	S3-379498407,S3-70075457
S1-454722946	
S1-454779487	S2-830868524,S3-139099537,S3-574411815
S1-454783036	S2-848574374,S2-436492000,S2-792049741,S2-451893939,S3-456072933
S1-454905092	S2-35514571,S3-988922988,S3-684211403
S1-455015633	S2-475108149,S2-296781428,S3-180425474,S3-393413795,S3-946941931,S3-492645305
S1-45503126	S2-225688340,S3-595499971,S3-125711545,S3-930671922
S1-455063085	S2-244079245,S2-719519699,S3-704460240
S1-455063322	S3-83889379
S1-455074274	S2-524329763,S2-191200249,S3-695281395
S1-455085117	S2-944901400,S3-589663054,S3-899387545,S3-210321319
S1-455185846	S2-424016739,S2-99755718,S2-343618394,S3-274410028,S3-817987396,S3-694206891
S1-455220242	S2-946825756,S3-41632082,S3-758522476
S1-455222139	S2-87126151,S3-306515397
S1-455253757	S2-300337033,S2-592172084,S3-746063023,S3-448643072,S3-274917938,S3-109807595
S1-455286324	S2-81409720
S1-455501951	S3-63460041,S3-96372949,S3-499913603,S3-241203122
S1-455505400	S2-74425987,S2-547516204
S1-455513043	S2-576555910,S2-429948914,S3-474790661
S1-455562059	S2-89268784,S2-338231310,S3-793182010,S3-745373168
S1-455611755	S2-981840620,S3-154035629,S3-93010156
S1-455645043	S2-305792014,S2-98251021,S3-956771443,S3-264972836,S3-444220371,S3-30181932
S1-455733938	S3-804980210
S1-455749943	S2-280444110,S2-352638660,S3-601018559,S3-953316506,S3-713961689,S3-561730992
S1-455938675	S3-910606490
S1-455968668	S3-765905071,S3-989373365,S3-811286356
S1-456038488	S2-736793700
S1-456041385	S2-229470998,S2-297718743,S2-881715535,S2-401468639,S3-340644153
S1-456086830	S2-757605137,S3-383701454,S3-445944380,S3-892102713
S1-456160990	S2-43794490,S3-870512486
S1-456186007	S2-245238460,S2-253584330,S3-346797115,S3-302183769
S1-456234070	S3-269427448
S1-456310774	S2-861433100,S2-842657103,S2-540198856,S2-464615924,S3-474578990,S3-729398401,S3-962607150
S1-456333170	S2-481764865,S2-8775689,S2-877802045,S3-850234066
S1-456427404	S2-345725843,S3-928215963,S3-718976159,S3-442326482,S3-922003653
S1-456447146	S2-705187325,S2-853016973,S3-937692845,S3-855683703
S1-456460527	S2-350282497,S3-129796533,S3-634145059,S3-918723127
S1-456519732	S2-918790370,S2-172889759,S2-367877820,S2-16929862,S3-197031907
S1-45672353	S2-650565374,S3-360500030
S1-456842391	S2-332787366,S2-46554533,S3-918418759
S1-456844867	S2-97697549,S3-160445835
S1-45694698	S2-196800225,S2-298553788,S2-438399025,S2-166134271,S3-559342405,S3-964887668
S1-456975490	S2-589529165,S2-683883978,S2-592241579,S3-390826817
S1-45701836	S2-210025845,S3-969368160,S3-253175667,S3-966103901,S3-626721075
S1-457055964	
S1-457099649	S2-810225147,S3-543601935,S3-254921424,S3-492208202
S1-457213935	S2-628023781,S2-963796315,S3-954096137
S1-457243415	S2-343740419,S2-588857397,S3-655523557,S3-640527760,S3-349595710
S1-457274785	S2-94270539,S3-961813404,S3-473641035
S1-457292295	S2-212775385,S2-792077118,S2-497539813,S3-448579144,S3-400388280
S1-457312949	S2-112071812,S3-763956645,S3-414477316
S1-45731591	S2-147472864,S2-184687512,S2-790377814,S2-546244009,S3-884377845
S1-457370586	S2-822456553,S3-124838541,S3-555230498
S1-457379676	S2-456632947,S2-537759072,S3-239479421
S1-457384854	S2-746729550,S3-476172749,S3-841339554,S3-846066361
S1-457416538	S2-807752938,S2-875040315,S2-115451328,S3-512575796
S1-457542554	S2-894955998,S3-805148813,S3-864379134,S3-783232662
S1-457570581	S2-190806876,S3-979282613,S3-465881859
S1-457583418	S2-685864112,S3-717049306
S1-457619387	S2-266902142,S3-896089274,S3-12015613,S3-300358650
S1-457646574	S2-899334931,S2-443968296,S2-30017149,S2-388245853
S1-457683588	S2-682785524,S2-48533567,S3-947183622
S1-457763771	S2-100018191,S2-985226348,S2-688708096,S3-546698408
S1-457879203	S2-801669158,S2-11846757,S3-178653119
S1-457898196	S2-73296132,S2-685650027,S3-500680279,S3-395245718,S3-665091611,S3-26061304
S1-457944386	S2-655854108,S2-973806916,S2-7655244,S3-147830541,S3-139747881,S3-902008043,S3-146293498,S3-351583545
S1-457982850	S2-359408372,S3-962773557,S3-985429653,S3-671066947
S1-458007346	S2-930671324,S2-581668319,S3-949485425,S3-169788829
S1-458061572	S2-907000242,S3-874722964
S1-458068028	S2-716369507,S3-594621603,S3-511399044,S3-385000746
S1-458110338	S2-431074506,S2-64011380,S3-537978239,S3-916561792
S1-458120913	S2-830785256,S2-597797092,S2-636532581,S2-956104003,S3-627462978,S3-635684386,S3-402130782,S3-281171552
S1-458171723	
S1-458342145	S2-135334701,S2-766887792,S3-259991716
S1-458351924	S2-147599504,S2-835139748,S2-163849540,S3-314082251
S1-458363141	S2-621474886,S2-343138883,S3-170248810,S3-429372365,S3-530310600
S1-458400230	S2-575316989,S2-295280046,S2-380242964,S3-103309638,S3-248441617,S3-34061193
S1-458408500	S2-922046566,S3-341719904
S1-458432976	S2-598211099,S2-227958474,S3-643359938
S1-458434936	S2-615988833,S2-631567620,S2-765770443
S1-458561547	S2-300316879,S2-499795706,S3-557895263,S3-361468757,S3-229403578
S1-458571304	S2-535499198,S2-216519597,S3-818381818,S3-773686610
S1-458582408	S2-209459260,S3-691422541
S1-458658960	S2-844156460,S2-195884914,S3-291371047,S3-287090784,S3-282476325
S1-458716325	S2-313609372,S3-981355431
S1-458732369	S2-101595211,S3-670152513
S1-458860054	S2-534186313,S3-879503455,S3-560786862
S1-458896754	S2-119228223,S2-790666158,S3-115030980,S3-502724755
S1-45890713	S2-937129185,S2-99763397
S1-458921703	S2-379606929,S2-514748192,S2-637632953,S3-762963910
S1-459154979	S2-848282664,S3-269444914
S1-459161902	S2-95780373,S3-980964149,S3-693428715
S1-459164188	S2-631204586,S2-452347796,S3-305116811,S3-26034214,S3-920659106
S1-459174835	S2-636593646,S2-490153685,S3-238177409,S3-801799252
S1-459223644	S3-368892395,S3-850717490
S1-459279914	S2-219764615,S3-383367396
S1-45935105	S2-69499054,S2-869948239,S2-129383256,S2-726410467,S3-253384451
S1-459404829	S2-629932375,S3-316375694
S1-459508638	S2-753959769,S3-37294394
S1-459552983	S2-636693553,S2-616962915
S1-459570104	S2-539550718,S2-877890804,S2-530280199,S3-967512441,S3-90719872
S1-459668968	S2-959063691,S2-272191426,S2-764511882,S3-980051880,S3-176458668
S1-459792243	S3-616461522
S1-459887132	S2-298218494,S2-913553824,S3-972456568,S3-808978157,S3-223287103
S1-459936079	S2-258013802,S3-578081658,S3-321101570
S1-459965321	S2-59176979,S2-673000796,S3-413770612,S3-250902388,S3-309778856
S1-46003579	S2-400876921,S2-607211549,S2-828283785,S2-965864038,S3-662588069
S1-460082998	S2-548230258,S3-171048262,S3-958332195
S1-460139937	S3-247193834,S3-504480617,S3-887864924
S1-460222832	
S1-460257706	S2-61965274,S3-268333149,S3-702935509
S1-460277938	S2-1336128,S3-178969714
S1-460284547	S2-368573311,S2-800067787,S3-185667507,S3-230009347,S3-683305558
S1-460302414	S2-629924782,S3-854392494,S3-441280794
S1-460342737	S2-922831062,S3-940708066,S3-240283520
S1-460390539	S2-295228338,S2-699304023,S3-96595761
S1-460488528	S2-312499170,S2-43191776,S2-777577345,S2-826393073,S3-803950616,S3-752524903
S1-460555182	S2-749133549,S3-351160754
S1-460568843	S2-260571081,S3-65643605,S3-108537412,S3-343207891
S1-460608896	S2-276515258,S3-41725110
S1-460727036	S2-213953865,S2-158930739,S2-927282495,S3-732903224,S3-427846193,S3-889384232
S1-460783499	S2-50012294,S2-508602353,S2-319577234,S3-123932848,S3-45123193
S1-460884813	S2-566201073,S3-576464250,S3-214215779,S3-817849575
S1-4609143	S2-144831059,S3-148508627,S3-26151957,S3-782890153,S3-115214268
S1-46098374	S2-939682597
S1-461030303	S2-639231395,S3-860069953
S1-461061971	S2-239738774,S2-880530849,S2-184048839,S3-26681213
S1-461144183	S2-415164117,S3-846430358,S3-526658156
S1-46114734	S2-240403679,S2-686221541,S2-778984688,S3-797281570,S3-67833886
S1-46116168	S2-925005363,S3-527382656,S3-129066555,S3-235648530
S1-461181050	S2-40345138,S3-303673974
S1-46128417	S2-442468794
S1-461342562	S2-512726062,S2-414697535,S3-349207089,S3-412135763,S3-268203795
S1-4613552	S2-724863216,S3-784301217,S3-798684504
S1-46137721	S2-973322752,S2-455342612,S3-356957373,S3-14390346
S1-461406341	S2-52340186,S2-96683019,S2-470537838,S2-220120239,S3-704938829,S3-905937788,S3-456545378,S3-224183040,S3-588525804
S1-461446240	S2-426044412,S3-552658417
S1-461762354	S2-368800894,S2-959915948,S2-844212352,S2-637521445,S3-800777437,S3-744231900
S1-461893674	S2-974767632,S3-8780043,S3-188763131,S3-226182197,S3-107666535
S1-461976004	S2-906763311,S2-12649210,S2-726040122,S2-881057125,S3-880911130,S3-5692420,S3-265955874
S1-461991320	S2-684000695,S3-934515785
S1-461997897	S2-204689139,S2-838585709,S2-977801744,S2-143528923
S1-462085041	S2-231305145,S3-380487318
S1-462089359	S2-364784155,S3-115741164,S3-895578127,S3-757717318
S1-462149066	S2-653916903,S2-994479915,S3-553848990,S3-119116660
S1-462165641	S2-638241631,S3-786913852,S3-401340014
S1-462223675	S2-260683450,S2-740395616,S3-842065496,S3-752452274
S1-462414882	S2-161126129,S2-58071859,S3-679904487
S1-462501976	S2-212416204,S2-527475286,S2-780905656,S3-706307160
S1-462505002	S2-978711031,S2-455327764,S3-942836301,S3-74275711
S1-462662292	S2-60994020,S2-932003278,S3-199622447
S1-462683963	S2-476979557,S2-120706796,S2-726025584,S3-213568624,S3-825177631,S3-109275017,S3-60516492,S3-660881573
S1-462714157	S2-54889711,S3-452927633,S3-41893949,S3-469912140
S1-462725005	S2-706830320,S2-935127752,S3-66433347,S3-218470597,S3-447827088,S3-897189542
S1-462732159	S2-277264279,S3-837441303,S3-73537065,S3-86317283,S3-684990560
S1-462738013	S2-640480410,S2-739757486,S3-841750148,S3-925688793,S3-219358062
S1-462751764	S2-550409538,S2-932018495,S2-433518560,S3-623435046,S3-285687247
S1-462783047	S2-280293170,S2-519612763
S1-462793915	S3-566258819,S3-895244438,S3-337035254
S1-462823803	
S1-462842638	S2-385948308,S3-788164060
S1-462844245	S2-90570729,S3-382560774,S3-384203434,S3-388521204
S1-462847619	S2-73911077,S3-794581553
S1-462866127	S2-571073076,S3-202290618,S3-686934243
S1-463036801	S2-999312450,S3-166064063,S3-763742432,S3-380253150
S1-463064074	S3-731189738,S3-185768871
S1-463119070	S2-826434316,S2-548896301,S2-126851966,S3-727815930,S3-464013894,S3-327100258
S1-463204962	S2-161468588,S3-220364489,S3-570689152
S1-463414036	S2-863409598,S2-265908088,S2-942467177,S2-257912636,S3-374557521
S1-463518935	
S1-463541970	S2-534142443,S3-11374181,S3-982391183,S3-690274235,S3-901458160
S1-463683805	S2-418759271,S3-48280109,S3-517443997,S3-49734279
S1-463708813	S2-121505331
S1-463712100	S2-390039723,S2-270250246,S2-835175039,S3-854451200
S1-463715	S2-872388081,S2-399149640,S3-589711661,S3-559395682,S3-317691862
S1-463769298	S2-54427052,S3-575231833,S3-164784831
S1-463815053	S2-578752929,S3-391417702
S1-463869381	S2-285336819,S2-623041325,S2-487323670,S3-890357742
S1-463923977	S2-41071537,S2-48107540,S3-714601503,S3-154805524
S1-46398176	S2-990176418,S2-64164751,S2-239693720,S3-541168602,S3-43170362
S1-464117467	S2-527570670
S1-464203209	S2-891085365,S2-839062078,S3-697756363,S3-127882959,S3-834091069
S1-464229864	S2-342830844,S2-367264997
S1-464291245	S2-574088716,S2-374357097,S2-763286807,S3-399659496
S1-464353211	S2-841027900,S3-635054497,S3-728840297
S1-464410600	S2-841711036,S3-398786257,S3-913047261
S1-464710027	S2-183187638,S3-167047172
S1-464713139	S2-606859852,S2-289529608,S3-801519955,S3-740046636,S3-819045257,S3-935156100
S1-46482199	
S1-464822815	S2-930823153,S2-610657827,S2-457094927,S2-957325023,S2-189499133,S3-926015531,S3-245469135
S1-464848781	S2-290694964,S2-220757720,S3-753369348
S1-464855357	S2-557135038,S2-475028893,S3-736328336,S3-479367963,S3-254728316
S1-464989338	S2-574508294,S2-334836096,S3-40179283
S1-464995313	S2-323389813,S2-927186395,S2-49314234,S3-938151261,S3-451304296
S1-465031041	S3-637941519
S1-465036841	S3-165897598
S1-465112481	S2-821610668,S3-971059412
S1-46513209	
S1-465160080	S2-573919984,S2-99787196,S2-356301070,S3-679337798,S3-580164797
S1-46518951	S2-575749306,S2-496593939,S3-602170166,S3-410114236,S3-649445311
S1-46520731	S2-639737421,S3-175400597,S3-702325923
S1-46529420	S2-416196490,S2-620711477,S3-138999559,S3-207704912
S1-465325886	
S1-4653382	S2-346471339,S2-330639923,S2-847076562,S3-649378656
S1-46543241	S2-689398651,S3-508893178,S3-914554865,S3-678184605
S1-465447067	S2-159940234,S2-294877409,S2-434049289
S1-465480459	S2-418337678,S3-902785157,S3-363194059,S3-587610585
S1-465511379	
S1-465629094	S2-226075556,S3-297572014,S3-77207813,S3-138386487
S1-46567804	S3-789461857
S1-465734081	S2-800137163,S2-893336476,S2-94558738,S2-906384969,S3-824149315,S3-331292924,S3-522902218
S1-46574854	S2-995514304,S2-973966969,S2-129390275,S3-467214456,S3-240212554
S1-465806637	S3-917307922,S3-652592218
S1-465817009	S2-911134483,S2-389243665,S3-143770254
S1-465845199	S2-567323501,S2-810630665,S2-906586368,S3-176857952,S3-248194056
S1-465855942	S2-411223650,S2-221920037,S3-386482395
S1-465888561	S2-549033110,S2-7874802,S3-72609350
S1-465927809	S2-994351651,S2-969750779,S2-930575893,S3-685008907,S3-722668986
S1-466238359	S2-409899258,S3-970430826,S3-444077710
S1-46624907	S2-711138260,S2-654066515,S2-61076085,S3-18841325,S3-805443535,S3-486403168,S3-297594953,S3-6260870
S1-466478838	S2-873678920,S3-481545059,S3-691955686,S3-5646255
S1-466626489	S2-40149162,S2-997604277,S3-748614997,S3-256064720,S3-161851677,S3-512354004
S1-466650041	S2-236651522,S2-352776914,S2-173914967,S3-785663138,S3-76893957,S3-587408716
S1-466660472	S2-579527121,S2-692208098,S3-768468388,S3-657206633
S1-466661102	S2-326828735,S2-931507659
S1-466661397	S2-502485953,S2-226552758,S2-363097953,S2-316182215,S3-274307381
S1-466724378	S2-808710711,S2-919242909,S3-323967010,S3-64867977
S1-466963472	S2-883537549,S2-534444137,S2-24944329,S3-960798549,S3-205046672
S1-467035374	S2-969982865,S3-73818467
S1-467046125	S2-119366967,S2-626194169,S3-580627090,S3-71335111
S1-467111107	S2-844548293,S2-640080392,S3-85195569
S1-467278663	S2-223502489,S2-788718246,S3-878768012,S3-892154552
S1-467306819	S2-375146142,S3-385494454,S3-994645589
S1-46737571	S2-637477470,S3-255994761
S1-46742100	S2-385478086,S3-550278978,S3-75492685
S1-467481327	S2-920300387,S2-661322373,S2-807214497,S3-709638613,S3-164676047
S1-467514696	S2-961978832,S2-177295085,S3-422591610,S3-535627106,S3-742061099,S3-954715477,S3-652754930,S3-908312091
S1-467565509	S2-359497272,S3-399403622,S3-284470683,S3-151066119
S1-467663512	S3-762208214,S3-767909711,S3-661080368
S1-467677850	S2-334060485,S2-49657605,S2-185535295,S3-580156843
S1-467694005	
S1-467706762	S2-328571961,S3-212527702
S1-467735372	S3-494369081,S3-373631313
S1-467772722	S2-988777561,S2-195827924,S2-151022824,S3-452966844,S3-404021303
S1-467806684	S2-80451720,S3-226076096,S3-272320222
S1-467909913	S2-959255587
S1-467914623	S2-193010498,S3-551294359
S1-468039901	S2-378863013,S3-180542761,S3-340152149,S3-78594472,S3-517650384
S1-468133039	S2-431993732,S2-7689770,S3-31521221
S1-46819127	S2-402103833,S2-591311761,S2-988684755,S2-7488556,S2-762340717,S3-575115687
S1-468461684	S2-429045520,S2-165987917,S3-322247857,S3-165362667,S3-331791236
S1-468489432	S2-71090543
S1-468493298	S2-341705377,S3-25747776,S3-689792339
S1-468493315	S2-251100174,S2-975130438,S3-973343450,S3-471460695,S3-301627183
S1-468497379	S2-29672824,S2-242024280,S3-536124044,S3-508934544
S1-468594265	S2-331334439,S3-624707084,S3-806861168
S1-468635415	S2-303663399,S2-213292728,S3-164829811,S3-400557707,S3-335758618
S1-468762574	S2-525829425,S3-715392823,S3-990680080,S3-424276803,S3-942622406
S1-46877968	S2-961223927,S2-77302591,S2-431563226,S3-443046345
S1-468790917	S2-510903266,S2-334886428,S3-512455544,S3-127808536,S3-830579942
S1-46892852	S2-425799511,S3-876502266
S1-468946592	S2-153199521,S3-209997338
S1-468950979	S2-204524804,S2-429304236,S2-953799131,S2-169096435,S2-92372432,S3-242919364
S1-468988305	S2-969951379,S2-298605033
S1-468992959	S2-228343504,S2-504014691,S2-745407137,S3-237426717
S1-469134294	
S1-469226379	S2-86543574,S3-760168018,S3-130720902,S3-555181271
S1-469232390	S2-910084867,S2-649573718,S3-478592982
S1-469245220	
S1-469258929	S2-289498443,S3-485541101
S1-469270695	S2-645922032,S2-43183681,S3-569233714
S1-469272800	S3-484313020
S1-469298718	S2-268094558,S3-70841655,S3-237299826
S1-469357722	S2-310672840,S2-202547373,S3-674519211,S3-804284014,S3-385095681
S1-469399047	S2-872251546,S2-362296976,S3-25949247
S1-469432632	S2-27080005,S2-167467308,S2-793691920,S2-429186541,S3-895779911,S3-558483848,S3-85788482,S3-655323400
S1-469483993	S2-406172929,S2-127962533,S3-34367988,S3-440506498
S1-4694900	S2-570538108,S2-244414446,S2-605037314,S2-724017202,S2-586783096,S3-986311219,S3-223619107
S1-469520652	S2-511572915,S3-92356520,S3-627381437
S1-469563310	S3-992705223,S3-960184750
S1-469599356	S2-535766562,S2-336705534,S3-944820008,S3-700321526,S3-506985113
S1-469669163	S2-405038427,S2-56251754,S2-995332617,S3-913587485
S1-469754508	S2-726854467,S2-134850802,S2-333953865,S3-778241816
S1-469872899	S2-782729374,S3-516400097
S1-469881447	S2-731304747,S2-304832264,S3-749084344,S3-958236758,S3-543839569
S1-469943108	S2-206215397,S3-192208653,S3-105301376
S1-469971776	S2-961329934,S2-929249671,S3-298501762,S3-436149774
S1-469982080	S2-63330303,S3-359925316,S3-906780180
S1-470086029	S2-201718589,S2-295019574,S3-979124385
S1-470223278	S2-933348920,S2-193193896,S2-759968691,S3-869600588,S3-652729431,S3-22806249
S1-470273087	S2-254427457,S2-203844137,S2-393897950,S2-754584506,S2-505008933,S3-13987271
S1-470462626	S2-400782038,S2-966457153,S3-778497243
S1-470466899	S3-433910244
S1-470526542	S2-368232710,S3-530947013
S1-470539098	S2-618825477,S2-121479818,S2-112300318,S3-706234482,S3-527369234
S1-470619733	S2-490072467,S2-481762200,S2-216635758,S3-335555384,S3-624794074,S3-106246139,S3-490179040
S1-470639719	S2-672375238,S2-938458024,S3-571868319
S1-470649805	S2-631431445,S3-744349091,S3-14253145,S3-151695717,S3-942904413,S3-703138861
S1-470711102	S2-100296126,S3-658377604,S3-25086099,S3-579792638
S1-470739150	S2-287978034
S1-470829952	S2-483015691,S2-930240537,S2-260985560,S3-338906649
S1-471068700	S2-964339436,S2-556445877,S2-239128999
S1-47107495	S2-903577096,S2-584122079,S3-330300113,S3-503538905,S3-386140646,S3-557614542
S1-471099799	S3-552407376,S3-64778021,S3-303482880
S1-471146651	S2-573853630,S3-49393527
S1-471148785	S2-510055457,S3-98015936
S1-471259250	S2-903145671,S2-945314380,S3-866774710,S3-694137793
S1-471300009	S2-950585297,S2-927084165,S2-508745767,S3-763404195,S3-644555283
S1-471417024	S2-827740787,S2-456936042,S3-753956477,S3-755212677
S1-471508996	S2-271390560,S2-132950385,S3-664384456,S3-583930403
S1-47157678	S2-233858633,S2-383338430,S2-569302648,S3-589571035
S1-471727959	S2-614088725,S2-448885269,S3-906798396,S3-193450689
S1-471741455	S2-358896123,S2-186530173,S2-600895226,S3-220743635
S1-471795320	S2-590282130,S2-724524339,S2-931123489,S3-640168352
S1-471874926	
S1-471949625	S2-88255792,S2-378274281,S3-180525785
S1-472015566	S2-853213710,S3-5013307,S3-624791137,S3-524287086,S3-682803022
S1-472044012	S2-528294730,S2-813059554,S2-404182641,S3-657811598
S1-472064900	S2-166222632,S2-479271716,S2-545607651
S1-472065954	S2-787611983,S2-536281096,S3-587164633,S3-789564449
S1-47210743	S2-786546453,S2-523698684,S2-583884267,S3-268490114
S1-472128812	S2-62858172,S3-679548736
S1-472289156	S2-837006573,S2-448104880,S2-34901473,S3-847073957
S1-472444827	S2-682090704,S2-354352283,S2-685353487,S3-40288659,S3-634331726
S1-472488672	S3-809181551,S3-497524516
S1-472595258	S2-187826576,S2-421424716,S3-310517225
S1-472731939	S2-698758699,S3-722300625,S3-236363216
S1-472828702	S2-48568263,S3-730448417,S3-853957603
S1-472831181	S2-302503461,S2-77245972
S1-472997125	S2-33257595,S2-724472051,S2-986425953,S3-985981180,S3-484966235,S3-913692113
S1-473008030	
S1-473074441	S2-834830934,S3-862154183,S3-24117797
S1-473157033	S2-983547407,S2-64986975,S2-277432648,S2-680507766,S3-514825207,S3-753532110,S3-895642195,S3-519284614,S3-407450083
S1-473192544	S2-266213265,S3-905297413,S3-370510334
S1-473212524	S3-338117341
S1-473212870	S3-760553805
S1-473309448	S2-65314213,S2-985332576,S2-272543320,S2-886511313,S3-273149962,S3-562681878
S1-473412982	S2-540995357,S3-620553962,S3-232359439,S3-222586297,S3-818365157
S1-473432413	S2-307729899,S3-346438613,S3-485088421
S1-473455789	S2-626228756
S1-473603574	S2-150705816,S2-544439593,S3-949392744,S3-637288618
S1-473608942	S2-930011271,S3-748705487
S1-473631474	
S1-473677551	S2-201071644
S1-47369375	S2-486197195,S3-171023704,S3-397471070,S3-836150385
S1-47376308	
S1-473775484	S2-189498737,S2-37014404,S3-690180833,S3-459599356,S3-469492853
S1-47378103	S2-807487463,S2-991260593,S3-849027014,S3-700362521,S3-844969312
S1-4737941	S2-826977614,S2-429264430,S2-161141664,S3-667350808
S1-473853891	S2-206054282,S2-79082668,S3-56548051,S3-962674828,S3-648832320,S3-425803971
S1-473857185	S2-499879776,S2-366093814,S3-698564259
S1-473904912	S2-751912951,S3-511291268
S1-474055844	S3-12855558,S3-19432613,S3-199429038
S1-474439221	S2-529333843,S3-556047827,S3-516491770
S1-474478028	S2-881745798
S1-474493507	S2-556643557,S2-151202303,S2-598224743,S2-949222393,S3-762532041
S1-474501533	S2-223536351,S2-188517825,S3-141458039
S1-474520209	S2-925421357,S2-474435332,S2-386148209,S3-402291194
S1-474559160	S2-619671315,S3-16649853,S3-732910358
S1-474624047	S3-174044445
S1-474697150	S2-100001026,S2-872875332,S2-95909897,S3-832840992
S1-474732644	S2-46826281,S3-494218256,S3-125696724
S1-474735352	S2-290392860,S2-89605790,S3-124590582
S1-47474408	S2-596624148
S1-474745297	S2-238748199,S2-662622706,S3-548337526,S3-929165427,S3-943074868,S3-373785723
S1-47477653	S2-929735668,S2-39144369,S3-185758380,S3-782867057,S3-990590521,S3-219921120
S1-474983089	S2-414947267,S3-292986734
S1-475083187	S2-583754643,S2-752831096,S3-716415849,S3-697709959
S1-475120111	S2-107218957,S2-3737353,S2-79892815
S1-475133240	
S1-475352227	S2-593655018,S2-191261210,S2-140887417,S2-641000841,S3-507583308,S3-630877664,S3-709731143
S1-47536775	S2-598027087,S3-453260650,S3-863502919,S3-318085142
S1-475479814	S2-311160773,S3-217521943,S3-382333489,S3-764518626
S1-475535417	S2-418067796,S2-360723163,S3-66045966,S3-770912711,S3-648777022
S1-475677372	S2-232761030,S2-216977765,S3-230886801,S3-963558180
S1-475711190	S2-785474850,S3-504409051,S3-938000011,S3-137593910
S1-475731690	
S1-475746450	S2-945434691,S2-419565293
S1-475811989	S2-120144373
S1-475825637	S2-930446216,S2-773976572,S3-80552383
S1-475846886	S2-276655180,S2-845516407,S3-312475570,S3-583158940
S1-475912859	S2-951846668,S2-831999123,S3-129111299,S3-955856126,S3-126096219
S1-475989967	S2-130322301,S2-123068794,S2-228023672,S3-10954529,S3-709138219
S1-476175155	
S1-476398479	
S1-476418286	S2-772878057,S2-131770291,S3-876694012,S3-975022588,S3-79357751
S1-476455957	S2-655386851,S2-265251183,S2-668992123,S3-471980116
S1-476489864	S2-748766304,S2-805617398,S2-182570809,S3-93687249,S3-588021794
S1-476561538	S2-353678322,S2-708394774,S2-215665793,S3-80568726
S1-476609312	S2-914607354,S2-817945854,S3-566316935
S1-476632836	S3-318017177
S1-476758706	S2-316514938,S2-883865826,S2-611136105
S1-476958127	S2-150156257,S3-512659909
S1-476980398	S2-116082795
S1-477083182	S2-470136687,S2-776204977,S3-284833664,S3-592457583,S3-296914419
S1-477103637	S2-698145536,S2-596139,S3-21249567
S1-477104105	S2-206124782,S2-748212255,S2-451405004,S3-344081057,S3-948830991
S1-477169373	S2-578041000,S2-339764911,S2-286703548,S3-76822478,S3-347972291,S3-243451556,S3-860491023
S1-477237011	S2-12410783,S3-807289246
S1-477325416	S2-555432021,S3-86797561,S3-811825154,S3-774624595
S1-477381544	S2-452060465,S2-457659948,S3-942742585,S3-336696540,S3-155181065,S3-736997402,S3-100137000
S1-47742218	S2-886756629,S2-406748338,S2-897826407,S3-606299774
S1-47742876	S2-145589567,S2-898333179,S3-671045604
S1-477451186	S2-672972355,S2-595741013,S3-988713208,S3-783537063
S1-477473580	S2-599601452,S2-361292315,S2-987614902,S3-557428893,S3-45055024
S1-477531556	S2-304088067,S2-865014345,S3-456076266,S3-97412325
S1-477678237	S2-314248599,S3-590768784,S3-888434620
S1-477679956	S2-37016448,S3-228239886
S1-477738794	S2-650779869,S3-828185624
S1-477750046	S2-35580520,S2-589820511,S3-997964405,S3-530020259
S1-47776402	S2-877689195,S3-451152018,S3-257367138,S3-468168328
S1-477867445	S2-125565346,S3-327539165
S1-477910274	S2-403626033,S3-288126515,S3-763691563
S1-477921591	S2-318372073
S1-478008374	S3-95040172,S3-143147213
S1-478027934	
S1-478160409	S2-987827796,S3-445372484
S1-478186435	S2-227782523,S2-896411451,S3-324655912
S1-478354056	S2-257048404,S2-972692106,S2-868580335,S2-208538249,S3-521238796,S3-153012597
S1-478493909	S2-394605524,S3-55050847
S1-478627967	S2-394323862,S2-458231969,S2-18243718,S3-939464334,S3-206920442,S3-375329302
S1-478786235	S2-698783626,S2-132028232,S2-154487613,S3-555997653,S3-612527236
S1-478860494	S2-984970993,S3-430216208,S3-307125348,S3-863383166
S1-478940703	S2-699600548,S3-904451260
S1-479124182	S2-393200616,S2-198801813
S1-479131909	S3-562358814,S3-868239972,S3-655767592
S1-479237726	S2-938639652,S2-272776879,S2-9841843,S3-39080915,S3-395769700
S1-479299152	S2-696609257,S2-201724944
S1-479312070	S2-509380283,S2-539976384,S3-116592917,S3-491580506,S3-688024779
S1-479358352	S2-571796738,S3-956914226,S3-930156735,S3-50393408
S1-479471705	S2-928655843,S3-976925554,S3-920374268,S3-926629178,S3-493683138
S1-479499953	S3-201223128,S3-450268897,S3-784167893
S1-479519	S2-633740696,S3-204364329
S1-479576790	S2-609454731,S3-451187029
S1-479616286	S2-9870180,S2-42737277,S2-598659888,S2-65620322,S3-159537675
S1-479726162	S3-333990763,S3-409597019
S1-479782225	S2-545656063,S2-957418319,S3-331612245
S1-479908709	S2-396046463,S2-525998027,S3-138310168
S1-48018170	S2-952447090,S2-165381739,S3-245021700
S1-480276582	S2-623054826,S2-839416896,S3-491604731,S3-858315940
S1-480298282	S2-925102369,S2-2268905,S2-988318292,S2-294072575,S2-197627427
S1-480389160	S2-614675228,S2-713802013,S2-210985518
S1-480517103	S2-960222088,S3-690094842,S3-88372697,S3-458128939
S1-480562518	S3-29287865
S1-480571368	S2-573559898,S3-874467534,S3-968889720,S3-255416785
S1-480603293	S2-533506173,S3-569962116,S3-410034710,S3-575085548
S1-480675045	S2-705329015,S2-578250253,S3-601988567,S3-98932630
S1-480701161	S2-836685541,S2-347589936,S2-615194846,S2-934788119,S3-81466120
S1-48078369	S2-616773927,S2-530739707,S3-282718892
S1-480797960	S2-411770232,S3-313660460,S3-260596831,S3-770350154
S1-480878340	S2-579776162,S2-861652500,S2-577325530,S3-908974911
S1-480914422	S2-397359745,S2-128717765,S2-965425714,S3-748798999,S3-690604893,S3-579359602
S1-480959051	S2-741083987,S3-968773863,S3-410170876
S1-480968472	S2-338553273,S2-480956234,S2-181969467,S2-464387540,S3-939077387,S3-805714973,S3-580495096
S1-481047510	S2-776187729,S2-475292015,S3-197409907,S3-153506479
S1-481081366	S2-512522482,S2-517059516,S3-730884715,S3-606449761,S3-132493339
S1-48109210	S2-843509292,S2-197032208,S3-586755516
S1-481122150	S2-427767246,S3-496493014,S3-575133022
S1-481122935	S2-768847820,S2-134743464,S3-387588775,S3-824324475,S3-118378438
S1-481131599	S2-993683013,S3-302402398,S3-548578708
S1-481145028	S2-1182582,S3-454815055,S3-819568623,S3-579967290
S1-481157992	S2-467817695,S2-363921920,S2-22724407,S2-397877572,S3-438601628
S1-481211669	S2-59035893,S3-837153936
S1-481222281	S2-393568122,S2-888206961,S3-474258324,S3-433333853,S3-269375180,S3-886170008
S1-481282920	S2-483282357,S3-477444801
S1-481458620	S2-700417573,S2-96666838,S2-67916980,S3-405671533,S3-802811498
S1-481471884	
S1-481650318	S2-75150129,S2-270861457,S2-802045274
S1-481652171	
S1-481805907	S2-693334395,S2-159540117,S3-606543128,S3-650995170,S3-3663264
S1-481820450	S2-529688074,S3-962035288,S3-625846694,S3-479071115
S1-481907051	S2-552932232,S2-853904625,S3-195475311,S3-406846947
S1-481961619	S2-727515665,S2-853786960,S3-487452923,S3-875663238
S1-481968215	S2-335752459,S2-196219528,S3-295959811,S3-542569798,S3-666112289
S1-48213005	S2-557571646,S2-111876626
S1-482235751	S2-706619576,S2-271633829,S3-450257064
S1-48227711	S2-267981486,S2-289034847,S3-106045124,S3-407403945,S3-324386633
S1-482330230	S2-718117232,S2-6943453,S2-255271320,S2-30979529,S2-526502769,S3-745615491
S1-482338745	S3-137964938
S1-482344828	S2-450923369,S3-451908980
S1-482377280	S2-144738062,S2-547157404,S3-303194027,S3-757763576,S3-544327269
S1-482388115	S2-384602283,S3-741392933,S3-448148988
S1-482459924	S2-105839621,S2-291661122,S3-589616868,S3-621601477,S3-531534833
S1-482467660	S2-818264576,S2-886849447,S2-982940921,S3-448646010,S3-656007532
S1-482468233	S2-683423437,S3-774169502,S3-866311295
S1-482497895	S2-678018333,S2-737414712,S3-308374826,S3-9889530
S1-4825178	S2-950895750,S2-198310604,S3-125122588,S3-983352533
S1-482548106	S2-751518878,S2-621822869,S2-758793671,S3-257246496,S3-326378008
S1-482549025	S2-773829815,S3-699471979,S3-61389514
S1-482698081	S2-898664480,S3-77265298
S1-48271898	S2-170275635,S2-677647483,S2-210101912,S3-977142402
S1-482759570	S2-213076795,S2-824407097,S3-212745769
S1-482780853	S2-466029663,S3-701305399,S3-798608650
S1-482835844	S3-208392280
S1-482914361	S2-332997944,S3-223788525,S3-663590052,S3-201638822
S1-482979195	S2-430151981,S3-446159705,S3-571846945
S1-483027368	S2-500499892,S2-888552974,S2-630497210,S3-60112989,S3-389035512
S1-483066174	S3-385466360,S3-724512543
S1-483082985	S2-684872429,S2-687163451,S2-775997529,S2-42255496,S2-970093530,S3-213832707
S1-483092539	S3-417792869,S3-24133623,S3-278684224
S1-483125210	S2-860567865,S3-397536751,S3-5452223
S1-483140265	S2-994239156,S3-882520667,S3-943729714,S3-526972036
S1-483149770	S2-32819343,S2-580898190,S3-334800808
S1-483163976	S3-57186978,S3-445788829
S1-483198058	S2-493936991,S3-328154227,S3-63030360,S3-348020834
S1-483281686	S2-440029980,S2-676633118,S3-311797138,S3-286654907
S1-483358056	
S1-483360519	S2-388545267,S2-952194929,S3-454444253,S3-27364465
S1-483512245	
S1-483658300	S2-275964276,S3-916041946
S1-483948841	S2-336718366,S2-188828356,S2-407534108,S3-900300674
S1-483975047	S2-633666787,S3-846118349
S1-484015634	S2-917501586,S3-279621891,S3-418968273,S3-38191247,S3-531181435,S3-785281473,S3-263517755
S1-484025977	S2-965659235,S2-719397237,S3-334446843,S3-91354497
S1-484064628	S2-857757652,S3-270756891
S1-484076949	S2-379954939,S3-556052286,S3-924317099,S3-461720406,S3-95766375
S1-484079435	S2-188466353
S1-484086648	S2-659876370,S3-151546413,S3-606289084,S3-372500086
S1-484091818	S2-206920660,S2-361929561,S3-842361219,S3-993674140
S1-484151168	S2-792554971,S2-434305126,S3-57670671,S3-177905619
S1-484182135	S2-970768897,S2-983410630,S2-628372286,S3-546945962,S3-950282423,S3-27218690
S1-484202599	S2-551717662,S2-998540693,S3-543577497
S1-484212911	S2-856647297,S2-665852285,S3-289340183,S3-478052571,S3-791425186,S3-410329677,S3-390870115
S1-48424071	S2-453857228,S3-263618872
S1-484292246	S2-352051253,S2-343835038,S2-672054666,S3-995688488
S1-484340458	S2-448264724,S3-425268534,S3-782552591
S1-484346264	S2-176334251,S2-794080267,S3-126428344
S1-484375269	S2-108250840,S3-244982954,S3-946278205
S1-484535417	S2-192819648
S1-484614962	S2-310222439,S3-721516839
S1-484734987	S2-663415920,S3-359253450
S1-484753596	S2-726302930,S2-993742463,S2-176443638,S3-479318018,S3-438157370
S1-484759778	S2-575457745,S3-135831942
S1-484780802	S2-583407051,S2-295289959,S2-229172309,S2-539954402,S3-758894641,S3-453575451,S3-689368953,S3-766820226
S1-484886923	S2-254906564,S2-400966506,S3-531598351,S3-174246627
S1-484894197	S2-847573263,S2-692479086,S2-895912732,S2-582142679,S3-2154426,S3-41515698
S1-485099592	S2-159807937,S2-314656098,S3-290011292
S1-485205379	S2-997475190,S3-877472960
S1-485222405	S2-155180902,S3-76193011,S3-283437409,S3-179578125,S3-603664,S3-610257607,S3-785570417
S1-485237051	S2-128462331,S2-439459392,S2-602732110,S3-423733675
S1-485304110	S2-388441618,S3-675512075,S3-140475494
S1-48535205	S2-723687826,S2-73481460,S3-309555860,S3-355596239,S3-736061057
S1-485380405	S2-762342615,S2-601806311,S3-993535829,S3-791979885,S3-188802855,S3-614979446,S3-23029872
S1-48538849	S2-513089129
S1-485421967	S2-683216754,S2-605089611,S3-643404862,S3-42856171,S3-111818749
S1-485571921	S2-469253423,S2-11682995,S3-276847105,S3-17398334,S3-120812334
S1-485576267	S2-32164760,S3-711227451
S1-485646408	
S1-485746990	S2-956724709,S3-166758586,S3-352470723
S1-485839990	S2-821916598,S2-76295997,S3-160384300,S3-280641422,S3-676505781
S1-485850997	S2-525307039,S3-941066522
S1-485856161	S2-526323882,S2-97470503,S2-552980104,S3-332915222,S3-187884041
S1-48585730	S2-493679379,S2-943576309,S3-329754857,S3-856883757
S1-485903929	S2-915771954,S3-963350358,S3-315878407
S1-48603222	S3-12309428,S3-382048636,S3-45686770
S1-486098361	S2-724166752,S3-44988274,S3-252883434
S1-486281528	S2-823490322,S3-609988564
S1-486282244	
S1-486294733	S2-419910949,S2-961586950,S3-975081243,S3-502095392,S3-879819813
S1-486352771	S2-513203624,S2-513427012,S3-516962791
S1-486371003	S3-848874824
S1-486408772	S3-252670061,S3-281526930,S3-619428098
S1-486420948	S2-806448450,S3-931522509,S3-256177679
S1-486427631	S2-625063407,S2-360248144,S2-125687785,S2-506352254,S3-761615061,S3-840729356,S3-801509080
S1-486440234	S2-588598421,S2-966169451,S2-88033690,S3-316084612
S1-486482578	S2-233725527,S2-713952739,S3-814021760
S1-486581962	S2-568293317,S2-174321737,S2-354210448,S2-205292029,S2-695341073,S3-952925236,S3-634335839
S1-486611024	S2-667866527,S2-240292042,S3-877692941
S1-486648272	S2-519148934,S2-219412278,S3-478492044,S3-890663936
S1-486652201	S2-824730053,S2-509634785,S3-995254,S3-678084156
S1-486660072	S2-513134262,S2-319156478,S2-993781279,S3-240579143
S1-486800915	S2-958663606,S2-645265555,S2-115783116,S2-357919020,S3-861146788,S3-545098292,S3-14656853,S3-374052806
S1-486829763	S2-207152048,S3-254247082,S3-780895596,S3-923279189,S3-120793691
S1-486892766	S2-339349974,S2-197067564,S2-544776142,S3-988657623,S3-785884905,S3-353080607
S1-48690831	S3-996612552
S1-486962428	S2-960303624,S2-380875650,S3-968676179,S3-517787503
S1-487027045	S2-2933711,S2-268458379,S2-314482159,S3-529573857
S1-48711119	S2-283547966,S2-775779114,S3-525777639,S3-992389031
S1-487119496	S2-61996971,S3-153868453,S3-560011702
S1-487193766	S2-79176695,S2-968092886,S2-770158071,S3-579128203
S1-487216191	S2-208860024,S2-549093076,S2-30081065,S3-652018568
S1-487367995	S2-502117259,S2-613641578,S2-370665566,S2-282931856,S3-32116324
S1-487389843	S2-464730630,S2-873322872,S2-946121617,S3-766360410
S1-487405069	S2-49752073,S3-502058611
S1-487421321	S2-3908978,S2-316161205,S2-393068129,S3-103685260,S3-635930033
S1-487452734	S2-257972580,S2-16016314,S2-642036204,S3-902453884,S3-330984769
S1-487540845	S2-415576368,S2-86692338,S2-987965692,S2-571877519,S3-314658895,S3-81463988
S1-48760025	S2-501405457,S2-760971211,S3-693364556,S3-927785780
S1-487683734	S2-629147595,S2-179411556,S3-670569463,S3-150435251,S3-10391877
S1-487690592	S2-358674018,S3-62577981,S3-612510746
S1-487769656	S2-108322442,S2-701629475,S3-476089664
S1-487776613	S2-281660904,S3-799962526,S3-436248501,S3-601378102
S1-487790078	S3-717130238,S3-816250703
S1-487806556	S2-817787819,S3-228500790,S3-969987196
S1-48782145	S2-480420255,S3-7401906
S1-487950280	S2-86829087,S2-51979375,S3-11627854,S3-601354743,S3-586253311
S1-487966213	S2-595607720,S2-338807718,S2-990328569,S3-937064215
S1-488027311	S2-539484512,S2-258720187,S3-950766201,S3-970571525
S1-488099533	S2-215651643,S3-102379248
S1-488172360	
S1-488174769	S2-400578869,S2-711242615,S2-949608515,S3-858533893
S1-488280748	S2-268359955,S3-799933912,S3-380408501,S3-12207371
S1-48843680	S2-545655903,S3-358199109
S1-488547656	S2-436392877,S2-41099067,S2-266907168,S3-405636554
S1-488555585	S2-964951474,S3-620981217,S3-755153381
S1-488620579	S2-911946121,S2-558728636,S3-115308868
S1-488629987	S2-96946602,S2-61596498,S3-992146335,S3-601770408
S1-488655324	S2-713402734,S3-996782613,S3-343251416,S3-129694377
S1-488678539	S2-775432881,S2-792381768,S3-140308068
S1-488799247	S2-886415050,S3-403782097,S3-297261992
S1-488829359	
S1-488834576	S2-189289377,S3-940121891,S3-292791812
S1-488855032	S2-75953070,S2-199172164,S2-202006320,S3-752077839,S3-334856404
S1-488962245	S2-764638360,S3-812274294
S1-489005928	S2-141777777,S2-643418842,S2-946157768,S2-236206973,S3-709282988,S3-363295866,S3-914616457,S3-832619398
S1-489163843	S2-601104973,S2-255443577,S3-183966326
S1-489178892	S2-315077180,S2-730584907,S3-199487961,S3-77895611
S1-489347801	S2-821739807
S1-489362434	S2-430069870,S2-295628153,S3-342874367
S1-489399672	S2-288700992,S2-513643684,S3-419769913,S3-734031722,S3-89157146
S1-489423921	S2-96545563,S3-756121569,S3-911344287
S1-489594355	S2-609667789,S2-935559737,S2-370351545,S3-193599609,S3-847289267,S3-160992253
S1-489620749	S2-377655212,S3-495096897
S1-489647707	S3-457378531,S3-392203372
S1-489672036	S2-553123573,S2-326860504,S3-786114882
S1-489738034	S2-609354011,S3-320627275,S3-219315730,S3-515409061
S1-489756229	S2-174443870,S2-507480555,S3-927664470,S3-676756520,S3-505802641
S1-489837997	S2-500728134,S2-92086943,S3-672510690,S3-352343111
S1-4898467	S2-53319926
S1-489862536	S2-835508998,S2-429514408,S2-828779809,S3-466012266,S3-246115649,S3-465737627,S3-602131453
S1-489936999	S2-793161061,S3-91150005
S1-49010228	S2-15465961,S2-716636526,S3-133337137
S1-49016090	
S1-49034516	S2-379266157,S2-424051872,S3-772776686
S1-490413162	S2-712105415,S2-647240488,S2-976754620,S3-994498138,S3-245785648,S3-489531327,S3-211035795
S1-490441764	S2-369087332,S2-325500284,S3-662225418,S3-289132007,S3-115612280
S1-490592803	S2-190036596,S2-223293063,S2-410303868,S2-873342284,S3-944296266
S1-490624545	S2-914069705,S2-167973485,S3-610908803,S3-850653893,S3-868109724
S1-490651366	S2-237930961,S2-210170261,S3-524398894
S1-4906666	S2-380086047,S2-493911746,S2-173803767,S3-427659457,S3-847992526
S1-490670817	S2-461910762
S1-490730100	S2-168300213,S2-578879763,S3-308187279
S1-49073238	S2-783190974,S2-157522717,S2-485899446,S3-957452476
S1-490734031	S2-247348624,S2-956518326,S3-578108172
S1-490756051	S2-705641025,S2-262144489,S3-448048911,S3-579598499,S3-156546563
S1-490834910	S2-751942918,S2-260219982,S3-653058067,S3-40778523
S1-490863358	S2-529572332,S2-496326001,S2-986373573,S3-552115595,S3-594185703
S1-490878112	S2-176099711,S2-659229506
S1-490879086	S3-413570289
S1-490891372	S2-486072204,S2-287593983,S2-615499032,S2-948269198,S3-861839109,S3-490569583
S1-490986100	
S1-491075893	S2-729246695
S1-491128277	S2-166602214,S2-275798660,S2-579840154,S3-77104349
S1-491193679	S3-313370188,S3-582330880,S3-172207676
S1-491242481	
S1-491337069	S2-666414359,S3-958739256,S3-421762859,S3-402490185
S1-491340127	S2-762854233
S1-491394996	S2-398930306,S3-923088145
S1-491422656	S2-50248575,S2-588183609,S2-669104320,S3-387639524
S1-491432200	S2-700497757,S2-41956172,S2-656370685,S3-503714429,S3-15968873,S3-258198492
S1-491438954	S2-773672256,S2-384735159,S3-608428804,S3-912787121
S1-49150029	S2-479435894,S2-575152862,S2-430664017,S3-244461675
S1-491600400	S2-742428503,S2-135026432,S2-729480035,S3-287982713,S3-894453663
S1-491706100	S2-471476863
S1-491717599	S2-9286037,S3-649940452,S3-824721449
S1-491799193	S2-327879847,S2-975546507,S3-459984648
S1-491809312	S2-550838191,S2-557929935,S2-106441695,S3-129941164
S1-491845538	S2-297798580,S3-927453925
S1-49184915	S2-669877781,S2-384229099,S3-196840270,S3-805805730
S1-491961726	S2-820020649,S2-88668951,S2-37343687,S3-452472477
S1-491966923	S2-341230554,S2-574310786,S3-17805140
S1-492048652	S2-350824429,S2-823559555,S3-422556390,S3-831782199,S3-647277208
S1-492122519	S2-517552796,S3-285099787,S3-218536464
S1-492124392	S2-675042187,S3-516207628
S1-492207037	S2-181001955,S2-743344085,S2-278629865,S2-15029565,S3-780597644,S3-492221166
S1-492319861	S2-175223592,S2-625212831,S2-277595170,S3-705837976,S3-514109462
S1-492330689	S2-431630492,S2-580188239
S1-492456364	S2-854652363,S2-291566180,S3-979594515,S3-590988915,S3-546307152,S3-792584418
S1-492457635	S2-758392845,S3-374983573
S1-492542514	S2-965152680,S3-741053560,S3-556156638,S3-157795585,S3-317195782
S1-492556251	S2-451708741,S3-222804494
S1-49264555	S2-946543983,S2-503410420,S2-714507056,S3-621934741,S3-35229150,S3-722446370
S1-492647440	S2-529250021,S2-119930082,S3-661443758,S3-312140614
S1-493069289	S2-100425540,S3-101698829,S3-936411274
S1-493219467	S2-953673009,S2-317221284,S3-113904014,S3-969292138,S3-433284636,S3-438651650,S3-412442239
S1-493280874	S2-247873461,S2-944504858,S3-815434913
S1-493337607	S2-21009249,S2-800883261,S3-796525049,S3-962583228
S1-493364727	S2-72003653,S2-496594465,S3-806590441
S1-493442073	S2-450574265,S3-317421246
S1-493462878	S2-582388882,S2-759533711,S2-297222186,S3-847202265
S1-493494532	S2-750574304,S2-782731250,S3-769104410,S3-52285900
S1-493557932	S2-51751919,S3-199104188
S1-493575194	
S1-493591934	S3-39918973
S1-493643905	S2-221230964,S2-416092507,S2-711937646,S3-233576448,S3-560993722
S1-493699750	S3-767727152,S3-659121121
S1-49374916	S2-934167593,S2-645590872,S3-658662232,S3-656471522,S3-389589085
S1-493838274	S2-172948507,S3-424263706
S1-493897481	S2-922077774,S2-810661252,S3-381228502,S3-442164576
S1-493932410	S2-177769926,S2-185696191,S3-596061020
S1-493953993	S2-584697291,S2-195235887,S3-627731790
S1-493982960	S2-894403334,S2-889803573,S3-426517981
S1-494000577	S2-294774183,S2-110874233,S3-534968371
S1-49403675	S2-957315397,S2-662777067,S3-325328577
S1-494144696	
S1-49419931	S2-569056642,S2-139242976,S3-339403253,S3-208958059
S1-494265417	S2-241685566,S3-316007704,S3-41602080
S1-494369534	S2-360666431,S3-776668415
S1-494453237	S2-15025,S2-712120354,S3-425785306
S1-494467818	
S1-494468421	S2-347953786,S3-356109176,S3-805573274
S1-494540870	S2-752158132,S2-953238014,S3-280682379,S3-384038308
S1-49456878	S2-344817541,S2-208368934,S2-454943827,S2-697323143,S3-613827914,S3-45788761
S1-494569296	S2-933624960,S2-91794280,S3-951010493,S3-113936709
S1-494670346	
S1-494677473	S2-110998124,S2-369202352,S2-821232620,S2-340184842,S3-375925368,S3-954939402
S1-494733389	S2-700659741,S2-267533690,S3-516191843
S1-494752143	S2-906799985,S2-170541219,S2-406725966,S3-164452548,S3-580209609,S3-815060996,S3-876670657
S1-494765006	S3-809759779
S1-494769283	S3-780528572,S3-443085329
S1-49488923	S2-599634207,S2-687645115,S2-89038597,S3-672861646
S1-494901490	S2-130177913,S3-553157551
S1-495018794	S2-957792814,S3-741792321,S3-895100022,S3-703235522
S1-495056648	S2-244169480,S2-341956174,S3-790202922,S3-628135455,S3-968374633
S1-495206950	S2-176674061,S3-712190712,S3-500950878
S1-495211368	S2-146814070,S2-111743157,S3-38486585
S1-495292760	S2-489625726,S3-240962824,S3-892491279
S1-495299438	S2-415942591,S3-281020526
S1-495467368	S2-45974690,S2-888082502,S3-758293928
S1-495477937	S2-947334109
S1-495607929	S2-867988710,S3-204496626,S3-640289885
S1-495704205	S2-222420206,S2-389224006,S2-667060365,S2-799636206,S3-802453338
S1-495775612	S2-897012124,S3-342938367
S1-495798164	S2-390179830,S3-110051222,S3-867653286
S1-495816143	S2-963328046,S2-584426257,S3-425438646
S1-49583703	S2-683183469,S2-909372769,S3-540098039
S1-495880658	S2-25855623,S2-687414056
S1-49591546	S2-545141089,S2-104152133,S2-298582097,S2-405030307,S3-760429604,S3-105526241,S3-18726008,S3-676266617
S1-496013195	S2-846742952
S1-496073152	S3-965383524
S1-496076854	S2-652713171
S1-496097945	S3-863679016,S3-812626981
S1-496336289	S2-484788099,S2-968895998,S2-345826175,S3-801126503,S3-247739249,S3-450934434,S3-312010341
S1-496392161	S3-275660797,S3-838539901
S1-496509338	S2-537011704,S2-868320298,S3-207586970,S3-36288429
S1-496610301	S2-13610016,S2-261075933,S3-647529242,S3-140900290
S1-496738042	S2-729701271,S2-592796734,S2-100793944,S3-922241765,S3-717223222,S3-193825716
S1-496740139	S2-785322004,S2-360226404,S3-697655604
S1-496810316	S2-230682207,S3-795310163,S3-199744233,S3-52695738
S1-496841044	S2-791715395,S2-144207255,S3-417219874
S1-496896890	S2-775644356,S2-500177363,S2-746470255,S3-829833590,S3-60891408,S3-79798987
S1-496986420	S2-514531889,S2-173073010,S3-372730590,S3-862569559
S1-497009271	S2-779561331,S2-8773608,S3-596101107,S3-616563994
S1-497015949	S2-432440596,S3-373771737,S3-707546042,S3-744247612
S1-497018854	S2-978568126,S2-277151402,S3-713074297
S1-49710877	S2-945933195,S2-872043572,S3-671833586,S3-923210463,S3-228266617
S1-497140463	S2-636137153,S2-192834848,S3-872429934
S1-4971455	S2-577173745,S2-940817221,S2-268057881,S3-320609765,S3-451615568
S1-497438805	
S1-497484790	S2-768861580,S2-534807653,S2-336501975,S3-528179627,S3-707774804
S1-497507915	S2-778983363,S3-169094324,S3-401481597,S3-280690816,S3-168756140
S1-497601046	S2-760720311,S2-290844203,S3-953578952
S1-497612242	S2-533260233,S3-576975636,S3-349271366,S3-359962594,S3-214234598,S3-988589631
S1-497637921	S3-130163674
S1-49768457	S2-784596732,S2-453070551,S3-333991978,S3-675360397,S3-487849566,S3-105539289
S1-49771298	S2-460697094,S2-601444587,S2-740248703,S3-185164762
S1-497763377	S2-942269272,S3-837495562
S1-49784870	S2-812034915,S3-832878304,S3-525026711
S1-49784915	S2-126480818,S3-472506443
S1-497876162	S2-607922613,S3-477561700,S3-936429949
S1-497898918	S2-463700677,S3-571631582,S3-857360795
S1-498004689	S2-348016983,S3-167399260
S1-498054328	
S1-498102205	S3-854039614
S1-498159574	S2-21651071,S2-938735797,S3-718062471
S1-498186025	S2-753736841,S2-941107225,S2-885257539,S2-483273838,S3-203994597
S1-49826648	S2-136445927,S2-25147780,S3-112811152,S3-350379314
S1-498350757	S2-830966572,S2-123392277
S1-49838142	S2-528945494,S3-344383297
S1-498405902	S2-497976563,S2-329391571,S2-532988361,S3-986239566,S3-201795764,S3-695242741,S3-140821900
S1-498660961	S2-377173951,S3-263623864
S1-498685072	
S1-498740928	S2-750641313,S2-890550304,S2-300968500,S3-604613017,S3-94616841,S3-66761626,S3-623611113
S1-498754359	S2-393123563,S2-265948009,S2-599393258,S2-601733142,S3-639500245,S3-532023710,S3-482994691
S1-498804425	S2-540243167
S1-498869813	S2-589711370,S2-382254479,S3-142265874,S3-334158431
S1-498886153	S2-772457756,S2-436129597,S3-269444876
S1-498890952	S2-385681729,S3-754253767
S1-498909366	S2-7242686,S2-65859931,S3-308475345,S3-727617270
S1-49904446	S2-792797595,S2-637903453,S3-831058920,S3-327852686,S3-208237958
S1-499093651	S2-295451499,S2-638182577,S3-475129434,S3-457900600,S3-1894928
S1-499108801	S2-312828731
S1-499153193	S2-625627279,S2-227061846,S2-155988961,S3-478535415,S3-425058825,S3-760451314
S1-499190651	S2-566474750,S2-294045710,S2-627873776,S3-222835857
S1-49923696	S2-203334288,S2-873979484,S2-493314455,S3-670143821,S3-335776466
S1-499294030	S2-461993248,S2-48504976,S2-265287116
S1-49938897	S2-758713403,S2-598475468,S3-144999764
S1-499429963	S2-227330038,S3-64684295,S3-936597683,S3-362404755
S1-499554123	S2-149427268,S3-906612783,S3-825278147
S1-499596242	S2-947664342,S2-660997360,S3-5035335,S3-117991219,S3-693972032
S1-499607421	S2-9734225,S3-260838651,S3-222464674
S1-499610471	S3-410659786,S3-293108456
S1-49978340	S2-132034317,S2-915526057,S3-944645235,S3-598127090,S3-966001800,S3-318416715
S1-499796390	S2-84402292,S3-310145113
S1-499865688	S3-778388049,S3-552332974
S1-500131772	S2-870308501,S2-689789489,S2-138478272
S1-500223467	S2-164272620,S2-875474426,S2-376964647,S3-644141108,S3-58433420,S3-797412855
S1-500280399	S2-67603901,S3-229962651,S3-150063246
S1-500367655	S2-856995364,S3-282064103,S3-432879416
S1-500374623	S2-799032496,S3-419455171,S3-7080682
S1-500400668	S2-607317634,S3-678677541,S3-288112528
S1-500475720	S2-308485298,S2-967245085,S2-876975921,S2-929503889,S3-469099558,S3-795561101
S1-500494915	S2-926168488,S2-950719350,S2-433598202,S3-608828328,S3-546254527
S1-500591191	S2-448582018,S2-603273792,S3-46134550,S3-55871224,S3-509758579
S1-500667577	S2-238546508
S1-500820178	S2-675671407,S3-474577111,S3-824338007
S1-500995216	S2-642093475,S2-86811207,S2-742981577,S3-988402054,S3-998389858,S3-883499922,S3-102854465
S1-501034767	S2-762392621,S2-899138891,S2-778674116,S3-592370314
S1-5011071	S2-285800597,S3-280803572,S3-825728306,S3-704398621
S1-501168731	S2-447142966,S2-339656595,S2-64451711,S3-712628414
S1-501267459	S2-681311088,S2-838110930,S3-974997404
S1-501313862	S2-234367433,S3-707850088,S3-52593197
S1-501316979	S2-227419702,S2-552528807,S3-759626074,S3-976531948
S1-501355989	S2-698393889,S2-621559360,S2-105304364,S3-115676949
S1-501476046	S2-90047328,S3-861503296
S1-501516366	S2-773669095,S2-267345536,S3-130782066,S3-816162743,S3-504259447
S1-501552929	S2-929595586,S3-581183130,S3-61417021,S3-325295326
S1-501574650	S2-447436274,S2-625931988,S3-495497678,S3-483911957,S3-987776617
S1-501730646	
S1-501742314	S2-785275506,S2-125706584,S3-1528138
S1-501794727	S2-648865910,S2-954754574,S3-214700876,S3-80652392
S1-501858215	S2-507143422,S3-966170703,S3-547365865,S3-191897609
S1-501898683	S2-677604179,S3-340132708,S3-328095221,S3-978787639
S1-501904112	S2-602947136,S3-790695106
S1-501957149	S2-430566911,S2-775837344,S3-556922673,S3-738220040
S1-502013101	S2-243557298,S2-261907156,S3-14974830,S3-401260106,S3-136029613,S3-743278220
S1-502080565	S2-760324256,S2-613625632,S3-597974440
S1-502156404	S2-477006055,S2-535739880,S3-159176351
S1-502162000	S2-594044197,S3-254079897
S1-5023797	S2-647591442,S2-226730884,S3-639740453,S3-18121148
S1-502612466	S2-315706770,S2-701137504,S3-289839783
S1-502616609	S2-334963210,S2-673012573,S3-221354225
S1-502683037	S2-30582221,S2-742116761,S3-528304621,S3-589995010
S1-502696336	S2-367811976,S3-701909236
S1-502836824	S3-428264354
S1-502993844	S2-844086482,S2-943340671,S2-722247387,S2-390198986,S3-255718946,S3-509112336,S3-408891253,S3-316188928
S1-503012772	S3-52113967,S3-690022498
S1-503044644	S3-684099182,S3-773219573
S1-503083724	S2-865053515,S2-916605525,S2-578350918,S3-701549242
S1-503085614	S2-601662764,S3-136490375
S1-50311640	S2-677345195,S2-854564749,S3-953547384,S3-127819692
S1-503189077	S2-932080719,S2-283234808,S2-736829772,S2-247338356,S3-857294595,S3-743992307
S1-503212486	S2-719917719,S2-544152572,S3-295157427
S1-50322141	S2-115574030,S2-831889775,S2-668989429,S3-834442233,S3-972396756
S1-50326044	S3-131056451,S3-293710940,S3-152309133
S1-50327578	S2-810579690,S2-732277352,S2-625382563,S2-362497048,S2-293857385,S3-928260572
S1-503325308	S2-163585487,S2-467747233,S3-855328260,S3-611160678
S1-503347845	S2-351825755,S2-579113916,S3-661066226
S1-503500324	S2-223770812,S2-211558136,S2-898834616,S3-94770806,S3-176744479,S3-109474592,S3-510739574
S1-503522888	S2-954348975,S2-911161731,S2-426595769,S3-887613944,S3-353199385
S1-503601580	S2-505218956,S2-299127706,S3-841455429,S3-602313217,S3-140080676,S3-238762154
S1-50361859	S2-15058758,S2-78551951,S2-722240645,S2-887872913,S3-616497970,S3-958967353
S1-503630344	S2-305038974,S2-685597747,S3-353370416
S1-503675187	S2-205675068,S3-602005200,S3-364636045
S1-503788721	S2-337452546,S2-908092420,S3-867844289
S1-503913173	S3-167119392,S3-162219012
S1-50393326	S2-578470406,S2-205337763,S2-712528136,S3-509989558,S3-333638092,S3-658063191
S1-503966270	S2-654608552,S2-382395569,S2-261877679,S3-953029369,S3-433583883
S1-503992153	S2-787757779,S3-247854325,S3-684508231
S1-504031440	S3-842451708,S3-164487265
S1-50403442	S2-879431241
S1-504086355	S2-468832468,S2-364781451,S2-131696094,S3-759957378
S1-50409689	S2-753790919,S2-185333823,S3-213191206,S3-138432272,S3-870592220
S1-50437258	S3-285015171
S1-504375142	S2-188612294,S2-499536608,S3-499327493
S1-504417747	S2-264468882,S2-865140267
S1-504445016	S3-51833371
S1-504496738	S2-838483579,S2-158900279,S2-124904026,S3-173512520
S1-504634731	S2-131022179,S3-613175086
S1-504708027	S2-264755036,S3-307461192,S3-37544029,S3-312814369,S3-64286329
S1-504802141	S3-76990862,S3-548900793,S3-247948736,S3-705891893
S1-504866695	S2-620459157,S3-864330703,S3-548415529,S3-521830628
S1-504892035	S2-510786265,S3-924827350,S3-62354849
S1-504959117	S2-985202421,S2-137635605,S2-945991242
S1-504988762	S2-819565110,S3-473836168,S3-427784742
S1-505002169	S2-882929972,S3-943168799
S1-50503406	
S1-505047617	S2-465441838,S3-269223542
S1-505051451	S3-934788345,S3-580401929
S1-505088931	S2-669198495,S2-280640435,S3-951045432
S1-505176001	S2-179741210,S2-436728761,S3-390691975
S1-505263626	S2-568240808,S3-243919090
S1-505382009	S2-727145385,S2-647560583,S3-355544383,S3-516931539
S1-505420037	S2-630636360,S2-809574327,S2-296538622,S3-792481447,S3-237145810
S1-505453181	S3-440278111
S1-505582231	S2-786739935,S2-10550729
S1-505618039	S2-684907862,S2-805509522,S2-952928105,S3-719552449,S3-45951117
S1-505895980	S2-11357410,S2-35972574,S3-534506450
S1-505932711	S2-517181410,S3-993687307,S3-689100415
S1-505938127	S2-934869547,S3-927299681,S3-493682241
S1-506029841	S2-357974631,S2-43174427,S3-442651945,S3-24129967
S1-506063858	S2-632214997,S2-919527460,S3-654385122
S1-506079137	S3-896935438,S3-797389093
S1-506082403	S2-871566340
S1-506101321	S2-837216500,S2-425879157,S2-517858517,S3-663361036,S3-721691618,S3-15103137
S1-506110687	S2-286597611,S2-840635682,S3-815062884,S3-329088823
S1-506130125	S2-764256183,S3-106450504
S1-506181078	S2-519429730,S2-188110194,S3-736858739,S3-777653108
S1-506204921	
S1-506245425	S2-521584031,S2-429779581,S2-974342843,S2-488284468,S3-992664924,S3-216120692
S1-506295152	S2-294127219,S2-621171601,S2-87347273,S3-125761854,S3-786267581,S3-860940101
S1-506299090	S2-127790274,S2-661143695,S3-674801945,S3-219798731
S1-506301428	S3-544830999,S3-897811860
S1-506461615	S2-989974628,S2-789544018,S3-692512125
S1-506527401	S2-748661454,S2-174294412,S3-744853968,S3-745198877,S3-404989827,S3-736563316
S1-506670930	S2-737852126,S3-487939488,S3-710607673
S1-506735727	S2-525278654,S3-433410176,S3-153084406,S3-315234819
S1-506788915	S2-425418461,S2-86491405,S3-881609281,S3-588946896,S3-515578793
S1-506802903	S2-239355991,S2-451543791,S2-486836387,S3-978287282
S1-506908107	S2-787110148,S2-761791629,S3-341428208,S3-181578601,S3-524589757,S3-228057252
S1-506942095	S2-428459976,S2-714042264,S3-785917537
S1-507169372	S2-462954326,S3-765311224
S1-507331985	S2-789666315,S3-767401849,S3-518673730,S3-788194294,S3-880847658
S1-507346843	S2-60296074,S2-784073267,S2-280979351,S3-27433516
S1-507428603	S2-348350385,S3-885877213,S3-935238677
S1-507445647	S2-970406925,S2-971955195,S3-292161215,S3-672075915,S3-5989893,S3-790889268
S1-50745362	S2-146929615
S1-507467138	S2-745844350,S2-173211266,S3-79701680,S3-634172217
S1-507502369	S2-11007869,S3-70196810,S3-344228834
S1-507633943	S2-31316110,S2-330041998,S2-369276530,S2-97057239,S3-77315175,S3-472313680
S1-507710015	S2-76634487,S2-484729040,S3-965221061,S3-581418826
S1-507726842	S2-907797505,S3-546211025
S1-507819546	S2-419872938,S2-570917328,S2-572962264,S3-729490341
S1-507854411	S2-495856598,S2-540693119,S3-586757705,S3-801864066
S1-507881346	S2-758246594,S3-480284379,S3-113863471,S3-291422768,S3-669993163
S1-50788171	S2-683423270,S3-84903229
S1-507959865	S2-749535936,S2-520370089,S2-80140188,S3-566705929
S1-508173526	S3-981619898
S1-508276022	S2-56942015,S2-359775610,S2-949802434,S3-100215203
S1-5083978	S2-745226721,S2-599136186,S2-552455469,S3-711482018,S3-475922552,S3-875110606
S1-508504345	S2-171659285,S3-908956101
S1-508541889	S2-913836510,S2-401295978
S1-508551364	S2-221517168,S2-350776831,S3-750592212,S3-26900222,S3-533767950
S1-508610006	S2-781146571,S2-158689866,S3-593769253
S1-508612982	S2-824909512,S3-21024469,S3-118754214
S1-508677632	S2-401480583,S3-367402676
S1-508731660	S2-811944131,S2-42673671,S3-418583059
S1-508781827	S2-632819462,S3-726424755,S3-806045951
S1-508820919	
S1-508826079	S2-314416682,S2-616474809,S3-226848130
S1-508853245	S2-740400102,S2-80280408,S2-504066017,S3-455264332,S3-955062795
S1-508974429	S2-78859890,S3-976531061,S3-566995390,S3-100720716
S1-508987640	S2-955366314,S3-273264151,S3-193578947,S3-517027417,S3-985168975
S1-509165040	S2-984136757,S2-474124635
S1-509248410	S2-526670005,S2-699245927,S2-648192789,S3-429987633
S1-509278516	S2-50657342,S3-705875840
S1-509288861	S2-806055503,S3-594699435
S1-50934034	S2-170366384,S2-693412342,S3-463282652,S3-907158479
S1-509342254	S2-180578960,S2-363669087,S3-908288430,S3-416810057
S1-509432398	S2-251301351,S3-131063369
S1-509484772	S2-405744559,S2-560920685,S2-82751193,S3-116144525,S3-946254229,S3-968545439
S1-50954973	S2-249964205,S3-809570323,S3-404816843,S3-419031458,S3-444204356
S1-509628839	S2-123083955,S3-264866181
S1-509754759	S2-797646113,S2-615737405,S3-504113401,S3-445246043
S1-509813899	S2-783591366,S3-955350445,S3-125368836
S1-509862779	S2-118336985,S2-284523571,S3-491766496,S3-424764395
S1-509868124	S2-299271678,S2-750507127,S2-342945246,S3-790924710,S3-917188672
S1-509905052	S2-127293418,S2-511280124,S3-300768231,S3-622705275
S1-509906758	S2-749138090,S3-297330803,S3-81656162,S3-775715067,S3-156111648
S1-50992055	S2-690436310,S3-770368251,S3-355672667
S1-50993047	S2-898206832,S3-547016345
S1-509954107	S2-739874312,S3-267636442,S3-696146933,S3-547913380,S3-185611801
S1-510021485	S2-364526595,S2-726639142,S3-764953129,S3-955035188,S3-422029465
S1-510085423	S2-249188665,S3-137490905
S1-510175177	S2-713476688,S3-718395673,S3-361192259
S1-510179635	S2-743670834,S3-158815036
S1-510249918	S2-41926357,S2-989343829,S2-13937691,S3-985914379,S3-249773972
S1-510312721	S2-797455866,S3-145265013,S3-901753048,S3-961993199,S3-433610159,S3-326876023
S1-510397647	S2-890565978,S2-120796883,S2-633555979,S3-440060579,S3-656776396,S3-277808590
S1-510418951	S2-755573013,S3-643389575,S3-272750296,S3-603475258
S1-510456860	S2-257222041,S2-9324568,S2-400105436,S3-297665077,S3-330026997
S1-510559002	S2-233199389,S3-817390188,S3-106283288
S1-510572776	S2-319266296,S2-330614638,S3-532296059,S3-415904722,S3-319166118,S3-720886387,S3-816825154
S1-510655706	S2-361519883,S2-355854031,S3-368419353,S3-445101592
S1-510771090	S2-775910175,S2-813072357,S2-894374305,S2-783188779
S1-510842463	
S1-510887443	S2-974422044,S3-862810862
S1-510948454	S2-554820881,S2-45262347
S1-511003143	S2-12921474,S2-678989117,S3-432758946,S3-224815241,S3-291093291,S3-802701675
S1-511018964	S2-906566855,S3-574659584
S1-511070217	S2-135521725,S3-208487905,S3-428232425,S3-983072311
S1-511187135	
S1-511257092	S2-665773354,S3-244063190,S3-529776215
S1-511306094	S2-524336919,S2-759401498,S2-969093037,S3-114944675,S3-92687573
S1-51132642	S2-52868199,S3-713183875,S3-439629355,S3-785923289,S3-605120733
S1-511334639	S2-976696414,S2-727834687,S3-195047663
S1-511399842	S2-521318454,S2-899411360,S3-481409572,S3-849616780,S3-294612212,S3-806679130
S1-511472248	S2-394965711,S2-644110291,S3-78631532,S3-468982690
S1-51148879	S3-908093228
S1-511521291	S2-582076361,S3-274039824,S3-24000233
S1-511531504	S2-702187460,S2-747983861,S3-939208372,S3-711545939,S3-118035344
S1-51153621	S3-279521833
S1-511560389	S2-305586772,S2-534883748
S1-511630812	S2-496806472,S2-569694773,S3-703155776
S1-511861608	S2-932573102,S2-867130952,S3-350875754
S1-511914178	S3-848381047,S3-237092799,S3-111545224
S1-511991576	S2-568349202,S3-292057726
S1-511997993	S2-108737693,S2-815503050,S2-815299255,S3-6858755
S1-512081319	S2-296444910,S3-162466648,S3-630645950
S1-512100733	S2-408639744,S2-14877221,S3-799885104,S3-55565665
S1-512269616	S2-301415247,S3-201910330
S1-5123211	S2-658854683,S3-297790288
S1-512378096	S2-547397792,S2-124960194,S3-308606103,S3-571588625
S1-512441234	S2-821778051,S2-631055365,S2-194669130,S3-771207905,S3-253694576
S1-512523333	S2-797130527,S2-242915673,S2-818060889,S3-59885018,S3-293411426,S3-362982548,S3-794645628
S1-512590331	
S1-512611527	S3-598677679,S3-224965747,S3-983441384,S3-362091448
S1-512803577	S2-963292735,S3-769810083
S1-512845764	S2-259500282,S2-653405471,S2-439852730,S3-963795850
S1-512856279	S2-386011565,S2-605940359,S2-90823342,S3-243827958,S3-26066601
S1-512878163	S2-104319131,S3-613906751,S3-662759925,S3-273822937
S1-512973250	S2-959015192
S1-513082370	S2-801526759,S3-382311118
S1-513093042	S2-978168359,S2-152702524,S3-474136585,S3-340347116
S1-51319444	
S1-513199126	S2-189430341,S2-320707549,S2-126362541,S2-203003746,S3-689892451
S1-513295063	S2-318821192,S3-495587779,S3-295191078
S1-513309528	S2-282774542,S3-540306285,S3-473162631,S3-696235998,S3-986596519
S1-513378153	S2-747738095,S2-853603373,S3-51664219,S3-894490279,S3-119510462
S1-513452548	S2-566617290,S3-94365726,S3-636218966
S1-513486210	S2-183560602,S2-359708229,S2-589451714,S2-933151237,S3-874617173
S1-513496518	S2-808751957,S3-71899970,S3-508223026,S3-364151267
S1-513529866	S2-743646385,S2-552918538,S2-614361389,S3-186533552
S1-513559953	S2-275412942,S2-81217580
S1-513659696	S2-256034362,S2-553774760,S3-770427845,S3-454589494
S1-513788208	S2-209020328,S2-263435974,S2-613444291,S3-122919922,S3-765278897,S3-794124290
S1-513806654	S2-294667973,S3-354780991
S1-5138927	S2-585957097
S1-513928347	S2-688342725,S2-587868563,S3-587707361,S3-431111582
S1-513975364	S2-503245422,S2-276467599,S3-354338574
S1-514095667	S2-993822199,S3-118313946,S3-672183049
S1-51409585	S2-939616328,S2-606994287,S2-284535317,S3-258799277
S1-514104723	S2-88772452,S2-832604843,S3-256700856
S1-514189941	S2-805250945,S3-540944988,S3-679558458
S1-514207264	S2-176170536,S2-331619173,S3-611985064,S3-640605593,S3-295800953,S3-784161499,S3-763001848
S1-514215963	S2-488825985
S1-514236239	S2-518593417,S3-604031910,S3-861033276
S1-514331788	S2-260896081,S3-989077158,S3-858806897,S3-468810184
S1-5143626	S2-129904934,S3-193632873
S1-514402935	S2-862805309,S2-983708102,S3-881724211,S3-459132415
S1-51442273	S2-980601525,S3-167208933,S3-336591683,S3-412132385
S1-514566679	S2-676787309,S3-956491408,S3-694857887
S1-514580590	S2-695941387,S3-441855681,S3-56459702
S1-514625897	S2-881784064
S1-514651191	S2-84088694,S2-21510694,S2-618908799,S3-934251440
S1-514960428	S2-328605948,S3-769847829,S3-216646471
S1-514987363	
S1-515009466	S2-314422460,S3-992553207
S1-51506315	S2-872464419,S2-430171688,S3-634371846
S1-515104326	S2-530869355,S2-99987515,S2-162818100,S2-100070433,S3-898437152
S1-515107639	S2-426455034,S3-94892260,S3-57375145
S1-515209931	S2-701473958,S2-20789845,S3-968529203,S3-413943140
S1-515245610	S2-58488822,S2-873783002,S3-434270575
S1-515273376	S2-118504721,S3-17644846
S1-515340468	S2-673664966,S2-827454510,S3-461720201
S1-515369919	S2-338148291,S3-821054086,S3-350064851,S3-160654528
S1-515549420	S2-690785642,S2-974300630
S1-515606293	S2-418915829,S3-285163848,S3-108666310
S1-515706643	S2-850254783,S2-203009878,S3-445737322
S1-515737412	S2-677753165,S2-890019412,S2-554195053,S3-459227317,S3-946487461
S1-515773893	S2-266340013,S3-310610528
S1-515788084	S2-173878276,S3-930237637,S3-863930846
S1-515800416	S2-355698826,S2-889489821,S3-824718309
S1-515829515	S2-686177819,S3-779906093,S3-885981630
S1-515880692	S2-281317382,S3-4106957
S1-516038916	S2-831391568,S2-277224950,S3-519965055,S3-648726736
S1-516079323	S2-346955617,S3-226828526
S1-516170652	S3-31143029,S3-383515634,S3-775612008,S3-761780989
S1-516212566	S2-48404586,S3-655492414,S3-860985140,S3-232619911
S1-516217226	S3-124834060,S3-921233801,S3-980007627
S1-516281065	S2-309733195,S3-950052936,S3-746414776
S1-516339851	S2-319594656,S2-177105011,S3-49159041
S1-516362329	S2-882194418,S2-507976364,S3-735620576,S3-897290819,S3-258617694
S1-516456534	S2-904973031,S3-563340930,S3-646823266
S1-516462149	S2-30852261,S2-147564537,S3-2463551,S3-409959809
S1-516473236	S2-453346244,S3-229494957,S3-597127415
S1-516550640	S3-586448919,S3-26860812
S1-516575558	S2-360235456,S3-919636993
S1-516597728	S2-786595460,S3-755626175,S3-196420630,S3-198276379
S1-516682917	
S1-516771651	S2-557544297,S3-511787860,S3-736696545,S3-912724782
S1-516779411	S2-974049532,S2-346126920,S3-82426339,S3-536032837,S3-454702257
S1-516839247	S2-249876246,S2-987310436,S3-542574986,S3-766238933,S3-673741439
S1-516912010	S2-559428648,S2-834273886,S3-354177311,S3-879573403
S1-516960325	S2-662847995,S2-428540378,S3-811987221,S3-497635031,S3-795498019
S1-516974959	S2-819886675,S2-448922454,S2-745609645,S3-980439525,S3-930022869,S3-764979986
S1-517016506	S2-648716492,S2-250165525,S2-698837963,S3-454065677,S3-825350934
S1-517039028	S2-791317583,S2-820650978,S3-92984433,S3-167182859,S3-747965595,S3-948341779
S1-51705271	S2-898263014,S2-31727851,S3-969223913,S3-668749401
S1-517134549	S2-607777006,S2-779801977,S3-575395202,S3-406201531
S1-517136275	S2-441896753,S2-611687388,S2-618988167,S3-725323767,S3-724776968,S3-183752078,S3-459935433
S1-517168159	S2-644390118,S3-269446548,S3-304409260,S3-247986030
S1-51716868	S2-269666228,S2-198554030,S3-679718498,S3-925631443,S3-479226150,S3-302499107
S1-517342392	S2-161832268,S3-86162076,S3-869554524
S1-517442096	S2-810566348,S2-909858422,S3-735575701,S3-676055759
S1-51752056	S2-640901401,S3-955368376,S3-992731126,S3-96814384,S3-751424076
S1-51752602	S2-954088039,S3-50586430,S3-947579718
S1-517531967	S2-34598717,S3-151904302,S3-93345283,S3-977582671,S3-608107300
S1-51764910	S2-234612198,S2-347692870,S3-248983552,S3-131022452,S3-500601277,S3-534869012,S3-698779695,S3-235169075
S1-517890112	S2-482087802,S3-172484434,S3-647700674
S1-517902894	S2-698153793,S2-886384797,S2-258716099,S3-352395679,S3-120020232,S3-910967249
S1-517904352	S2-912980858,S2-495537380,S2-672962164
S1-518004720	S2-346801607,S2-924782692,S3-198947271
S1-518007222	S2-344708839,S3-88940420,S3-768575720
S1-518057486	S2-668682018,S3-595604426,S3-263682914
S1-518107970	S2-968661373,S2-599198255,S2-268705975,S3-674856451,S3-716276101
S1-518131090	S2-383188287,S2-481392310,S2-438706022,S3-744552754,S3-15044126,S3-21454301
S1-51815967	S2-148642377,S3-371179405,S3-666951180,S3-669254519
S1-518241666	
S1-518294743	S2-589222466,S2-590116242,S3-169198193
S1-518319944	S2-681106659,S3-703019615,S3-501147589,S3-686246485
S1-518350125	S3-988771415
S1-518411706	
S1-518416173	S2-900142543,S2-691578883,S2-548285163,S3-683907220,S3-550057861,S3-431046803
S1-518444550	S2-90311699,S2-396297263,S2-727182360,S3-147736154,S3-890433212
S1-518532302	S2-396018970,S2-845683846,S2-385506584,S3-944121189
S1-518555452	S2-425038716,S3-559100756
S1-518589012	S2-810373952,S2-898244562,S2-856877042,S2-494816263,S2-5876465,S3-688809269,S3-651943418
S1-518607844	S2-99710638,S2-284566991,S3-431368243,S3-457607768,S3-363162975,S3-222080007
S1-518617041	S2-404138067,S2-369108068,S3-494463170,S3-708554329,S3-397871132
S1-518688654	S2-503998279,S2-770475127,S2-453801967,S2-967803209,S3-7128294
S1-518699388	S2-835179173,S3-596078306
S1-518794092	S3-958078219,S3-335218662,S3-494533419
S1-518843308	S2-546651946,S2-773127045,S3-381649522,S3-708737750,S3-274241413
S1-518905413	S2-908346108,S2-10560134,S3-75214707
S1-51890888	S2-619198128,S3-11287753
S1-518968974	S2-44927318,S2-865414184,S2-480765075,S3-418712172,S3-430490878,S3-103096685
S1-51900177	S2-229419834,S3-436383587,S3-901205914,S3-466174128
S1-519093754	S2-419521625,S3-553031402,S3-860014652
S1-519107757	S3-605787647,S3-811140209
S1-519291090	S2-757732688,S3-724453785
S1-519320451	S2-986921789,S2-851538773,S2-65509444,S3-820991078,S3-808746218
S1-51932466	S2-180744922,S2-746833973,S2-445864025,S3-870572745
S1-519353186	
S1-519353905	S2-455125446,S2-365005227,S3-976932205
S1-519413932	S2-318274518,S3-958941782,S3-745285696
S1-519450058	S2-728769603,S2-212002839,S2-969350176,S3-414014483
S1-519463526	S2-494305715,S2-270017267,S3-457272293
S1-519465363	S2-746338024,S2-342465764,S3-797977434,S3-172142625,S3-354605916,S3-612013037,S3-935141431
S1-519503023	S2-706617751,S2-131730057,S2-255493137,S3-139152941,S3-425502113,S3-611958438,S3-986393331
S1-519510273	S2-681124821,S2-840541597,S2-969764525,S2-834120996
S1-519570795	S2-152696990,S2-82600994,S2-871485640,S2-308630798,S3-303466479
S1-519645344	S3-419800317
S1-519654410	S2-788123496,S2-572970446,S3-786515083,S3-405215855
S1-519674390	S2-766669569,S2-549817808,S2-317296333,S3-14224634,S3-793147564,S3-417192771
S1-519738146	S2-989768280,S2-47150790,S3-171824752
S1-519761244	S2-748760180,S3-491455609
S1-519919691	S2-186247880,S2-225590014,S3-353153748,S3-193540762
S1-520187875	S2-584612070,S3-703117544
S1-52029203	S2-422733931,S3-436121824
S1-520296119	S2-497607291,S3-770242779,S3-627314298,S3-230296102
S1-520319383	S2-168796535,S2-519487593,S3-1580461,S3-294108538
S1-520338362	S2-871781864,S3-571651621,S3-520628434,S3-45424445
S1-520345056	S2-216716376,S2-115646593,S2-440456406,S3-49128504,S3-779134650
S1-520515864	S2-279022805,S3-438371594,S3-586073139,S3-939024784
S1-520546122	S2-285825539,S2-512950951,S3-497638531
S1-520596680	S2-605023624,S3-947005839,S3-399759970
S1-520635265	S2-896564736,S3-180597821
S1-520675687	S2-448648573,S3-68215999
S1-520713581	S2-461942863,S3-257399413,S3-611497768
S1-520715175	S2-286727005,S2-641575710,S3-317934693,S3-492768175,S3-686124476
S1-520747129	S2-452655211,S2-914909446,S3-196306955,S3-801706984
S1-520762948	S2-251850669,S3-892914074,S3-962204785
S1-520836214	S2-938144776,S3-633105883,S3-858300411
S1-520852041	S2-484954907,S2-603119157,S3-713642152
S1-520950388	S2-895917237,S2-120244654,S3-264730728
S1-521098627	S2-55717315,S3-895247144,S3-169588302
S1-521213743	S3-431281626,S3-779931545,S3-602601942
S1-521565772	S2-970498292,S3-331797223
S1-521612693	S2-753818009,S2-290913875,S3-19593488,S3-881104172
S1-52169925	S2-136650633,S3-284374813,S3-615661532
S1-521731996	
S1-521735771	S2-152282047,S3-794189741
S1-521738688	S2-88509911,S2-597477499,S3-693567993
S1-52177765	S2-134035505,S2-116451978,S2-886245583,S3-261330953
S1-52179512	S2-514501190,S3-291363998,S3-124367286
S1-521844100	S2-233059377,S3-941566433,S3-121396073
S1-521866053	
S1-521872325	S2-806155798,S3-911126629
S1-521920559	S2-794501628,S2-306616440,S3-276633357
S1-521929392	S2-769559433,S3-520994160,S3-187060726
S1-521976364	S2-841733379,S3-473919527
S1-522197089	S2-883313065,S2-651889386,S2-525684240,S2-808342955,S3-910285092,S3-643848864
S1-522202864	S2-412571101,S3-930922815,S3-784082078
S1-522210695	S3-885899254
S1-522263865	S2-102122657,S2-32234833,S2-777149775,S2-531062265,S3-88872361
S1-522331561	S2-88862738,S2-208233721,S3-41888354,S3-414112660
S1-522688237	S2-959921979,S3-763018837,S3-991602140,S3-128401943,S3-196590894
S1-522739070	S2-229965670,S2-420858221,S3-61413550,S3-613922142
S1-522779492	S2-326918472,S3-326379178,S3-191670691,S3-169123642,S3-307901067
S1-522807840	S2-320821780,S3-607723578,S3-405217183,S3-692999347
S1-522871422	S2-874328253,S2-749021273,S2-553590321,S3-686436280
S1-522871767	S2-212204519,S3-600012523,S3-137304692
S1-522922845	S2-175427829,S2-422903932,S3-48336227,S3-712597066
S1-522960897	S3-171046179,S3-106629249
S1-523063184	S2-272215880,S2-77823643
S1-523135546	S2-218221415,S3-381265337,S3-531735575,S3-921024613,S3-429316582
S1-523313780	S2-422264102,S3-767795786
S1-523331944	S2-915216061,S2-325852179,S2-304082029,S3-643097005
S1-523354724	S2-76062173,S3-728397874,S3-477128032,S3-690934007
S1-523491259	S2-29386735,S2-242560178,S2-530210849,S2-361317195,S3-312294625,S3-719749482
S1-523544591	S2-301296435,S3-837516308,S3-738295241,S3-139462561
S1-523545830	S2-224406104,S2-851001817,S3-459412234,S3-485854664
S1-523575657	
S1-52360269	S2-844475684,S3-612986983
S1-523674373	S2-892808837,S2-581159943,S2-341377545,S3-252114300
S1-523693250	S2-514498572,S2-393424974,S3-529231586,S3-134068198,S3-884339911
S1-523730022	S2-288535452,S2-297102523,S3-453584905
S1-523756793	S2-501681489,S2-862457168,S3-444585937
S1-523758063	S2-462788256,S2-530760287,S3-578137961
S1-523783894	S2-429943655,S2-240940810,S3-125283849,S3-484666535
S1-523812587	S2-342459276,S3-182748752
S1-523863352	S2-361046240,S3-633135749
S1-523944667	S2-64705455,S3-504612460,S3-701594477,S3-970382515,S3-232819985
S1-524052705	S2-286941312,S2-869983072,S3-353879120,S3-674936933,S3-964446002,S3-858413500,S3-641936640
S1-524070027	S2-2883021,S2-124129552
S1-52413378	S2-690211687,S3-843340497,S3-568845707,S3-671594420,S3-389197202
S1-524211864	S2-33088943,S2-216133947,S2-75336894,S3-963901369
S1-524247670	S2-58723285,S3-79890951,S3-878022597
S1-524262468	S2-797235745,S2-79950476,S3-603431833
S1-5242817	S2-822603875,S2-454969451,S2-642614152,S3-983840082
S1-524311305	S2-817973340,S3-790834630,S3-50865926
S1-524372741	S2-56287162,S2-59486180,S2-594247714,S3-543888489,S3-492672999,S3-500811227,S3-50043696,S3-220251934
S1-524438968	
S1-524513399	S2-888139434,S3-476438257
S1-524634700	S2-193684408,S2-189935224,S3-148041123
S1-524681313	S2-728673969,S2-457542014,S2-42635997,S2-331812039,S3-918924640
S1-524688659	S2-975098197,S3-234228657
S1-524728530	S2-564106371,S3-344120281,S3-982356754
S1-52474310	S2-437625672,S2-315196954,S3-691159341
S1-524802710	S2-644528372,S3-364663186
S1-524821303	S2-815656729,S2-338433700,S2-597411085,S3-738262285
S1-524821835	S2-344173701,S2-759813752,S3-43556656,S3-293600442
S1-524847621	S2-90611626,S3-516231079,S3-609204897
S1-524939797	S2-813043303,S3-213578042,S3-627291646
S1-525051434	S2-171502400,S2-863290780,S2-795265791,S2-454211590,S3-261995968
S1-525058630	S2-60057493,S3-838379161,S3-295151585
S1-525076766	S2-416349575,S2-955764413,S3-57576202,S3-882464297,S3-168360862,S3-441397123
S1-525094741	S2-856132109,S2-238408311,S3-545243559,S3-899355127
S1-525177580	S2-387176992,S2-711418985,S3-316018207,S3-603537183,S3-907053332
S1-525189210	S2-337819274,S2-242035825,S3-211090211,S3-539694826
S1-525271714	S2-589685961,S2-737643084,S2-568852561,S3-389234973,S3-398030680,S3-999035138
S1-525315311	S2-229983382,S2-485098003,S3-559277684,S3-587332397,S3-39162434
S1-525431135	S2-54229372,S3-228222309
S1-525447772	S3-589998783
S1-525453957	S2-875354860,S3-17408619
S1-525591556	
S1-525598926	S2-235047951,S2-883987515,S3-416846553
S1-525615336	S2-239268893,S3-630620719,S3-760448081
S1-525677910	S2-664816378,S3-240539899,S3-591453573,S3-856571869
S1-525717327	S2-90253834,S3-185004770
S1-525770901	S3-729950957
S1-525911869	S2-500435093
S1-525994793	S2-687463702,S3-144249033,S3-547831632,S3-721005486,S3-171722933
S1-525999639	S2-768024059,S3-199008608
S1-52618152	S2-199083765,S3-485846731
S1-526216784	S2-754466544,S3-506373473,S3-83823300,S3-8176425,S3-792333999
S1-526280770	S2-154786098,S3-386036784,S3-890165370
S1-526289079	S2-84639669
S1-526432338	S2-627998351,S3-975490805,S3-592074406
S1-52652327	S2-786202432,S2-741537294,S2-419470580,S3-643125131,S3-99428507
S1-526590814	S2-946796252,S3-481603852,S3-402722187,S3-108859317
S1-526596732	S2-297119531,S3-869866591
S1-52665566	S2-454594826,S2-777551226,S2-176425440,S3-716224195,S3-721183944
S1-526662521	S2-75230210,S2-637340909,S3-901504368,S3-661018010,S3-969691561
S1-526699996	S2-188317650,S3-603387150
S1-526987970	S2-106990858,S2-156219520,S2-446567014,S3-653189855
S1-526997306	S2-971341449,S2-632323352,S2-579389123,S3-460249310,S3-859314240
S1-527085762	S2-123921570,S3-688657450
S1-527158633	S2-160389144,S2-963897334,S3-905772196
S1-527239039	S2-519102423
S1-527247102	S2-99656655,S3-208148420,S3-475225925
S1-527284832	S3-436977210
S1-527309124	S2-646425806,S2-825685537,S3-657631721,S3-96564387,S3-278149555
S1-527330076	
S1-527401367	S2-72507114,S2-83358639,S3-486933968,S3-587146242
S1-527470448	S2-837262152,S3-699084023,S3-597706706,S3-381753237,S3-950142685
S1-527567114	S2-933658717,S2-237470562,S3-999524309
S1-527581501	
S1-527607272	S2-701873861,S3-343196768,S3-800949060
S1-52765996	S2-174546103,S2-523585206,S2-617176287,S2-362906016,S3-172663812,S3-300246067
S1-527726556	S2-202814892,S3-338796273
S1-528053997	S2-731093669,S2-480271899,S3-765729946
S1-52813591	S2-537992417,S2-399500859,S2-591301058,S3-386126485
S1-528153183	S2-698616354,S2-829337272
S1-528236171	S2-531937115,S2-743964009,S2-206967118,S2-952569342,S3-468496776,S3-678590225
S1-528241440	S2-902188130,S2-576048192,S3-882201796,S3-320289914
S1-528258882	S2-695446963,S3-795429737,S3-628639354,S3-967965041
S1-528261344	S2-899811985,S3-790372520
S1-528282078	S2-540981801,S2-471157593,S3-658434988,S3-387290515
S1-528355199	S2-437223336,S2-811282018,S2-913952626,S3-992190601,S3-997396841
S1-528360820	S2-484808461,S2-184832416,S3-279514298,S3-548443763,S3-312298537
S1-528427357	S2-44101625,S2-414922045,S2-987187007,S2-359217930
S1-52845069	S3-909861549,S3-85686114
S1-528499717	S2-314489235,S3-333671710,S3-82641107,S3-5974833
S1-528576199	S2-636173662,S2-864091923
S1-528611467	S2-136956945,S2-728625492,S2-137293472,S3-436496445,S3-107409070
S1-528748403	S2-787372902,S2-227383367,S3-815105376
S1-528815988	S2-774671057,S2-230834187,S3-204111211,S3-504679173,S3-962320380
S1-528856284	S2-71979215,S3-93300263,S3-824112301
S1-528874052	S2-91858329,S2-401151445,S3-676428609,S3-566968754,S3-989691040
S1-528934277	S2-293163611,S2-17895114,S3-437264973
S1-529038740	S2-8707678,S2-441794641,S3-772532920
S1-529049799	S2-513597999,S2-336708365,S2-824907338,S3-323875823,S3-858433127
S1-529069069	S2-653514857,S2-921893327,S3-106010264,S3-938579945,S3-73654962
S1-529088288	S2-514534935,S2-829173794,S2-697868210,S3-606116614,S3-439075413,S3-463682794
S1-529121235	S3-698049805,S3-216111059,S3-229339245,S3-851349663,S3-29370530
S1-529221214	S2-769685865,S3-111714006
S1-529248246	S2-767302578,S2-67880939,S3-201536474,S3-184567481
S1-529274234	S2-76316018,S3-338734506,S3-767381748,S3-232640334
S1-529309233	S2-822421107,S2-186252051,S2-276748181,S3-568414792,S3-311078360
S1-529346020	S2-776182082,S2-9239116,S2-749664479,S2-902913981,S3-256363954
S1-529487432	S3-537562347
S1-529492504	S2-444288597,S3-256383707,S3-12741180,S3-148517681
S1-529534395	
S1-529630763	S2-698722815,S2-743299099,S2-885521348,S3-892120389,S3-300610362
S1-529634561	S2-982934962,S2-93797258,S2-713112511,S2-300837127,S3-84616632,S3-252515469,S3-266932691,S3-801929797
S1-52968429	S2-192159960,S2-295697712,S3-801742641,S3-499946757
S1-529733637	S2-112030758,S3-567266653
S1-529751933	S2-603636486,S2-126286537,S3-592750356
S1-52976617	S2-927885001,S3-562612457,S3-735677793
S1-529863091	S2-993091250,S2-986688062,S3-919737242
S1-529868954	S2-557440523,S3-363904393
S1-529927660	S2-609300206,S2-998719585,S2-774408430
S1-529965370	S2-209916046,S3-411455587
S1-529997034	S2-411249760,S2-784410139,S2-500784119,S3-193197865
S1-530004551	S2-402724927,S2-758943152,S2-903901226,S2-15597946,S3-872458556
S1-530022998	S2-874520779,S3-859168471
S1-530048051	S2-440986166,S2-57423550,S3-583035068,S3-150320578
S1-530061881	
S1-530096697	S2-129675984,S3-758657115
S1-530244240	S2-526652114,S2-984427108,S3-134304477,S3-793753881,S3-796789260,S3-193984131
S1-530335567	S2-120809380,S2-792899035,S2-228009540,S3-309733102
S1-530595318	S2-251846198,S2-949981543,S3-460569905,S3-319496414,S3-788590416
S1-530633062	S2-61593849,S2-607011168,S3-865318628,S3-218215845
S1-530655388	S2-563226141,S3-287156373
S1-530659264	S2-747613931,S2-820418025,S2-218738282,S3-437330071,S3-37030208
S1-530689124	S2-736487925,S2-543033903,S2-315236950
S1-53070368	S3-169998618
S1-530718070	S2-749028864,S2-264316700
S1-530738885	S2-794989988,S2-729822351,S3-375541610,S3-291137100
S1-530756794	S2-917212019,S3-495830105
S1-530773001	S3-330164690
S1-530796227	S2-129364118,S2-973160688,S3-586890307
S1-530871444	S2-56769912,S2-353620664,S3-686630617,S3-815946890,S3-455350818
S1-530958512	S2-811192206,S2-614355474,S2-231882131,S3-260415058
S1-531026645	S2-456400220,S2-820074143,S3-366919511
S1-531135115	S2-905662872,S2-894490024,S3-553136169,S3-229063701,S3-408564781,S3-512796977
S1-531210205	
S1-531305355	S2-331070662,S2-267633679,S2-776587518,S3-25737646
S1-531392276	S3-797963949
S1-531443683	S2-924630539,S2-75774987,S2-940455579,S3-22755339
S1-531542443	S2-910145729,S2-122389099
S1-531564707	S3-592027234
S1-531581337	S2-906480899,S2-581309515,S2-138443404,S3-440348232,S3-344297801,S3-86510593
S1-53163910	S2-15346666,S2-466443202,S2-422547796,S2-799156051,S3-398232420
S1-531691025	S3-413656227,S3-46217592
S1-53181553	S2-362690206,S2-783585092,S3-103541406,S3-755458938
S1-531871755	S2-211614061,S2-557629196,S3-882508689,S3-916821193
S1-531872460	S2-188689680,S3-684214332,S3-327902396
S1-531874333	S2-575413258,S2-685800955,S3-231512718
S1-531875581	S2-742269643,S2-940946293,S3-510749896,S3-401373897,S3-444088368
S1-531891271	S2-14086456,S2-537173583,S3-587459171,S3-749967990,S3-488092754
S1-5318990	S2-675234240,S2-339820417,S3-998834532,S3-5410902
S1-532025539	S2-861755240,S3-5735418,S3-559865001,S3-426263369
S1-532067062	S2-982502228,S2-121905740,S3-36003197
S1-532067589	S2-950362121,S3-6134724
S1-532073505	S2-902578820,S2-532973926,S3-218381444,S3-55491395
S1-532206825	S2-598806909,S3-743077085
S1-532256178	S2-151803395,S3-728816765
S1-532447225	S2-144047949,S3-79946341,S3-35516774,S3-53434494,S3-316612270
S1-532448112	S2-882352151,S2-767012960,S3-504493687,S3-670475464
S1-532550740	S3-148719636,S3-330814636
S1-53258346	S2-279891442,S3-385379051,S3-357783706
S1-532624887	S2-672339707,S2-468368518,S2-929410153,S2-583374041,S2-653141926,S3-401798188,S3-420593647
S1-532626130	S2-360031015,S3-594122430,S3-598209089
S1-53271867	
S1-532797551	S2-581354146,S3-752651057,S3-269361761,S3-85250392
S1-532829088	S2-218659395,S2-627181613,S2-77310087,S3-790530894
S1-532869595	S2-852769941,S3-245778110
S1-532899440	S2-343108851,S2-925056706,S3-749728820,S3-517733000,S3-619878989,S3-528507424,S3-90813806
S1-532937492	S2-576001884,S3-200910823
S1-533149616	S2-718231289,S3-386041582,S3-997771814,S3-774454006,S3-642825024
S1-533218009	S2-397543990,S3-363355884,S3-195162523,S3-581121994
S1-533375360	S2-677761523,S2-243618511,S2-489401282,S3-718714362
S1-533410328	S2-185974632,S3-853763021,S3-390418913
S1-533577153	S2-843768417,S3-690918173
S1-533597464	S2-328187023,S3-747631026,S3-360856684,S3-459779478
S1-533875623	S2-696573783,S2-917651284,S2-845985762,S3-688038844,S3-584787161
S1-533939846	S2-928817945,S2-173412361,S3-25174768,S3-268651900,S3-525184565
S1-534097218	S2-256750496,S3-600492019
S1-534121706	S2-611889651,S2-923176344,S2-22381450
S1-534145279	S2-985796027,S2-282586397,S3-462221737
S1-534154847	S2-610068539,S3-897762444
S1-534247519	S3-263846882,S3-619497925
S1-53432351	S2-99813029,S2-79572581,S3-112634821,S3-363004994,S3-546850442
S1-534341500	S2-432666630,S2-530499026,S2-3212168,S3-154264194,S3-837959302
S1-534440103	S2-726186759,S2-679892262,S3-665295028,S3-564576569
S1-534462280	S2-901629096,S3-979030764,S3-547218308
S1-534540843	S2-875566293,S2-983583108,S3-772682581,S3-705032180
S1-534565442	S2-430325570,S2-722455922,S3-596897038,S3-954740361,S3-908876012
S1-534575329	S2-575719394,S3-360137176,S3-118647553
S1-534585810	S2-333765075,S2-769012730,S3-428802895,S3-212927335,S3-906125492
S1-534588709	S2-633615164,S2-578375723,S2-810883353,S3-13765647,S3-441720813,S3-572312507
S1-534738097	S2-616088653,S3-266492667,S3-255360677,S3-945804478
S1-534784353	S2-793082435,S2-175194938,S3-693027031
S1-534810252	S2-339188607,S3-661675333,S3-536031016
S1-534848617	S3-108779531
S1-534915350	S2-187790947,S2-584710627,S3-659688724
S1-535059420	S2-523945119,S2-665462535,S3-14684187,S3-428282311
S1-53507098	S2-68101978,S2-468934015,S3-730794891
S1-535076190	S3-368993687
S1-535166984	S2-792673249,S3-509376726,S3-748052310
S1-535284993	S2-957961924,S2-165096562,S2-636326636,S3-497716731
S1-53531780	S2-889643433,S3-54850847
S1-535442083	S2-205979440,S2-523089120,S2-33678728,S2-452651605,S3-401556002,S3-513781322
S1-535458276	S2-259918808,S2-949176722,S2-648109045,S3-76190376
S1-535467198	S2-843304117,S3-201211961
S1-535470057	S2-485290207,S3-153041515
S1-535481817	S2-189495365,S2-912812380,S3-178082630
S1-53557621	S2-297303723,S3-419112975,S3-338924979
S1-535586984	S2-478269641,S3-316465611,S3-155531522
S1-535607844	
S1-535754661	S3-796341496,S3-136164089,S3-595471326,S3-701014824
S1-535757051	S2-309395770,S3-556251618
S1-535814458	S2-978164276,S2-714605176,S3-495033711,S3-770190654
S1-535827296	S2-636260079,S3-875802364
S1-535838869	S2-133990197,S2-595940196,S3-328978087
S1-535865710	S2-779027579,S3-124392590
S1-536029953	S2-369682909,S3-580860967
S1-536037164	S2-320078097,S2-806921906,S2-962723061,S3-153384149
S1-536056385	S2-918896662,S2-32546238,S2-286023994,S3-239933706,S3-232240030,S3-102399075,S3-682871232
S1-536084291	S2-493822805,S3-466591712,S3-109325388,S3-939868230,S3-276153535
S1-536093485	S3-424817575,S3-43651979,S3-785525197
S1-536134844	S2-560576194,S3-909085102,S3-213294876
S1-536510172	S2-293832929,S3-364650598,S3-148333977,S3-997248975
S1-536580294	S2-122525184,S2-458402351,S2-23160171,S2-739000372,S3-300882872,S3-235438200,S3-981991972
S1-536694057	S2-58127751
S1-536745143	S2-88439509,S2-128198087,S2-278271307,S3-347902893,S3-895125012
S1-536882382	S2-174140465,S2-771421101,S3-363405185,S3-154410751,S3-266597632,S3-230881343,S3-472938875
S1-536923993	S2-270840341,S3-75630185,S3-609981654,S3-283072262,S3-653554832,S3-436353555
S1-536943009	
S1-537051497	S2-684189613,S2-626268284,S3-647857065
S1-537079922	S2-44696548,S3-723523687
S1-537091960	S2-44428103,S3-349454894
S1-537331595	S2-773081524,S2-957085938,S3-111609011
S1-537333669	S2-737070267
S1-537342991	
S1-537416537	S2-509560957,S3-284013432,S3-985009181,S3-952144097
S1-53747083	S2-655283179,S3-545851907
S1-537508735	S2-734981235,S3-308419377
S1-537522180	S2-334711449
S1-537589149	S2-388764977,S2-168301611,S2-261113749,S3-364330607,S3-342455851
S1-537660002	S2-391960479,S3-13112433
S1-537714642	S2-978171318,S3-977346170
S1-537745085	S2-542858797,S2-539046114,S3-419059979,S3-779348829,S3-422064777
S1-537841694	
S1-537877575	S2-714766943,S3-421708207,S3-924615033,S3-532651922,S3-384822466
S1-537886995	S2-148216403,S2-496182404,S3-122048605
S1-537976159	S2-775203948,S2-833005775,S3-656022265,S3-389058717
S1-538018302	S2-187618035,S2-503987372,S3-302896771,S3-644946532
S1-538102098	S2-742165771,S2-943061513,S3-82663588
S1-538152315	S3-754293507,S3-10932822,S3-274998621
S1-538215398	S2-684200476,S3-112960576
S1-538337059	S2-162317629,S2-918230681,S3-599544100
S1-538400069	S3-27640955,S3-938604579,S3-167845680,S3-776778528
S1-538459460	S3-774319920,S3-331016318
S1-538459821	S2-392295697,S2-633998115,S3-171989274
S1-538463034	S2-97905381,S3-104904579,S3-227273495
S1-538598117	S2-939590244,S2-991248207,S3-614860121
S1-538606491	S2-384991031,S2-702902699,S2-504764558,S3-129497054,S3-842225991
S1-538636477	S2-848532483,S3-493883900
S1-538677570	S2-980159588,S2-249334399,S3-205541497
S1-538707000	S2-32887953,S3-41963992,S3-549425269,S3-775144828
S1-53872060	S2-70823837,S2-741222353,S3-725456507
S1-538763676	S2-458411248,S2-991214657,S3-915896157,S3-648310389,S3-773593162
S1-538962955	S2-555922246,S2-439537669,S2-657965848,S3-976066768
S1-538982067	S2-255653117,S2-435060331,S2-245696359,S3-501393551
S1-53902766	S2-365477644,S2-873634606,S3-59440299,S3-508327141
S1-539045425	S2-589503356,S3-499306539
S1-539146397	S2-643524200,S3-567997741,S3-689799883
S1-539208857	S2-706239322,S3-712161618
S1-539252867	S2-873135792,S3-383234475,S3-576962940,S3-659873686
S1-539371124	S2-106231014,S2-469230807,S3-299753281,S3-212399492
S1-539391374	S2-435995721,S2-163950852,S2-156300833,S2-729405440,S3-20322104,S3-601461243,S3-619268073,S3-728758974,S3-908727709
S1-539496509	S2-376148595,S3-393894805,S3-583905281,S3-47127762
S1-539560537	S2-791822091,S3-191878477
S1-539619382	S2-143169739,S2-219451660,S2-545052965,S3-597404106
S1-539840649	S2-7846338,S2-273070127,S3-676314261,S3-71963832,S3-613891555
S1-53985049	
S1-539931757	S2-922608117,S2-226118962,S3-399059393
S1-540192075	S2-649669467,S3-202270690,S3-980137791
S1-540278683	S2-523504003,S2-509503786
S1-540296486	S2-507914626,S2-958510114,S3-991002842,S3-623777832
S1-540471708	S2-410871026,S2-684445953,S3-908049949
S1-540525084	S2-507185571,S2-353592494,S2-102671091,S3-225577693
S1-54052860	S2-76777918,S3-334666000,S3-153464890,S3-767032643
S1-540539635	S2-854850065,S2-726251232,S3-978645566
S1-540549686	S2-512263596,S3-621520520
S1-540605972	S2-926999584,S2-510507252,S3-639951403
S1-540698015	S2-742468900,S3-478448268
S1-540722659	S2-793656493,S2-94322155,S2-649158632,S2-196902347,S3-683920660,S3-87157388,S3-950834003
S1-540831900	S2-223384876,S3-457002488,S3-787209564
S1-540844399	S2-291082782,S3-976046231,S3-487169433,S3-667158958
S1-540900544	S2-161265602,S2-193564169,S2-989939573,S3-372508728,S3-916083947,S3-257779924
S1-540966360	S2-792378813,S3-421511231
S1-540985733	S2-658026492,S2-303972583,S3-203229627,S3-951276238,S3-785140554
S1-541045108	S2-762253016,S3-796412825,S3-860078814
S1-541062288	S2-167277106,S2-965083034,S2-519450038,S3-281272714
S1-541111923	S2-70930900,S3-889214581
S1-541181914	S2-326885263,S2-891941546,S2-144343941,S3-116161477,S3-290078822
S1-541195002	S2-954743411,S3-403620852,S3-566715790,S3-695935500
S1-541232709	S2-672116431,S2-694239638,S3-341759686,S3-355035498
S1-54123820	S2-834585425,S2-101188665,S3-67935996,S3-635955420,S3-272676899
S1-541255400	S2-224675627,S2-439246262,S2-910368156,S3-317276264,S3-981673971
S1-541287985	S2-278457787
S1-541304508	
S1-54132065	S2-223659335,S2-771331222,S2-771737459,S3-510912954
S1-541335952	S2-395229189,S3-716560172
S1-541370629	S2-558781881,S2-706582466,S3-53993248
S1-541377355	S2-659347307,S2-404569280
S1-541410972	S2-129988675,S3-695802798,S3-629726060
S1-541439800	S3-982497003
S1-541508976	S2-978883001
S1-541521045	S3-152932215,S3-61253957
S1-541719938	S3-396929485
S1-541827180	S2-117574189,S2-168315659,S2-12223764,S3-54199312
S1-541850162	S2-168538044,S2-388430475,S2-695495922,S2-153268647,S3-548450374,S3-119329145,S3-942884168,S3-152723179
S1-541944117	S2-101812404,S3-110838051,S3-303709162,S3-34174502,S3-668802490
S1-541974951	S2-974040106,S3-235287369,S3-982558078,S3-670894993
S1-542063013	S2-142929460,S3-493872333,S3-550107476
S1-542142061	S2-273704034,S3-29802581
S1-542322488	S2-219010025,S3-659027374
S1-54239991	S2-62193006,S2-998947084,S3-775695634,S3-407300309
S1-542416187	S2-397713690,S2-181703591,S3-919525111,S3-44708632
S1-542454319	S3-539153188,S3-683025989
S1-542497753	S2-451993600,S2-857770596,S3-232303663,S3-198122029
S1-542500410	S2-506080422,S2-147164077,S3-212280609
S1-542760850	S2-231123214,S2-980813192,S3-285531634
S1-542885056	S2-247192646,S2-629196102,S3-317469389
S1-543015331	S2-795524381,S2-575151363,S3-530904639
S1-543045105	S2-133683958,S3-477665206,S3-668918014
S1-543117970	S2-667965786
S1-543135360	
S1-543170071	
S1-543223264	S2-570440345,S2-770473015,S3-819418400,S3-899750906
S1-54327737	S2-992751483,S2-324991826,S3-129018001,S3-502734930
S1-543376921	S3-704004056,S3-827992689
S1-543466621	S2-575996075,S2-219105723,S3-746088240
S1-543482173	
S1-543565210	S2-883246214,S3-35994365
S1-54358777	S2-101725140,S2-19191854,S3-342058431,S3-994007610
S1-543627158	S2-10254051,S2-158432940,S2-838870995,S3-934486406
S1-543707225	S2-117939711,S2-586134152,S2-212635380,S3-87226919,S3-37871036
S1-543771624	S2-848395700,S3-403139287,S3-293411813
S1-543851212	S2-167806443,S2-482248597,S2-292403089,S3-348379276
S1-543883050	
S1-543921511	S3-498576835,S3-144984458
S1-544066972	S2-353977227,S2-919428929,S3-566803210,S3-333594278
S1-544067925	S2-567145162,S2-744377108,S2-1916076,S2-3924233,S3-572838112
S1-544142352	S2-996364116,S2-4353460,S2-609875620,S3-684625897
S1-544177195	S2-217896886,S2-26379350,S3-778592840
S1-544238037	
S1-544243675	S2-609490774,S2-191408158,S3-766390182,S3-635125245
S1-54425936	S2-674578686,S2-131463496,S3-316375879,S3-662165313,S3-179099884
S1-544344407	S2-49542069,S2-565144622,S2-72993599,S2-801660737,S2-787528859,S3-701155142,S3-913721807,S3-195674030
S1-544347796	S3-694879120
S1-544438599	S2-34450635,S3-800875912,S3-782618509,S3-420935665
S1-544469552	S2-208077802,S2-57473216,S2-156019601
S1-544553037	S2-273078526,S2-606034531,S2-190242771,S2-76648408,S3-395791173
S1-544608388	S2-718887778,S3-829146308
S1-54461441	S2-610779143,S3-77769985
S1-544681530	S2-114057965,S2-790598348,S3-219047754
S1-544744935	S2-96542712,S2-650987112,S2-144168100,S3-335243452
S1-544774769	S2-967429320,S3-325454125
S1-544781619	S2-154285783,S3-429555041,S3-592661037,S3-844229213
S1-544798469	S2-540414918,S3-849273368,S3-456629712,S3-802248235
S1-544817429	S2-454384633
S1-544902191	S2-430804110,S3-653041980,S3-532354340
S1-545066663	S2-432525479,S2-356817437,S3-22844075
S1-545083005	S2-703271906,S2-455158219,S3-451284901,S3-499107669
S1-545088403	S2-780018414,S3-180896319
S1-545111377	S2-654147638,S2-689369144,S2-115634489,S3-911844540
S1-545124636	S2-776760341,S2-827173431,S3-544895186
S1-545167549	S2-235057586,S3-685709940
S1-545186705	S2-866041226,S2-181134633,S2-403833221,S2-434532533,S3-952986889,S3-222136656,S3-692780352,S3-58918020,S3-276513343
S1-545210025	S2-592903177,S2-632272610,S3-182376311
S1-545279488	S2-914911745,S3-403130420
S1-545291642	
S1-545326234	S2-90235266,S2-520360517,S3-146789650
S1-545360511	S2-765104885,S2-699469898,S3-499297760
S1-545414369	S2-509712035,S3-71285509,S3-183474960,S3-806626604,S3-994607775
S1-54544858	S2-98535296,S2-915630347
S1-545505378	S2-129639427,S2-34690417,S2-982101731,S3-76292022,S3-42091736,S3-403692699
S1-545640916	S2-917949649,S2-316666156,S3-238317817,S3-734511102,S3-111409993
S1-545729632	S2-17335467,S2-969675410,S2-230290344
S1-545875277	S2-697532824,S2-538522323,S3-583348717,S3-317390072
S1-545892873	S2-276125360,S3-288396315,S3-323688000,S3-801874629
S1-545912747	S2-448418194,S3-960542931,S3-34983896
S1-545941822	S2-979085023,S2-482878203,S2-241199610,S3-373934477,S3-830236673
S1-545966396	S2-860746865,S2-895762218,S2-800714880,S3-742144976,S3-753120781
S1-546029506	S2-90762191,S2-479648707,S3-917399585
S1-546073530	S2-94290047,S3-312754601,S3-220136863
S1-546083789	S2-704352534,S2-586708518,S3-231729025,S3-824495790
S1-546095763	S2-306188458,S3-789673374
S1-546125643	S2-232044331,S3-121182607,S3-630701612
S1-546248039	S2-206839173,S3-636585862
S1-546362481	S3-876081746,S3-354444110,S3-407178505
S1-546404519	S3-249181076,S3-663698062
S1-546580192	S2-770345314,S2-541920549,S3-361623089,S3-995727013,S3-468734514
S1-546608909	S2-154185826,S2-996322216,S3-203026762,S3-232505891
S1-546630495	
S1-546780761	S2-708239120,S2-60160413,S2-495887954,S3-729601820
S1-546875387	S2-596835119,S2-668150946,S3-462766843,S3-94690720
S1-547173270	S3-433637200
S1-547201267	S2-759732797,S2-81207794,S3-748061860,S3-809259454
S1-547253062	S2-777230179,S3-125371119,S3-67307786
S1-547272817	S2-18295787,S2-974268068,S2-416407494,S2-881579094,S3-976385492,S3-58232750,S3-85299305,S3-8036434
S1-547277814	S2-14959475,S2-656427948,S3-910499101,S3-553491463,S3-384500976
S1-547305695	S2-489855158,S3-150575097,S3-723377224,S3-469344744,S3-947617805
S1-547365042	S2-465465071,S2-845267241,S3-532781616,S3-19774877
S1-547409520	S2-829516659,S2-873027927,S2-243526464,S2-662980246,S2-550053173,S3-995343135,S3-977321055
S1-547452892	S2-590955779,S2-77416193,S2-69773863,S3-91418103
S1-547477361	S2-162390298,S3-446676743
S1-547520674	S2-953140251,S2-259874213,S3-567232194,S3-65444993
S1-547615519	S2-224167995,S3-978875636
S1-547680303	S2-480520710,S3-800505946
S1-5477840	S2-939927540,S2-998326417,S3-468496118,S3-118668502
S1-547832095	S2-549779858,S3-836580566,S3-697706332
S1-547853590	S2-629273602,S2-109891552,S3-86139119,S3-757920316,S3-10804038,S3-613333102
S1-547985827	S2-217426865,S3-545936431
S1-548035672	S2-436666104
S1-548077413	S2-441434645
S1-548097662	S2-935961483,S3-446848736
S1-548099026	S2-192222206,S2-506231690,S2-105109679,S3-897992481,S3-298948819
S1-548115980	S2-454311941,S3-276734843,S3-88874203,S3-186714469,S3-977611737
S1-548200369	S2-639272092,S2-236753438,S3-276345477
S1-548257267	S2-927363540,S2-86170452,S3-547969016
S1-548298484	S2-453049299,S3-995909621,S3-633450914,S3-810785174
S1-548316217	S2-145628483,S3-429200214
S1-548362108	S2-380810449,S2-619489806,S3-159474894,S3-303971206,S3-38847149,S3-639119396
S1-548503008	S2-165490998,S2-180856770,S2-285581122,S3-685011709
S1-548542137	S2-34501815,S2-979369373,S2-377226481,S3-514745868
S1-548554256	S2-125121394,S2-797679890,S3-540978738,S3-593329405,S3-443482195
S1-548587626	S2-13123216,S2-813927746,S3-293351456,S3-916797979,S3-545630168,S3-15673060,S3-197469075
S1-548588246	S2-601764743,S3-866031663,S3-301405281
S1-548619182	S2-931970572
S1-548650867	S2-141420414,S3-416458902,S3-765727362,S3-754743019,S3-55779309
S1-548671660	S2-294042757,S3-694383536,S3-798118691,S3-54246413
S1-548744638	S3-768482959,S3-561935660
S1-548779103	S2-159938363,S2-416671122,S2-163827327,S3-435487295
S1-548821903	S3-958406854,S3-531946236
S1-548834996	S2-169570028,S3-216876078
S1-548881740	S3-485722833
S1-548946017	S2-290361226,S2-956569964,S3-489096795
S1-548978634	S2-215356153,S3-209430917
S1-549034988	S3-651512391,S3-905142513,S3-817459843
S1-549102726	S2-443815522,S2-785406466,S2-214299417,S2-594828160,S3-713697350
S1-549175433	S2-261738186,S2-53251326,S3-349428951,S3-590647501,S3-752462237
S1-549189716	S2-850777768,S2-293962790,S2-180410103,S3-716146173,S3-270227717,S3-634586253
S1-549244819	S2-92584097,S2-873708915,S3-882067560
S1-549349955	S3-729493320
S1-549388305	S2-272062854,S2-947719656,S3-854295854,S3-85346547
S1-549476404	S2-567349548,S2-103080673,S2-693667255,S3-584779444,S3-684403036
S1-549507228	S2-478637921,S2-492257973,S3-486630900
S1-549676548	S2-793855022,S3-873583116
S1-549786059	S2-555747843,S3-535383729,S3-46499801
S1-549787769	S2-748434940,S3-967754980,S3-435696847,S3-167275728
S1-549876912	S2-962225171,S2-285904129,S2-991434479,S3-660562253
S1-54991975	S2-992448925,S3-116122595
S1-549984364	S2-585475954,S2-716866920,S3-561458914
S1-550087067	S2-730450913,S2-333714082,S2-98153341,S3-170512047,S3-95253481,S3-177400907
S1-550105855	S2-755220678,S2-757714959,S3-961005781,S3-998440655,S3-100421014,S3-667230803
S1-550190686	S2-575015355,S3-992835600
S1-550201132	S2-478794594,S3-181025972,S3-632335838
S1-55028942	S2-903000219,S3-856024778,S3-505509898
S1-550381090	S3-517602934
S1-5504182	S2-873806057,S2-361487466,S3-657503346,S3-317113083,S3-204971532
S1-550453413	S2-713480070,S2-175445754,S3-52354307,S3-468418829,S3-357387820,S3-962891267
S1-550466054	
S1-55064840	S2-533704364,S3-479560036
S1-550673385	S2-556708123,S3-714328939,S3-64608228,S3-277709828
S1-550750100	S2-998188704,S3-195900478,S3-378046324,S3-508778499
S1-550780938	
S1-550808488	S2-553518102,S2-742054328,S2-735604026
S1-550832158	S2-148186511
S1-550840102	S2-139969654,S2-787593128,S3-441393239
S1-550919636	S2-935653767,S3-24535756,S3-778939919,S3-363356797
S1-550978472	S2-405666832,S3-646194616,S3-276366077,S3-311117152,S3-374821671
S1-55099688	S2-613726022,S3-312814764,S3-671118553
S1-550999142	S2-187548170,S2-453194290,S3-368862049
S1-551066744	S2-494823440,S2-877216068,S2-801231404,S3-979660003
S1-551174866	S2-48180523,S2-80764140,S3-204574086,S3-174255414,S3-389371279
S1-551293604	
S1-551301497	S3-666455850
S1-551356717	S2-757968188,S3-222425104,S3-173124806,S3-373628092
S1-551386179	
S1-551547462	S2-857276019,S2-42896745,S3-784988164,S3-388436662
S1-551572509	S2-607085218,S2-392056012,S2-893880349,S2-13694809,S3-46658663
S1-551633409	S2-975546416,S3-824334550,S3-451118665
S1-551670370	S2-818450218,S3-667347956,S3-733023374,S3-843796247
S1-551771453	S2-57341322,S2-614829201,S3-902116751,S3-901400178,S3-426872912
S1-551795421	S2-699399102,S2-163491557,S3-778987668
S1-551825283	S2-656955181,S2-11625534,S2-751093949,S3-841895224,S3-524265833
S1-551866096	S2-484175116,S2-435746404,S3-119456667,S3-309103595,S3-251408198
S1-552016215	
S1-552235055	S2-426575829,S3-679365286,S3-600765606,S3-177131853
S1-552315320	S2-920517173,S3-55782473,S3-255887803,S3-972481505
S1-552373727	S2-687522162,S2-396912504,S2-297349136,S3-937356711,S3-359358474,S3-43977994
S1-552434310	S3-54029512,S3-772699652,S3-766801331
S1-552440481	S2-835778085,S3-619514735
S1-552451350	S2-925072123,S2-763891698,S2-647551539,S3-624508939,S3-264416186
S1-552456092	S2-842185030,S2-214094565,S3-128916907
S1-552467960	S3-211318176
S1-552493798	S2-282237670,S2-738579452,S3-642917913,S3-880341506,S3-609128830
S1-552515168	S2-275247233,S3-415811873,S3-791263363
S1-552550287	S2-954829063,S2-520456577,S2-788398438,S3-83477045,S3-956426826,S3-337894438
S1-552566423	S2-742833639,S2-58627708,S3-178600619,S3-348805708,S3-91071533
S1-552569799	S2-156696299,S2-482703994,S3-686741917
S1-552610117	S2-467752889,S2-450979167
S1-55295764	S2-153243625
S1-552957786	
S1-55295918	S2-568179928,S2-155939223,S2-991078520,S3-758400455,S3-239965592,S3-793422073
S1-553016106	S2-657810779,S2-64585826,S3-782576900,S3-968119987
S1-553026148	S2-248427575,S3-131456502
S1-553027128	
S1-553031802	S2-186690743,S2-981520367,S2-304267163,S3-971792292
S1-553221515	S2-687050863,S2-816671489,S2-603918325,S3-430758750
S1-553248578	S2-69936976,S2-664076010,S3-948869484,S3-184464744,S3-942464760,S3-466462831
S1-553408521	S2-259690186,S3-680712048
S1-553414887	S2-373463655,S3-852956405,S3-779579915
S1-553546805	S2-623672812,S2-930900150,S2-527905002,S3-82905806
S1-553549034	S2-869101941,S3-244286648,S3-975500506,S3-248017634,S3-420463918
S1-553569010	S2-260518299,S2-514804568,S3-572004599
S1-553582467	S2-772784921,S3-689107291,S3-614830400,S3-341906697
S1-553633905	S2-503882222,S2-584763445,S3-283996564,S3-963217842,S3-257323770,S3-919399458,S3-807013521
S1-553663376	
S1-553667546	S2-154378844,S2-728256061,S3-229447042,S3-92403168,S3-643179123
S1-553701465	S2-398150786,S2-823427888,S2-104866146,S2-67697514,S3-496544896,S3-726821350,S3-201705346
S1-553758787	S2-742517761,S3-863660279,S3-261784433,S3-869086467
S1-553830260	S2-813892298,S3-127018110,S3-519415350,S3-744966747
S1-55383452	S2-826708556,S2-249998842,S3-654201533
S1-5539246	S2-237134585,S2-837312072,S2-710565948,S2-350480813,S2-743180483
S1-554036252	S2-477619765,S2-697425252,S2-329472250,S2-96172451,S3-702056708,S3-399786544,S3-713466894,S3-537549341,S3-667758544
S1-554047958	S2-140159300,S3-762972856,S3-729787952
S1-55407657	S2-469623786,S3-796902113
S1-554079718	S2-659440941,S2-299361440,S3-349816295
S1-554101221	S3-457016308,S3-989478643
S1-554102609	S2-759433923,S2-506224169,S2-576387529,S2-622133531,S3-784321460
S1-554103253	S3-521185822,S3-536122162
S1-554163787	
S1-554188645	S3-943475509,S3-284963028
S1-554198241	S2-436247843,S3-71539712
S1-554260511	S2-163344315,S2-526791764,S2-867649287,S3-148833709,S3-19234696,S3-533211563,S3-1400477,S3-292470120
S1-554267239	
S1-554274325	
S1-554318771	S2-392954423,S2-451674761,S3-891495175,S3-218658638
S1-554342383	S2-611999165,S2-328488096,S2-70577825,S3-719019474
S1-554582916	S2-73579727,S3-857805095,S3-645095745
S1-554957938	S2-479342906,S2-453150808,S3-167957744,S3-539471791
S1-555015238	S3-375171808,S3-182766151,S3-271993276
S1-555033590	S2-381940036,S3-12685775
S1-555035348	S2-341122791,S2-848398713,S2-771078592,S3-631161871,S3-626491709,S3-984009955
S1-555049549	S2-651502943,S2-816698845,S3-899598324
S1-555189580	S2-313361605,S3-462964200
S1-555266878	S3-205902272,S3-488039768,S3-678243198
S1-555271761	S2-603473703,S2-868734539,S3-853638138,S3-352745559
S1-555354922	S2-66903193,S3-471718697,S3-929642884
S1-555373253	S2-119167683,S2-622973156,S3-597002095,S3-894260291,S3-499486611,S3-898653623,S3-277088912
S1-555483341	
S1-555491325	S2-61495971,S2-297038765,S3-398880422
S1-55555171	S2-149824240,S3-597477758,S3-954887740,S3-416257930,S3-487087641
S1-555572286	S2-109963633,S2-348979550,S3-782160402,S3-195239827,S3-53842354
S1-555622765	S2-200293286,S2-278556885,S2-463415667
S1-555747666	S2-447580414,S3-37717708,S3-808697775,S3-56878973
S1-555750321	S2-512666656,S3-580995818,S3-781706060
S1-555847081	
S1-555852714	S3-132107135,S3-330319352
S1-55586235	S2-311964902,S2-572001934,S3-177812520
S1-555956952	S2-480953651,S3-716952617
S1-556012934	S2-279218911,S2-38822204,S2-691935705,S3-861870417,S3-122356612
S1-556018375	
S1-556030370	S2-638977542,S3-343214339
S1-556051297	S2-162068439,S2-386369244,S2-408274693,S3-842356828,S3-899365997,S3-993911434
S1-556253015	S2-272105433,S2-476625195,S2-248843921,S3-69010382,S3-385695909,S3-645055706
S1-556356663	S2-221105342,S2-6005259,S2-302869497,S2-59909737,S2-79257808,S3-680081776
S1-556530270	S2-616547763,S3-505641456
S1-556567390	S3-166903315,S3-192728169,S3-598734164
S1-556589255	S2-244682502,S2-531461479,S3-610331004
S1-55667807	S2-82904294,S3-470505080,S3-696002154
S1-556740721	S2-940406854,S2-591166960,S3-220210289,S3-567709988,S3-293388278
S1-556844679	S2-951918148,S2-355513493,S2-453130316,S3-38041460
S1-556904549	S2-589495607,S2-12372036,S3-337318270
S1-556908468	S2-202565157,S3-45795605
S1-556919490	S2-42924928,S2-413969558,S2-227309927,S3-513537304,S3-189560783
S1-557000045	S3-779612970,S3-318402545,S3-250324227,S3-929089793
S1-557116484	S2-174982575,S3-244745600,S3-484808075
S1-557141485	S2-218842837,S3-786617350,S3-100661307,S3-154445961
S1-557150616	S2-135869625
S1-557166318	S2-895430968,S2-566401348,S3-991141595
S1-557297463	S2-666945993,S3-36442318,S3-625171503
S1-55729843	S2-836064192,S2-610845910,S3-579661336
S1-557306894	S2-394762308
S1-557377112	S2-332747329,S3-651777129,S3-377103965,S3-138669673
S1-557392544	S2-869153639,S2-67380772,S3-906232027,S3-238972440
S1-557581194	S2-503543139,S2-774240183,S2-307062333,S3-461099607
S1-557640559	S2-330762652,S3-893701931,S3-195360887
S1-557665640	S2-459299690,S3-570752584
S1-557809591	S2-574606479,S3-310765282,S3-675562061
S1-557997870	S2-461374764,S3-832304981,S3-54978908,S3-399138067
S1-558054768	S2-468166840,S3-902772825
S1-5580621	S2-420367055,S3-867823940
S1-558079825	
S1-558148566	S2-595312841,S3-819631935
S1-558176256	S2-696537379,S2-753533933,S3-642102725,S3-998932173
S1-558225286	
S1-558276256	S2-524553333,S2-846618294,S3-623421323
S1-558310321	S2-591046090,S3-223399356
S1-558384612	S2-68151672,S2-787539434,S2-587237058,S2-426079798,S3-161721779,S3-264483027,S3-829337231
S1-55845201	
S1-55859728	S2-703513522,S2-476751056,S3-486844298,S3-741940827
S1-558660613	S2-317153621,S2-706406864,S3-569655290,S3-303950877
S1-558799294	S2-199730363,S2-595418235
S1-558801886	S2-849786813,S3-496790629,S3-484331329,S3-129331997
S1-558802273	S2-190468895,S2-473636904,S2-891529639,S3-259770829
S1-558887815	S2-890460114,S3-21506862
S1-558950538	S2-346832290,S3-649304395
S1-558972821	S2-273467847,S3-820207321,S3-752359905
S1-558987044	S2-290388381,S2-894243710,S3-652266328
S1-559047004	S2-221210188,S3-691250171,S3-947265393
S1-559047435	S2-486051646,S3-306281862
S1-559060136	S2-629901885,S2-768263867,S3-544325052,S3-936409838
S1-559161219	S2-813889713,S2-68218366,S3-619576846
S1-559161536	S2-213514490,S3-667178472,S3-947154464
S1-559180744	S2-32007605,S2-347831032,S3-964010367,S3-141380748,S3-725484772,S3-614940272
S1-559249977	S2-312080751,S2-885011702,S3-318612684,S3-314527984,S3-611197926
S1-559408974	S3-366358027,S3-81503913
S1-559470647	S2-800843298,S3-898050660
S1-559567431	S2-7368399,S3-264748312,S3-512937145
S1-559578336	S2-681417710
S1-559762416	S2-798902771,S3-316372253,S3-410193988
S1-559770096	S2-124967570,S2-956828977,S2-894796987,S2-124138249,S3-678436148
S1-55981876	S2-708668249,S2-545775958,S2-224167189
S1-559829147	S3-31148078,S3-592714132
S1-559836235	S2-958206113,S2-607548715,S2-590692259,S2-251328802,S3-666320809
S1-559922118	S3-220897020
S1-560008688	S2-318317758,S3-133786659,S3-316222192,S3-724164459,S3-60147796
S1-560152679	S2-289716663,S3-316453542,S3-740750934
S1-560242053	S3-680509350,S3-584884087,S3-783127907,S3-312336483
S1-560374203	S2-521509706,S2-576083508,S3-315276167,S3-818414336
S1-560379	S2-9539209,S2-882861000,S3-414562488,S3-931464040,S3-776616057
S1-560384845	S2-82249715,S2-805349638,S2-796646927,S2-341541950,S3-85911947,S3-576989016
S1-560397088	S2-717787083,S2-570865792,S3-422697049
S1-56070398	S2-96710849,S2-633220305,S3-619484651,S3-213360254,S3-21003040
S1-560719017	S2-827895046,S3-435830351
S1-560840739	S2-214683217,S2-873065925,S3-152617034,S3-132093865
S1-560918439	S2-812441611,S2-216246214,S3-587688653,S3-523130029,S3-797412876,S3-715046600
S1-561017787	S2-842737987,S2-768055274,S3-543366099,S3-56451510,S3-108703188
S1-561020825	S2-160672843,S3-778817196,S3-320743750
S1-561154701	S2-473261287,S3-895769351
S1-561155692	S2-132083873,S2-377425161,S2-649615639,S3-856139112,S3-639493923
S1-561193721	S3-134609239,S3-730707837,S3-862713540
S1-561214660	S2-165853548,S2-585368090,S3-64925453
S1-56134333	S2-75010889,S3-454384489,S3-67399672,S3-141405721,S3-9671197
S1-561356057	S2-24538557,S3-641272643
S1-561362479	S2-882534564,S2-11648147,S3-67985911,S3-444752807
S1-561393675	S2-5249824,S2-299106723,S2-974944044,S2-360975120,S2-307560842,S3-184570688,S3-277599448
S1-561485461	S3-50485629,S3-942294903
S1-561530564	S2-748825360,S2-666162186,S2-419565400,S3-918729021
S1-561550181	S2-195304893,S2-596139496,S3-307828548,S3-150175115
S1-561583647	S2-57565220,S2-513968555,S3-737541980,S3-835870480
S1-561599274	S2-805099273,S3-816626316
S1-561676207	S2-907773417,S2-321415298,S3-826055519
S1-561734905	S2-574743954,S2-693312607,S3-474957026,S3-742590943
S1-561745102	S2-34671542,S3-452463547,S3-600594266,S3-701016973
S1-5617783	S2-705935369,S2-744809329,S2-804425957,S3-320187983,S3-224765335
S1-561781798	S2-843805065,S2-786510191,S2-898840946,S3-462231527
S1-561782457	
S1-561818316	S2-990184274,S2-121251342,S3-115447846
S1-561820924	S2-336995971,S3-192351411
S1-561857435	S2-193738026,S2-52539386,S2-355659885,S3-564800083
S1-561961325	
S1-561968593	S2-832233317,S2-179668459,S3-655765268
S1-561993248	S2-945791597,S2-276663528,S3-230680232,S3-593878788,S3-675982046
S1-562090231	S2-253950301,S2-733998818,S2-540357695,S3-839793781,S3-439928658,S3-119362470
S1-562131943	S2-410704557,S2-920799148,S3-188851911,S3-637557113
S1-562162979	S2-163935682,S2-254548117,S3-4543461,S3-32431170
S1-562266483	S2-566389761,S3-831701923,S3-752122790,S3-957069016,S3-684258351
S1-562317604	S2-362002938,S3-14719888
S1-56238402	S2-169205667,S3-367677291
S1-562384761	S2-887782258,S2-587855167,S2-998545210,S2-685945169,S3-617548719,S3-530534178
S1-562434557	S2-177444561,S2-430311666,S2-914593149,S3-530733108,S3-674001674
S1-562557035	S2-168283989,S2-488444716,S3-915077928,S3-968763953
S1-562574941	S2-31760946,S2-332487381,S3-389174283,S3-38633587,S3-390069073
S1-562757822	S2-86777969,S3-41395716
S1-562827289	S2-461715074,S2-341467235,S3-81870857
S1-562935931	S2-229521514,S3-509625632,S3-632377128
S1-562969389	S3-549405946,S3-208226946
S1-562984086	S2-634685139,S2-314622379
S1-563042719	S2-721463905,S2-498315408,S3-659966848,S3-557777306
S1-563085739	S2-333838716,S3-254149046
S1-563092726	S2-547588261,S2-336287965,S2-914269826,S3-949858606,S3-475435873
S1-563239551	S2-423696987,S3-627833882,S3-187203090,S3-151477803,S3-711846002
S1-563429781	S2-667120641,S2-521820616,S3-263567373,S3-867860626,S3-928169464
S1-563499796	S2-51517669,S2-606432207,S2-638389405,S3-476895149
S1-563554743	S2-24911740,S2-471133293,S3-310087239,S3-275089746
S1-563576648	S3-67380953,S3-182092035,S3-413278510
S1-56368008	S2-204009508,S2-962110524,S2-794672269,S3-506526997,S3-70350591
S1-563685862	S2-472013440,S3-801269576
S1-56369821	S2-954380272,S2-494246244,S2-999100982,S2-90300436,S3-24273212,S3-294999757
S1-563729082	S2-71678843,S2-749912614,S2-180894058,S2-202337361,S3-487400817
S1-563759347	S2-466933427,S2-410963246,S2-707069402,S3-926177905,S3-974358730,S3-926347978
S1-564087780	S2-113370958,S2-322887392,S2-698212646,S2-40430996,S3-625596433
S1-564198266	S2-803684999,S3-622744271
S1-56431129	
S1-564333817	S2-452431802,S2-512267700,S3-462852367,S3-488950094
S1-564389628	S2-540075700,S2-140056355,S2-346195430,S3-31452466
S1-564493687	S2-487906283,S3-374680356,S3-961199109,S3-207116344
S1-564574354	S2-987162382,S2-690982736,S3-88650611,S3-707106282
S1-564631138	S2-880099023,S2-870009290,S3-555435147,S3-462180450,S3-678545468
S1-564640255	S2-428195383,S3-836711464
S1-564643275	
S1-56464337	S2-499098473,S2-844102584,S3-292547618,S3-785289213
S1-56467183	S2-299674965,S3-886852117,S3-395290136
S1-564672491	S2-718653274,S2-401185155,S3-587041763,S3-237453581,S3-945751868
S1-564684834	S2-490982259,S3-581134192,S3-491791781,S3-164746789
S1-564685220	S2-831099982,S2-766849309,S3-134522195,S3-332737921
S1-564713287	S2-682132037,S2-748257430,S2-844606914,S3-209061220,S3-483894740,S3-945273795,S3-74363077,S3-40119281
S1-564761545	S2-186995772,S2-286366984,S3-718892565,S3-832331433
S1-564762487	S2-506921855,S3-454518694
S1-564786213	S2-915858498,S2-586771282,S3-552184
S1-565003092	S2-454079313,S2-795738688,S3-343013593
S1-565028440	S2-436315209,S2-810280656,S3-468398528
S1-565032666	S2-205923616,S2-767130025,S2-48452886,S2-307552956,S3-530890219
S1-565072402	S3-177127277,S3-396836810,S3-555823162
S1-565158084	
S1-5652093	S2-699585027,S3-924869051
S1-565257927	S2-482404113,S2-791137167,S3-140431179,S3-28781292
S1-565271064	S2-559833512,S2-596105903,S3-324486854
S1-565276433	S2-627056836,S3-160274744
S1-565315250	S2-797680847,S2-633473139
S1-565358735	S2-608891302,S2-665101013,S3-497523772
S1-565499550	S2-182781485,S2-301165910,S3-655176890,S3-846889748
S1-565503782	S2-196074250,S3-552219677,S3-868794808,S3-392797355
S1-565520086	S2-598783720,S3-553177162,S3-877190554,S3-169757525,S3-607524536
S1-565558426	S3-217031633,S3-440276667,S3-780820992,S3-553508557
S1-565639994	S2-45283607,S2-798130170,S2-284465467,S2-770787969,S3-376488307
S1-56570293	S2-736228078,S2-364739099,S3-111032008,S3-431109584
S1-56579118	S2-260940123,S2-879675359,S3-859295800,S3-744907194
S1-565905931	S2-478915908,S2-90922248,S2-697482460,S2-599744902,S3-59166385,S3-232455930
S1-565909757	
S1-565935985	S2-794471502,S3-800390836,S3-803183132
S1-565938327	S2-202274774,S3-246341345,S3-409215692
S1-566013651	S2-724809372,S3-284840088
S1-566109266	S2-973928737,S3-395316267
S1-566153170	S2-523472660,S2-534200415,S3-459223287
S1-566293783	S2-103507937,S3-332879849,S3-406555287
S1-566295542	S2-112831740,S2-861957122,S2-210817823,S3-711784801
S1-566348986	S2-728167306,S3-272813053
S1-566396384	S2-465823391,S2-264936593
S1-566413551	S2-532026297,S3-675383889
S1-566464914	S2-780751358,S2-469465475,S2-612458,S2-991440304,S3-157388392,S3-382042935,S3-128621800,S3-676844779
S1-566544798	S3-783558376
S1-566629869	S2-740002274,S2-664838954,S3-702760985
S1-566653769	S2-545702054,S3-534811292,S3-214747336
S1-566703419	S2-854757397,S2-629142483,S2-306421679,S3-966609413
S1-566705473	
S1-566746393	S2-966534480,S2-798771160,S3-301879633,S3-416910156
S1-567045673	S2-79259303,S2-363265281,S3-554219618,S3-343051076
S1-567108129	S2-185164062,S3-194397532
S1-567116639	S3-832319068
S1-567118785	S2-596175377,S3-216858627,S3-608871095
S1-567153342	S2-934062185,S2-690624129,S2-430152765,S3-178478937
S1-567180243	S2-150087192,S2-544451123,S3-36619482,S3-312286651
S1-567222211	S3-933773983
S1-567259526	S2-510608395,S2-182845963,S3-259817869,S3-280178188,S3-568484300
S1-567325503	S2-554596312,S3-266337590,S3-505689256,S3-992446763
S1-567414530	S2-253866821,S2-705104403,S2-291197741,S2-193692166,S3-933208739,S3-153062896,S3-949879197
S1-567578281	S2-612311675,S2-527128790,S3-861407689,S3-788771390
S1-567597240	S2-714663453,S2-921267585,S3-538028784,S3-255581782
S1-567647525	S2-952110638,S2-85026878,S2-802543986,S2-216172893,S2-632916116,S3-76101236,S3-74723307,S3-358245366,S3-54845318
S1-567654556	S2-755698521,S3-787367406,S3-394293145
S1-567793855	S2-663186695,S2-689100244,S2-294129178,S3-849069985,S3-645716810
S1-567889167	S2-156109553
S1-567935730	S2-104884245,S2-367250176,S2-366905461,S2-621368361,S3-830825176
S1-568015626	S3-347265067,S3-832937530,S3-409408005
S1-568158777	S2-400778500,S3-174654287,S3-103591962,S3-508775706
S1-568182113	S2-579929962,S3-298917082
S1-568188879	S2-34372395,S2-493373171,S2-118856085,S3-207744044
S1-568267517	S2-351244154,S2-512787850,S3-808189673,S3-849205299,S3-267263366
S1-568328088	S2-837810498,S2-908162892,S3-922571002,S3-635099778
S1-568342087	S2-689690582,S3-499477111,S3-46093233
S1-568361896	S2-466399108,S2-724607490,S3-428670076,S3-784078855,S3-597262084,S3-463835992
S1-56848663	S2-440488468,S2-625620831,S2-441983143,S3-737257702
S1-568513620	S2-243021091,S2-554812151,S3-698607865,S3-13480951,S3-701162884
S1-568623789	S2-664013552,S3-162734497,S3-639297551,S3-309005675
S1-568635069	S2-956491789,S3-385306007,S3-590544624,S3-697171749
S1-568807340	
S1-56886079	S2-349627130,S2-464886621,S2-170090512,S3-948045730
S1-568881472	S2-811105533,S3-768462350,S3-241997805
S1-568887017	S2-716299756,S2-956909009,S3-725452098
S1-568990694	S2-467117783,S2-944184219,S2-751920196,S2-859234664,S3-121104866,S3-105684329,S3-225849353
S1-569050058	S2-584488767,S2-437701830,S3-848136316
S1-569179856	S2-830827436,S3-291014908,S3-132936628,S3-149693872
S1-569405253	S2-336672217,S2-611729749,S3-955942971,S3-75335897
S1-569593800	S2-183016267,S2-373705099,S3-906332090
S1-569606755	S2-189399744,S2-14978223,S3-804960064,S3-317427365
S1-569718145	S2-728842224,S2-756236048,S3-170587516,S3-686969786,S3-682554161
S1-569754685	S2-993858367,S3-704525855
S1-569777880	S2-666839090,S2-601602589,S3-624004686,S3-114542455,S3-633572973
S1-56988725	
S1-569902595	S2-777503628,S2-831243918,S3-142342069
S1-569905676	S2-17901062,S2-993564617,S2-663954565,S2-891480315,S3-758917992,S3-111766667
S1-569913833	S2-877468294,S2-219297559,S3-412772598
S1-570036823	S2-713672037,S2-827620974,S2-621117739,S3-831105663,S3-212784488
S1-570080137	S2-884910627,S2-324435505,S2-656104209,S3-692807006
S1-570097436	S2-451126297,S3-371877953,S3-723960629
S1-570146726	S3-867132645,S3-922389056
S1-570178255	S2-906161055,S2-293072434,S3-835952927,S3-365991879
S1-570195690	S2-562715924,S3-488924416,S3-115852402
S1-570276644	S2-703340915,S3-395619125,S3-479047899,S3-936007551
S1-570286025	S2-9143147,S3-636989104,S3-422078975,S3-107083488
S1-570315824	S2-115553177,S2-794088022,S2-880232491,S3-394645003,S3-255979956
S1-570353536	S2-730069747,S3-565458045,S3-620734934
S1-57038437	S2-374926692,S2-122789017,S3-263862539,S3-516206323
S1-570500011	S2-234039022,S2-339135967,S2-699398876,S3-12952805,S3-915869097,S3-855065695,S3-430372062
S1-570610372	S2-8480850,S2-986558223,S3-275141412,S3-45152427
S1-570666356	S2-734550044,S2-530377781,S3-36051928,S3-255400820,S3-231655574,S3-972804299
S1-570687621	S2-840458353,S2-940132969,S2-229151650,S3-537598380
S1-570890867	S3-366806001,S3-240435822,S3-217928526,S3-613738152
S1-570952262	S2-377738637,S3-566281154,S3-106067718,S3-605261202,S3-418212268
S1-571008196	S2-860371213,S2-46437419,S3-955810130
S1-571021651	S2-671343098,S2-396954777,S2-705389820,S3-910483286,S3-461251501
S1-571074877	S2-880874782,S3-761318017,S3-127783500
S1-571116875	S2-678318292,S3-797004259,S3-466944878
S1-571140572	S2-775074218,S2-529124540,S2-725210086,S3-195200910
S1-57119492	S2-590683505,S3-160868233
S1-571227973	S2-746046554,S2-270557975,S2-861313260,S3-309482031,S3-539688380
S1-57131003	S3-778520749
S1-57144066	S2-433027691,S3-980435045,S3-93363870,S3-674654133,S3-165655638,S3-6726624
S1-571567639	S2-116636835,S2-380557458,S2-28055832,S2-231532553,S3-124124776,S3-854353852,S3-808309948
S1-571645818	S2-704369119,S3-860597781
S1-571652091	S2-417478903,S3-371426520
S1-571703187	S2-140140841,S3-333802094,S3-183806645,S3-104009333
S1-571710863	S2-365534598,S2-993307395,S2-355611869,S3-269165472
S1-57181362	S3-582173405,S3-314074237,S3-411413103
S1-571882997	S2-897416471,S3-127792960,S3-879919200
S1-571896069	S2-836929568,S2-233140239,S3-181204515
S1-571904286	S3-329593045,S3-91492772,S3-683576396,S3-348651193
S1-572015055	
S1-57208717	S2-875591724,S2-908217183,S3-751602992
S1-572333822	S2-223592301,S2-93332571,S3-360276446
S1-572335713	S2-828831208,S2-709727272,S3-267487241,S3-487180916
S1-572374279	S2-690948629,S3-642712203,S3-765702342,S3-321190931
S1-572474041	
S1-572529638	S2-884449556,S2-192144887,S2-895633748,S2-728947038,S3-588936537
S1-572558689	S2-491902272,S2-616785362,S3-569459728,S3-729261520
S1-572625241	S2-790459683,S2-120387052,S2-136280563,S3-663617448,S3-132474361,S3-538920064
S1-572755055	S2-704161506,S2-437700242,S2-652156094,S2-231404529,S2-112054560,S3-752541098,S3-623092029
S1-572784047	S2-181666358,S2-589042102,S3-126576504,S3-195413080,S3-6762683,S3-985621297,S3-248779005
S1-572846764	S2-988810910,S2-344177468,S2-753926955,S3-570235378,S3-813304895,S3-549158549
S1-572886300	S2-776409894,S2-18166043,S3-29039500,S3-750280549,S3-98784008
S1-572889849	S2-46366601,S3-605296359,S3-263732983
S1-572975653	S2-816057245,S3-128044146,S3-375606304,S3-797358874
S1-573041392	
S1-573101707	
S1-573134612	S2-620442,S2-389670278,S2-837576016,S2-791694536,S3-754013426,S3-286644704,S3-481781626
S1-573147303	
S1-573159595	S2-814710878,S3-905901251,S3-873719503
S1-573166780	S2-40943292,S2-562073690,S2-466552735,S3-583378023,S3-510616674
S1-573192059	S2-596920477,S2-146217319,S2-313028842,S3-950229130
S1-573200441	S2-641960557,S3-678832114
S1-573218232	
S1-573271122	S2-766320905,S2-454307898,S3-762878540,S3-964746529
S1-573376835	S2-697471061,S2-224988304,S3-935078064,S3-42643146
S1-5733873	S2-369590363,S2-361889948,S2-578225406,S3-848443815,S3-983810492,S3-727452326
S1-57350373	S2-30691206,S2-795964456,S3-480281941,S3-580220458,S3-809468830
S1-573526755	S2-405746352,S3-735960179
S1-573553145	S2-49038440,S2-164901404,S3-38232870,S3-369515579
S1-573587781	S3-95950102,S3-242841174
S1-573600768	
S1-573696158	
S1-573697875	S2-120278994,S2-985771565,S3-329327016,S3-117495546
S1-573701518	S2-774615999,S3-313388900,S3-234358621,S3-746860437,S3-794171832
S1-573703414	S2-849416873,S3-905986745,S3-247405001,S3-31197051
S1-573772128	S2-668971017,S2-219833091,S3-607198554
S1-573893132	S3-587195308,S3-515623284
S1-573919525	S2-717443538,S2-777188146,S3-802272123,S3-310367396,S3-654226154
S1-573950805	S2-68510503,S2-843454973,S3-905594897,S3-406883111,S3-713424113
S1-573957043	S2-568891745,S3-338871879,S3-978957834,S3-556179747
S1-573978816	S2-643428377,S3-574767712,S3-733326691
S1-574030043	S2-356641960,S2-35059436,S3-225509239
S1-574067047	
S1-574339487	S2-881829523,S3-779880537,S3-933748410,S3-839790339
S1-574384515	S2-51678151,S2-847389414,S3-296196577
S1-574392721	S2-836257129,S3-952544907
S1-574397044	S2-771702287,S3-569070831,S3-730322218
S1-574460794	S2-675012008,S3-929801678
S1-574483785	
S1-574515680	S2-850458359,S2-177101541
S1-574610654	S2-144907841,S2-662095318,S3-397393089
S1-574664542	S2-224325150,S3-42278107
S1-574720033	S2-43514742,S3-178059196,S3-88367135,S3-29169747
S1-574727660	S2-913596297,S3-759103429
S1-574765991	S2-260366307,S2-33509243,S3-382490396,S3-40253247
S1-574835527	S2-47546093,S2-882256945,S2-925257255,S3-839421670,S3-724186164
S1-57484266	S2-976693717,S2-137046868,S3-60320206,S3-478371130,S3-400722606,S3-944946233,S3-83811236
S1-574890650	S2-423390015,S2-590705559,S2-685437199,S3-985175602,S3-897192245,S3-158492775
S1-574927561	S2-60132204,S2-351789587,S2-747490546,S2-643305327,S3-247189730
S1-574938370	S2-625686515,S2-263506049,S3-61128249
S1-57497308	S2-285856209,S2-809277022,S2-184375169,S2-833320947,S3-652002016
S1-574977703	S2-661535239,S3-418871134,S3-821719273
S1-575057621	S2-760908310,S2-692456198,S2-401331767,S3-501086816,S3-325102614
S1-575100374	S2-487669399,S3-720738497
S1-575115389	S2-600833895,S2-183164412,S2-564159423,S3-558547772
S1-575205488	S2-168351263,S3-799487816
S1-575349332	S2-614631388,S2-956580790,S3-239828021,S3-780362562
S1-575410372	S2-127631426,S2-976303169,S3-181596584,S3-798595215,S3-58050808
S1-575475460	S2-616184607,S3-996457592,S3-267207084,S3-931816724
S1-575503909	S2-864204101,S3-939939554
S1-575558828	S2-308665607,S2-520988503,S2-79988831,S2-592180096,S3-900881613
S1-575600245	S2-534302507,S3-940493901
S1-5756237	
S1-575789421	S2-859237050,S3-778696021,S3-435801259,S3-268753149,S3-58790850
S1-575889937	S2-385909378,S3-614941288,S3-717559775,S3-110054264
S1-575890686	S2-386135780,S2-242618645,S3-492410682,S3-18816721,S3-41137026,S3-62399364
S1-575963617	S2-11127592,S3-579614192
S1-576062512	S2-841899323,S3-468482257,S3-868374917
S1-576064436	S2-43000968,S2-359725752,S3-985892265
S1-576107156	S2-84586690,S2-503200439,S2-678175459,S2-19311681,S3-214393175,S3-292604727,S3-468112912
S1-576165269	S2-122991850,S3-643791414,S3-344985576
S1-576181592	S2-753679386,S2-508038226,S2-512945491,S3-705142801,S3-579809600,S3-650356330
S1-576260524	S2-264759308,S3-54632442
S1-576261996	S2-863957808,S2-82092315,S3-432865627,S3-915723533,S3-822657601,S3-687583773
S1-576311440	
S1-576339320	S2-87889918,S3-85668477,S3-335514694,S3-407987058
S1-576356994	S2-183016039,S2-378057200,S3-788511530,S3-252940794,S3-898333366,S3-14651392
S1-576445417	S2-151879662,S3-223732222,S3-375776471
S1-576458980	S2-936763465,S3-585471280,S3-120099593,S3-547305424
S1-576549391	S2-266561344,S2-873719880
S1-5766256	S2-594966448,S3-388273224,S3-373952081,S3-16304777
S1-576746139	S2-362970316,S2-706577946,S3-949831202,S3-681867219,S3-679236897,S3-20298523
S1-576784938	S2-34878776,S2-19037673,S3-850183823
S1-576807221	S2-436726908,S2-799527881,S3-287140718
S1-576933290	S2-801760325,S2-564562810,S2-278185408,S2-182923565
S1-576994241	S2-857809179,S2-728242338,S3-542991468,S3-290108344,S3-428832047
S1-577103342	
S1-577111998	S2-282816317,S2-268086086,S3-245844404
S1-577238920	S2-827030400,S2-649308317,S3-361050918
S1-57726986	S2-949932786,S2-860410091,S2-20177953,S3-36810070,S3-812362419,S3-883883179,S3-529888901
S1-577379513	S2-170816777,S2-770813822,S2-812231330,S2-407193338,S3-850767723
S1-577414454	S2-337414793,S3-849901761
S1-577524886	S2-222685754,S2-305536779,S2-356457287,S3-337411420,S3-231866213,S3-582069080,S3-332029707,S3-432185120
S1-577639061	S2-256844520,S3-723267483,S3-151289457,S3-418591937
S1-577873189	S2-656308793,S3-327275723
S1-577881214	S2-133241532,S3-918736822
S1-577883999	S2-981788697,S3-383205744,S3-709662230
S1-577885840	S2-549121647,S2-273607500,S2-772444687,S3-440747111
S1-578008518	S2-886786954,S2-755526361,S3-825732987,S3-24856184,S3-581908075,S3-319696104
S1-578080989	S2-183259738,S2-59928182,S3-844832206
S1-578245297	S2-431813440,S2-617832825
S1-578268462	S2-972024555,S3-316050218
S1-578436913	S2-257294523
S1-578470408	S2-736005719,S2-212977581,S3-205595286
S1-578562323	S2-537980541,S2-534864266,S2-496140317,S2-108099790,S3-864861753,S3-657393984
S1-578631392	S2-612387544,S3-266271106
S1-578641586	S2-942020843,S3-431038773,S3-235009460
S1-578657328	S2-148587648,S2-631955341,S3-295405168,S3-531772191,S3-719906226,S3-786776476
S1-578659934	S2-777814763,S3-674217726
S1-578723945	S2-812414181,S2-387720289,S3-219471234,S3-778714159,S3-885454913
S1-578744018	S2-190375175,S3-173425795,S3-168438132
S1-578767920	S2-811528382,S2-239783226
S1-578861848	S2-784414241,S2-557396682,S2-340156433,S3-990814967,S3-76560235,S3-403020777,S3-958274086
S1-578917365	
S1-578920553	
S1-579028103	S2-307591950
S1-579155297	S2-717190336
S1-579247234	S2-973003960,S2-364158225,S3-700945776,S3-444556672
S1-579273044	S2-19229094,S3-820117030
S1-579279756	S2-266176746,S3-355335529
S1-579317505	S2-423156662,S2-432406856,S2-169688315,S2-971298472,S3-368636788,S3-857277983,S3-439278324
S1-579317821	S2-747101772,S2-632798632,S2-163251106,S3-941360627
S1-579328474	S2-366650150,S2-15413717,S2-790095559,S3-488381591,S3-589417326
S1-579361176	S2-929671504,S2-188074038,S2-169914327,S3-557659510,S3-10374951
S1-579515449	S2-962251000,S2-146845706,S3-36286447,S3-263613869,S3-177433326,S3-978518812
S1-579568192	S2-711932767,S2-722134148,S3-506461491,S3-956503279,S3-179590663
S1-579612927	S3-390027067,S3-990860434,S3-757141608,S3-329620375
S1-579667136	S2-891219397,S2-827969358,S2-524420925,S2-917837001,S3-232052418
S1-579683326	S2-939873589,S2-862699420,S3-668576978,S3-588330901
S1-579732426	S3-416706979,S3-285179635,S3-76755149
S1-579800647	S2-481678065,S2-577407322,S3-486963545,S3-142103303
S1-579890311	S3-950174664
S1-579892539	S2-595569791,S2-856645210,S3-182008033,S3-828119777
S1-579960189	S2-847487028,S3-320468511
S1-579964611	S2-643191049,S3-760618809
S1-57996720	S2-469114957,S2-211486145,S3-17123585
S1-579969296	S2-523467368,S2-818583031,S3-452148702
S1-580012540	S2-610334373,S2-651039846,S2-397195250,S3-279885829,S3-31882440
S1-580131659	S2-516169715,S2-589084070,S3-583337553,S3-562291208,S3-669571133
S1-580330224	S2-665064345,S3-209584112,S3-247329450
S1-580413628	S2-762373763
S1-580457710	S2-229511482,S2-21273608,S3-162158281
S1-580464300	S2-593753632,S2-675836287,S2-584507180,S3-500797257,S3-159996847
S1-580538684	S2-65931064,S2-827081304,S3-111756697,S3-686716626,S3-836517290
S1-58054589	S2-695636462,S2-193731272,S3-798093425,S3-317890502
S1-58071171	S2-191630015,S2-246536449,S2-5541161,S3-95581147,S3-50151314,S3-710547335
S1-58073954	
S1-580750463	S2-21271833,S2-870928958,S2-681515776,S3-983322094,S3-62004463
S1-580824285	S2-588271440,S3-583230814,S3-929667601
S1-580845618	S2-682120341,S2-924151313,S2-729537434,S3-784060320
S1-581050713	S2-322804052,S3-793382416
S1-581101916	S2-158631364,S2-210981026,S3-877868565,S3-797248771
S1-58121906	S2-246127329,S2-336679927,S3-518282594
S1-58135383	S2-62705207,S3-559775492
S1-581368014	S2-302326939
S1-581433911	S2-972026876,S2-449513225
S1-581449460	
S1-581663854	
S1-581678210	S2-33901335,S2-496360236,S2-167675978,S3-542098651,S3-758111457,S3-114285393,S3-566686851
S1-581697251	S2-192744253,S3-421387106
S1-581721769	S2-197205911,S2-443687600,S2-578264396,S3-182828252
S1-581734354	S2-674152907,S2-898052244,S2-545114103,S3-157682294,S3-658600098
S1-581823687	S2-399171957,S2-815217827,S2-864963817,S3-954645269,S3-888060417
S1-581969910	S3-681516881,S3-609857751
S1-582016964	S2-959398438,S3-352568976
S1-582139216	S2-978116560,S2-80972041,S2-213567493,S2-89324019,S3-913683157
S1-582157096	S2-565265753,S2-22483815
S1-58222972	S2-802909108
S1-582236936	S2-599257022,S2-811968479,S2-83146966
S1-582244834	S2-66299099,S3-851774552,S3-308737022,S3-619933376
S1-5823841	S2-814059749,S2-316664582,S2-257165375,S3-90931186
S1-582386753	S2-999308015,S3-498171477,S3-408131539
S1-582390042	S2-385015675,S2-462589877,S2-218986655
S1-582394748	S2-720505917,S2-669490242,S3-158790090,S3-247656722
S1-582475963	S2-664933428,S3-151875731,S3-386719028
S1-582515542	S2-411942432,S2-384214085,S2-878727564,S2-151560920,S3-832561444
S1-582580044	S2-128707955,S2-244407575
S1-58258530	S2-141823827,S2-685673853,S3-113492865,S3-165804481,S3-988328357
S1-582614038	S2-7925828,S3-926250543
S1-582642278	S2-660814251,S2-775359492,S2-168228855,S3-937141333,S3-233317698,S3-481765442
S1-582673275	S2-962585674,S2-650588719,S3-843015291
S1-582781292	S2-213640931,S3-216831296
S1-582791231	S2-181648149,S2-722875753,S2-206269542,S3-53804925
S1-582891903	S2-260996257,S2-671443578,S2-455919483,S3-34583436,S3-190521335,S3-536173230,S3-717305696
S1-582929244	S2-782507991,S3-261681161,S3-511897039
S1-583032674	S3-468908041
S1-583038457	
S1-583078947	S3-927045117,S3-925084177
S1-583112532	S2-206389510,S3-494522850
S1-58322588	S2-282369622,S2-81982752,S2-549608994,S3-134887271
S1-583280161	S2-918202583,S3-147154068,S3-741711552,S3-202511955
S1-583315872	S2-596486480,S3-333681546,S3-359027652
S1-583647153	S2-671701366,S2-189482182,S3-275398336
S1-583758678	S2-182878950,S2-538835410,S3-971543739,S3-797920273
S1-583827113	S3-805337781
S1-583896913	S2-255536583,S3-972764112
S1-583902790	
S1-583949537	S2-130245637,S2-326569679,S3-726139592,S3-739965106,S3-326940704
S1-584114518	S2-62189028,S3-297983782,S3-292029627
S1-584117529	S2-858442667,S2-566832640,S3-820688904,S3-931854862
S1-584129243	S2-386765816,S2-70318345,S3-3214928
S1-584146225	S2-462052002,S3-646190063,S3-62946520,S3-9049644,S3-573179620
S1-584426998	S2-548270887,S2-777400076
S1-584475267	S2-853851356,S2-161768559,S2-704009594,S3-842690293,S3-419477431,S3-174168449,S3-839465788
S1-584509536	S2-891444697,S2-409968570,S3-377805811,S3-269180137,S3-694949173,S3-514720059
S1-584615870	S2-137223519,S3-267617236,S3-856012563
S1-584806473	S2-994119685,S3-581298793
S1-585016416	S2-280399007,S3-953611297,S3-925639563
S1-585016783	S2-867255745,S2-416387818,S3-972163969,S3-522980141,S3-934254342
S1-585023342	S2-73105304
S1-585117888	S2-176645265,S3-743880494,S3-563577528
S1-585121656	S2-222496702,S3-303607563,S3-974419693
S1-585122303	S2-789980118,S2-542661381,S3-709403309
S1-585139774	S2-796304018,S3-410754458,S3-20959537,S3-33620506
S1-585139874	S2-941062343,S2-392896606,S2-85524904,S3-51280089,S3-644150748,S3-693462174,S3-929767657
S1-58521236	S2-390269356,S3-89119463,S3-58517138
S1-58539181	S2-126943124,S3-827669323,S3-528695395
S1-585474046	S2-132182039,S2-459605142,S3-95141169
S1-585507279	S2-823180078,S3-542654414
S1-585523557	S2-60268626,S2-80634870
S1-585593054	S2-154812800,S3-611748858,S3-666968969,S3-387651798,S3-192977185,S3-536872358
S1-585605364	S2-478708082,S2-639865153,S3-344554786,S3-867108773,S3-483066266,S3-563305768
S1-585609770	S2-130023660,S2-913889042,S3-854633666
S1-585676250	S2-694530983,S3-294884438
S1-585831221	S2-909252730,S2-820674042,S2-599837483,S3-174518036
S1-585971008	S3-403613082
S1-585999069	S2-665748169,S2-662313635,S3-552969880,S3-308951300
S1-586004017	S2-570140380,S2-358560588,S2-612893571,S3-728107415
S1-586065548	S2-164100654,S2-452424643,S3-519370458
S1-586066271	S2-622019416,S3-277515909
S1-586086626	S2-20200861,S2-539480801,S3-629747258,S3-558436521
S1-586175288	S2-583202773,S3-885848563,S3-954421043
S1-586316059	S2-186740769,S3-327002176,S3-684939197,S3-597821803
S1-586490085	S2-493749623,S2-351826413,S3-179671000
S1-58652611	S2-104977306,S3-361672875,S3-924251478,S3-434696229
S1-586527101	
S1-586607914	S2-60366556,S2-851143551,S3-435064112
S1-586749245	
S1-586782779	S2-806237573,S3-481850462,S3-449645658,S3-524118106
S1-586797829	S2-89106808,S2-285792900,S2-295556592,S3-21188578,S3-92031877
S1-586865786	S2-918581759,S2-239734465,S3-678836386,S3-523955856
S1-586980138	S2-696524550,S3-804870819,S3-589617158,S3-393689113,S3-108305140
S1-587007124	S2-378862471,S3-652299176
S1-587024240	S2-197123273,S2-482676862,S3-541692763,S3-582214583,S3-43539481,S3-71334609
S1-587128146	S2-720603577,S2-498387635,S3-623957059,S3-419527151
S1-587159480	S2-8724096,S3-329780909,S3-796202756
S1-587183999	S2-230318422,S2-880760233,S3-359649649,S3-773728860
S1-587237620	
S1-587282409	S2-336968184,S3-117744857
S1-587282467	S2-354224805,S3-752825558,S3-348738246
S1-587310128	S2-636645432,S2-831189349,S3-493203193,S3-321077460,S3-405758649
S1-587320861	S2-945955579,S2-685936125,S2-789001090
S1-587338960	S2-924623730,S3-986805078
S1-587458316	S2-83366295,S2-448793791,S2-620626585,S3-747432584
S1-587461160	S2-133856327,S2-825949375,S3-542988489,S3-299351761
S1-587465382	S2-214253894,S3-402545429
S1-587508077	S2-490360378,S3-463559509,S3-69090562,S3-873282505,S3-32617874,S3-269974476
S1-587666660	S2-131530039
S1-587684747	S2-535967786,S2-637649981,S2-42131156,S2-160116846,S3-249609939
S1-587693146	S2-328265044,S3-591619211,S3-116146019
S1-587736526	S2-152199907,S2-584896737,S2-603068089,S2-785835021,S2-215159340,S3-14678867,S3-559917960
S1-587866787	S2-432284623,S2-996861509,S2-874408766,S3-425663823,S3-415558507
S1-587948112	S3-52805836
S1-588026896	S2-323565183,S2-562685494,S3-191109639,S3-574105976,S3-914894237
S1-588029977	S2-432137963,S3-327791042
S1-588046906	S2-879479780,S2-817433789,S2-162379387,S3-641322317,S3-505307115
S1-588098973	S2-72109532,S2-46068855,S3-847720073
S1-588176162	S3-515181500,S3-539823284
S1-58822506	S2-232805117,S2-481930949,S2-946919058,S2-741128388
S1-588238924	S2-242570370,S2-608861369,S2-459622686,S2-105410009,S3-796864765,S3-978685958
S1-588261637	S2-894374636,S2-53086168,S2-160998859,S3-825216973,S3-285218214
S1-58841968	S2-838045782,S2-680168580,S3-190021443
S1-588433690	S2-146022659,S3-553552265,S3-357519408
S1-588473567	S2-225297096,S2-121798965,S3-269074382,S3-739807608
S1-588479510	S3-311928744,S3-950043829,S3-807593643
S1-588524914	S2-87897631,S2-624168393
S1-588634801	S2-698569968,S2-737181041,S3-850696599,S3-107535337
S1-588674569	S2-913097327
S1-588704712	S2-840774298,S2-62576920,S2-154587655,S2-667344523,S3-51027296,S3-946252936,S3-220674073
S1-588763182	S2-943085610,S2-735137032,S3-428240093,S3-506854389
S1-588785636	S2-595508740,S2-153288289,S3-518059146
S1-588799036	S2-58060233,S2-859333434,S3-272037809,S3-817831173
S1-588821328	S2-745986744
S1-588899015	S2-899914093
S1-58890608	S3-649417875
S1-588971826	S2-277423272,S3-235538664,S3-985736345,S3-147043364,S3-318581661
S1-589040301	S2-674358526,S3-548649456,S3-58837696,S3-758752168
S1-589041884	S2-28347165,S2-565346101,S3-155107950,S3-517404300
S1-589052017	S2-942338140,S2-880040805,S2-472282811,S3-868661111,S3-135662320,S3-637997766
S1-589115345	S2-656019100,S3-159831990
S1-589191018	S2-870307099,S2-470507354,S2-946773562,S2-510719643,S3-561795913,S3-31422785
S1-589245568	S2-976782212,S2-720438504,S2-248785572,S3-276907586,S3-495387769,S3-968752410
S1-589248466	S2-958671,S2-10082295,S2-677664475,S3-730000488,S3-962540821
S1-589276898	S2-233252958,S3-340913232
S1-58930019	S2-954522257,S3-201938297
S1-589308645	
S1-589345430	S2-195715852,S2-764339014,S2-539130722,S3-650001532
S1-589352922	S2-449609944,S2-326368826,S3-306277627,S3-152794640,S3-705165360
S1-589385557	S2-510361599,S2-137735230,S2-663213457,S3-179355715
S1-58952742	S2-781164338,S2-117157694,S3-645837589,S3-771683639,S3-449753711,S3-876213157
S1-589570534	S2-113951680,S2-519966362,S3-322251140
S1-589593482	S2-80189037,S2-762256696,S2-68827843,S3-925685302,S3-33300674,S3-832408718
S1-589660044	S2-301091576,S3-926984595,S3-629039900,S3-252186623,S3-660905300
S1-589690298	S3-656266798
S1-589851713	S2-715991535,S2-337984149,S3-518957127,S3-868308279,S3-788401719
S1-589864384	S3-245915450,S3-11473061,S3-103986137,S3-172448416
S1-589921344	S2-728727274,S3-959199369,S3-809604844
S1-589973847	S2-881946207,S3-150026826,S3-581603421
S1-590016071	S2-961363629,S2-280589756,S3-950636547,S3-422988202
S1-590133278	S2-366714609,S3-172819337
S1-59013559	S2-736422435,S3-113867187,S3-644472073
S1-59035342	S2-977927182,S2-789826636,S3-882659852
S1-5905200	S3-506393238,S3-493870241
S1-590588204	S2-235340044,S3-203239129,S3-932792993,S3-854332738
S1-590589268	S2-183207106,S3-749155166,S3-734636970
S1-590598497	S2-105460644,S2-496152306,S3-26872163,S3-972238943,S3-265357796,S3-738044526
S1-590693175	S2-218696991,S3-777515319
S1-590773946	S2-861367011,S3-724938879,S3-874472735
S1-590774641	S2-696957080,S2-292153229,S3-725776321,S3-3836111
S1-590808909	S2-800882109,S3-737514584,S3-153643891,S3-932667622
S1-59087052	
S1-590887711	S2-714752584,S3-17686436
S1-590955507	S2-706154029,S2-686655012,S3-681029123
S1-591012209	S2-39688575,S2-138413755,S3-110770550
S1-591090544	S2-491096486,S3-651456515,S3-896897312
S1-591183591	S2-925581049,S3-448853067
S1-591219764	S2-719650569,S3-931739161,S3-962086069
S1-59122499	S2-172392322,S3-265434141,S3-888092819
S1-591230578	S2-801462451,S3-718125768,S3-775893777
S1-591236755	S2-510743364,S3-926766288,S3-627608830,S3-593754314,S3-827366612
S1-591266288	S2-84733346,S2-485750368,S2-529637185,S3-530839204,S3-899940284,S3-304621067
S1-591335485	S2-701225671,S2-490695852,S2-141090257,S3-377453629,S3-491196514,S3-846160767,S3-650424484
S1-591363972	S3-815352797,S3-100687934
S1-591397970	S3-398866433,S3-888375155
S1-591447328	S2-264009293,S3-415088886
S1-591451798	S2-152791621,S3-616785988
S1-591453303	S2-853647803,S3-145019592
S1-591474470	
S1-591481138	S2-734337888,S3-961903378,S3-350912
S1-591493883	
S1-591553817	S2-229329868,S2-497418386,S3-206181555
S1-591556021	S2-371474321,S2-870692305,S3-514203574,S3-221179779,S3-686052733
S1-59157752	S2-977528823,S2-87014954,S2-367032898,S3-673513809,S3-745087371
S1-591583365	S2-849593757,S2-316922824,S2-820664051,S3-589359193
S1-591680541	S2-148511544,S2-468613826,S2-635513186,S2-829147860,S3-521470036,S3-561599655
S1-591681485	S2-875766342,S2-53260807,S3-665177147,S3-623569136
S1-591704362	S2-767647284,S3-809933516
S1-59170658	
S1-591909460	S2-453632299,S2-876021422,S2-553022302,S3-132316362,S3-992162963
S1-591961793	S2-178838512,S2-33610071,S3-910697064
S1-591973620	S2-719544579,S2-61401311,S2-909180291,S3-232548680
S1-592129826	S2-750358799,S2-263909153,S3-823584010,S3-538374629,S3-793877659
S1-592209496	S2-570000730,S2-498547455,S2-826605207,S2-289578914,S3-572372982,S3-823721333
S1-592214964	S2-602513000,S3-17397834,S3-528244298
S1-592272844	S2-25594865,S2-493872721,S2-810581097,S2-978178207
S1-592316881	S2-295945760,S2-493809196,S3-205856892
S1-592317181	
S1-592369031	S2-496378288,S2-553933065,S2-245175923,S3-63883294
S1-592405177	S2-893893937,S2-804808014,S2-993271705,S3-476779762
S1-592465948	S2-134926058,S3-294684556
S1-592533169	S2-996452352,S3-840008429
S1-592567607	S2-748915906,S3-399787292,S3-489645963,S3-49657524
S1-592583633	S2-997818942,S2-646160091,S3-131125136
S1-592678814	S2-395446063,S2-989005011,S3-389056179
S1-592762094	S2-807321084,S3-624420187,S3-161694321
S1-592802205	S2-51941724,S2-821105550,S2-37172071,S3-96898511
S1-592807055	S2-492473838,S2-591459059,S2-938173383
S1-592869143	S2-450608191,S2-436300348,S3-445445129
S1-592936952	S3-595367413,S3-181046264,S3-310286120
S1-592960803	S2-659431778,S2-123495457,S3-995236971
S1-592976309	S2-925959209,S3-801345915,S3-734226759,S3-710194654
S1-593118588	S2-277852103,S3-325496120,S3-533018225
S1-593130630	S2-948177599,S3-940013377,S3-197803782,S3-319330310
S1-593190484	S2-374937903,S3-64051841
S1-59323602	S2-133550589,S2-742852863,S3-575482901,S3-488004980
S1-59327688	S2-519350810,S3-424331075,S3-895441464,S3-764327542
S1-593306829	S2-362264846,S2-307949311,S3-620329863,S3-166539286
S1-593516025	S3-109958781
S1-59353779	
S1-593573065	S2-396333420,S3-810472105
S1-593602268	S2-691194404,S2-546950471,S3-752683095,S3-399008741
S1-593757497	S2-91777139,S3-699495671,S3-948638452
S1-593770415	S2-491955725,S2-646569922,S2-328542236,S3-794852434
S1-593797894	S2-352210021,S3-248130766,S3-716036050
S1-593831744	S2-31560777,S3-366151260
S1-593832704	S2-984257610,S2-774252745,S3-661675661,S3-790023832,S3-198456742
S1-59384519	S2-404487825,S3-323033541,S3-531858204
S1-593866937	S2-111508150,S2-723709458,S3-468390690,S3-770479242,S3-472903727
S1-593931386	S2-407113286,S2-358036055,S2-955851851,S3-871646881,S3-351777890,S3-430716499,S3-703475289
S1-594070408	S2-393843266,S2-815547502,S3-20140544,S3-266091249
S1-594122571	S2-200147648,S2-856638382,S3-553549267,S3-3322120
S1-594123826	S2-260904464,S2-246117187,S3-58271782,S3-579752477
S1-594227751	S2-266303344
S1-594616302	S2-526148487,S2-390835891,S3-758543733,S3-893550084
S1-59461709	S2-107596520,S2-698505937,S3-126305109
S1-594636757	S2-135813733,S2-851240414,S3-220184078
S1-59468140	S2-685498002,S2-188437736
S1-594707794	
S1-594721277	S2-861463971,S3-983953672
S1-594881007	S2-984946152,S3-40152380,S3-709117711,S3-375914526,S3-939995035
S1-594959616	S2-559258508,S2-711675523,S2-737737346,S3-318466892
S1-594996793	S2-750861249,S3-374673558,S3-530635510,S3-463874441
S1-595026985	S2-724780151,S2-211142446,S3-337713995
S1-595221144	S2-737118967,S2-460808830,S2-404698237,S3-361975526,S3-399699973
S1-595329404	S2-132893439,S2-396307356,S3-4932726,S3-128200328,S3-427147982,S3-877369268
S1-595329864	S2-482146359,S2-801637833,S3-602775316,S3-400626257,S3-54053312,S3-582248840,S3-689041267
S1-59542520	S2-552188392,S2-980630161,S3-931243245,S3-134736588
S1-595441662	S2-784157936,S3-594199290
S1-595447867	S2-956882022,S3-984355590,S3-746207319
S1-595470840	
S1-595476154	S2-731997414,S2-442300678,S3-111813708,S3-364330963
S1-595478463	S2-48090336,S3-825991893
S1-595500352	S2-639144209,S2-313918683,S3-503737506,S3-475398011
S1-595550831	S2-162747069,S2-327068112,S3-231321002,S3-490653085
S1-595552514	S3-16790254,S3-311939877,S3-302309554,S3-759971492
S1-59561873	
S1-595631400	S2-311620113,S2-751579395,S3-717733550,S3-698519635,S3-252699145
S1-595858981	S2-206414638,S3-135244376,S3-466687660,S3-910394199
S1-595945796	S2-254608515,S3-943882604,S3-45748774,S3-736501522
S1-595983675	S2-316872202,S2-51461782,S2-972016703,S3-916647532
S1-596169708	S2-295360569,S2-693158764
S1-596195420	S2-22198938
S1-596251044	
S1-596259484	S2-742348544,S2-688393642,S3-997977968
S1-596285722	S2-562202808,S2-124162429,S2-412597024
S1-596473619	S2-423219839,S2-793026219,S3-888523723,S3-531321319
S1-596585598	S2-610595758,S3-610737731
S1-596597247	S2-440444098,S2-365426762,S3-352008468
S1-59668356	S2-995831135,S2-217736933,S3-715978710,S3-772061281,S3-903041452
S1-596726435	S2-616174968
S1-596781360	S2-692083158,S2-248834242,S3-439683290
S1-596858044	S2-930642357
S1-596876652	S2-692276754,S2-895152219,S2-847708180,S3-255706420
S1-59688460	S2-758031053,S2-7685094,S3-879590024,S3-391750188
S1-597006860	S2-821535904,S2-674871741,S3-600253037
S1-597022934	S2-627782346,S2-107267855,S2-719955950,S2-842803158,S3-406373514,S3-266221881
S1-597162731	S2-729901332,S3-52219436,S3-154952029
S1-597198116	S2-668507564,S2-482134307,S3-968289045,S3-191968013,S3-432716257
S1-59735202	S2-926138697,S3-222373939,S3-550293202
S1-597434389	S2-668708369,S3-980302583,S3-976895820
S1-597434514	S2-598352101
S1-597453643	S3-702200964
S1-597462141	S2-84941203,S2-202890539,S3-869041479
S1-597473657	S2-64484375,S3-822123532
S1-59764001	
S1-597646158	S2-171257517,S3-95921467
S1-597946454	S2-437253405,S3-319606430,S3-694218279,S3-104245938
S1-598031894	S2-513850887,S2-281602663,S3-655334110,S3-300317428
S1-598060362	S2-910759869,S2-949544811,S2-179053840,S3-24006558,S3-618635930
S1-598089562	S3-971672937,S3-449797074,S3-536313990
S1-598285388	S2-656299738,S3-21367511
S1-598555049	S2-90908259,S2-396040102,S2-352684682,S3-936280562,S3-362259935
S1-598604867	S2-964212471,S2-590225922,S3-862740659
S1-598626239	S2-90458402,S2-23411196,S3-441497091,S3-916749628
S1-598785454	S2-57645296,S2-207534784
S1-598787450	S2-320486073,S2-112316120,S3-608883078
S1-59880374	S2-302818081,S3-795997406,S3-696780729
S1-598876936	S2-592089763,S2-574948422,S2-372730337,S2-159777299,S3-307624729
S1-598877014	S2-562923553,S2-997096873,S2-163557514,S3-792292121
S1-598917686	S2-968806763,S3-919541815,S3-830441296,S3-60735397
S1-598918813	S3-142742716,S3-877098646
S1-598928378	S2-439651192,S2-347838495,S2-659593471,S2-55379283,S3-359280953,S3-71625662
S1-599045538	S2-317670621,S3-617403255,S3-22535081,S3-363556572,S3-743861442
S1-599107311	S2-237763246,S2-598386385
S1-599113032	S2-444255280,S3-504520418,S3-739103058
S1-599151463	S2-950906855,S2-958091266,S3-253970907
S1-599183178	S2-557712652,S2-760265108,S2-261366974,S2-384214000,S2-852148078,S3-751064149,S3-605961777,S3-270207798
S1-599234458	S2-192797478,S2-148833331,S2-224172592,S2-815982501,S3-480822449,S3-72489778,S3-717012776
S1-599248340	S2-986135454,S3-169826037
S1-599299309	
S1-599325292	S2-716855271,S3-764478349,S3-894649520,S3-350410555
S1-59939533	S2-588624981,S3-458730400,S3-118709915
S1-599395699	S2-546598899,S2-21937075,S3-646051149,S3-854490172
S1-599535957	S2-272710226,S2-125235070,S3-392103006
S1-599609702	S2-804286014,S2-696380709,S2-432642952,S3-852633576
S1-599646251	S2-611265714,S3-895784063,S3-854901481
S1-599832415	S2-337340977,S3-128249843
S1-599880928	S2-632193355,S2-334922190,S2-24655953,S3-481025887,S3-686466498
S1-599902670	S2-485008587,S2-400667274,S3-800684333,S3-837163407
S1-59992509	S2-145153101,S2-778771176,S3-543352300,S3-566493724,S3-371914226
S1-600007288	S2-468743014,S2-438700766,S3-92671358,S3-237770048,S3-754572314
S1-600040373	S2-685824273,S2-968774280,S2-329194389,S3-144081036,S3-567361257
S1-600210922	S2-897193992,S2-303099638,S2-232971433,S3-998237709
S1-600322910	S2-404923885,S2-308128050,S3-3652462,S3-962505396
S1-600328764	S2-825537283,S2-784109360,S3-715419520
S1-600446318	S2-50591493,S2-693464192,S3-193150468
S1-60054630	S2-507129723,S2-195302810
S1-600596449	S2-31488184
S1-600598927	S2-572456753,S3-137676354,S3-384657924
S1-600678238	S2-138943446,S2-223323789,S2-880439766,S3-59617237,S3-680953046,S3-237631197
S1-60088432	S2-586059354,S2-917940948,S2-418565095
S1-600982627	S2-517103796,S2-202814633,S3-865497560,S3-435323723,S3-337695912
S1-600983337	
S1-601004834	S2-737248847,S2-731496592,S2-382209010,S2-782356226,S3-687457698
S1-601064158	S2-226889211,S2-606626673,S2-769082943,S3-908390152
S1-601085144	S2-916066041,S2-76170445,S3-460509679,S3-802969928,S3-841721530
S1-601159814	S2-588972369,S2-538670626,S2-654686982,S2-653759490,S3-517543563
S1-601215519	S2-807173643,S3-29998984
S1-601236723	S2-433888352,S2-304746266,S3-535791924,S3-568353736
S1-601252106	S2-535218975,S2-300594048,S2-425468900,S3-385745130
S1-601339096	S2-582289009,S2-887948593,S3-954275759,S3-184630792
S1-601464480	S2-460485555,S2-717528224,S3-882409142
S1-601484148	S2-835551301,S2-465864696,S3-722481393,S3-513235417,S3-984323761
S1-601528869	S2-622686767,S2-990586777,S3-951996304,S3-205637989
S1-601661257	S2-948033809,S2-781854406,S3-332325508,S3-438899981
S1-601669713	S2-217718734,S3-684129030
S1-601927541	S2-423926021,S3-693773380,S3-458674015
S1-601973210	S2-892548421,S2-475637683,S3-859180007,S3-273797945
S1-602078076	S2-73946782,S3-573121528
S1-602171727	S2-328991875,S2-381802383,S2-313499801,S3-673241204,S3-915060644,S3-430354565
S1-60235200	S2-788067609,S2-652862719,S3-517623427
S1-602393052	S2-724037453,S2-883891430,S2-526983808,S3-345926290,S3-186958527
S1-602397892	S2-252708066,S3-19441398
S1-602417708	S2-182541689,S2-188775909,S3-138249639
S1-602437327	S2-52272456,S2-654970290,S2-85841761,S2-184231281
S1-602495377	S2-388775797,S2-281053050,S3-327947361,S3-406296007
S1-602517628	S2-386339856,S3-715953851,S3-320793694
S1-602581497	S2-869174508,S2-53579462,S3-893435418,S3-143256015
S1-602629498	S2-399956227,S2-406857690,S2-740843567,S3-164158326
S1-602656337	S2-524544809,S2-597429062,S2-297395287,S2-759087257,S2-249021813,S3-766611142
S1-602722835	S2-125349791,S2-542618844,S3-159321873
S1-602777058	S2-662203418,S2-224088419,S2-247732111,S3-917817827,S3-785891269
S1-602809633	S2-887405179,S3-704790831
S1-602860988	S2-121552989,S2-411876234,S3-534114949
S1-603033168	S2-327722183,S2-216685633,S3-489244681,S3-904356800
S1-603033570	S2-304188554,S2-541188455,S2-404107055,S3-538913141,S3-482965850
S1-603046586	S2-9850841,S3-775694548,S3-528731027
S1-603110400	S3-949359685,S3-155386600
S1-603281184	S2-417701649,S2-584615047,S3-895435765
S1-60329729	S2-274702387,S2-743780203,S3-980919670
S1-603330857	S2-215288076,S3-323757173
S1-603352853	S3-23961522,S3-224814649,S3-174889971
S1-603399185	S2-811923170,S3-717560849,S3-54567643
S1-603412494	S2-102292884,S2-630551627,S2-868721595,S2-803577553,S2-227399466,S3-875431007
S1-60341844	S2-365503319,S2-417825901,S3-381405924,S3-780293851,S3-440867502
S1-60347668	S2-879034696,S3-238906581
S1-60351461	S2-733389,S3-72245214,S3-886817883
S1-603530887	
S1-603538698	S3-542456092
S1-603545336	S2-529469069,S2-402052116,S2-195500585,S3-766767583,S3-141964825
S1-603591400	
S1-603681291	S2-906177180,S2-543838310,S3-702116660
S1-603694552	S2-756713413,S2-925406719,S3-330407599,S3-742757480,S3-620575004,S3-669667846
S1-603717575	S2-735501041,S3-205570571,S3-58737939,S3-537142253,S3-46169820
S1-603945821	S2-635597050,S2-998754890,S3-84757336
S1-604112841	S2-726077714,S2-550830749,S2-495244111,S3-91512275
S1-604149980	S2-672657534,S3-65172580
S1-604298040	S2-702145075,S2-756557023,S3-12331954
S1-604391602	S2-575943977,S3-998525253,S3-516061026,S3-850401095
S1-604421873	S2-692718870,S3-409848114,S3-651279493,S3-273811294,S3-318660072
S1-604592710	S2-395094761,S2-151947831,S2-582378032,S3-139353523
S1-604612763	S2-318843116,S2-106909945,S2-512385496,S3-892141260
S1-604665993	S2-342029513,S3-586973279,S3-791715278,S3-681803153,S3-246797001
S1-604721182	
S1-604782779	S2-703497211,S2-158012060,S2-12011958,S3-545446266
S1-604868025	S2-661206284,S3-50136465,S3-668952696
S1-604875235	S2-439328862,S3-988953326,S3-695400869,S3-396640228
S1-604889189	S2-729533468,S2-993628676,S2-735499680,S3-665349917,S3-693165761
S1-604951916	S2-279375899,S2-28751972,S3-653660307,S3-161672644
S1-605094099	S2-301207721,S2-50318124,S3-746837227,S3-950016446,S3-827660157
S1-605131356	S3-850501183,S3-490763339,S3-244455524,S3-677122320
S1-605148283	S2-598888267,S2-256411337,S3-101835642,S3-848194826,S3-433559270,S3-160628228
S1-605162894	S2-381055296,S2-683691606,S3-318402877,S3-920713190
S1-60524773	S2-782595134,S2-977705011,S2-809957005,S3-640367687
S1-605304832	S2-137326775,S2-272167030,S3-107946871,S3-165727115,S3-236704728,S3-219767414,S3-66818377
S1-605320796	S2-647503568,S3-73275045,S3-536256754,S3-548673125
S1-60536067	S2-134884818,S3-722108413,S3-971261344
S1-605446691	S2-748390986,S2-91175795,S3-972074441,S3-977130642
S1-605548301	S2-724203374,S2-480253997,S3-594234375
S1-605641955	S2-18048224,S3-628479108
S1-605667622	S2-101997888,S2-569922552,S3-167225175
S1-605735893	S2-225499870,S2-567139171,S2-318487747,S2-544362734,S3-103421893,S3-775448352
S1-605968656	S2-41273708,S2-665993496
S1-605973334	S2-490124384,S2-140791676,S2-685433050,S2-539722454
S1-605992202	S2-786492579,S3-837690323,S3-946525433
S1-605994069	S3-252365454,S3-184762964
S1-606028575	S2-463314896,S2-486296805,S2-214483376,S2-927586336,S3-781649444
S1-606081084	S2-347018841,S3-702245697,S3-120629327
S1-606106379	S2-384208976,S2-808218975,S2-759345270,S2-287144728,S3-441360975,S3-785345920,S3-746347484
S1-606126507	
S1-606161669	S2-25633928,S3-190012565
S1-606174977	S2-215117694,S3-675061648
S1-606316346	S2-712836854,S3-468442349,S3-675752421
S1-606324613	
S1-606429123	S3-635416066,S3-785741576
S1-606563956	S2-501390922,S2-924006675,S2-221237019,S3-147344686,S3-235518894
S1-606738657	S2-281678165,S2-797941811,S2-932394012,S3-342173170,S3-722778266
S1-606748120	S3-363932858,S3-239049211
S1-606807454	
S1-606822094	S2-22985388,S3-854250491
S1-606841928	S2-477784947,S2-713796147,S3-100196592
S1-606918619	S2-759481590,S2-116961333,S2-112879674
S1-60697762	S3-150680250
S1-607001979	S3-517601002,S3-370418142
S1-607020901	S2-752657724,S2-449178192,S3-837021432,S3-613405218,S3-297817893
S1-607102384	S2-282967678,S2-372957902,S2-171152358,S2-813869719,S3-476276326,S3-947393282,S3-533074271,S3-627699791
S1-607130861	
S1-607157355	S2-83476829,S3-717675891
S1-607231555	S2-376157233,S2-705751363,S3-31989781,S3-302879352
S1-607270367	S2-341640018,S3-306297003,S3-850350993
S1-607312695	S3-558439466
S1-607352506	
S1-607381341	S2-561055865
S1-607401259	
S1-607414814	S2-929514887,S2-682741020,S3-583558872,S3-581095937
S1-607424583	
S1-607458491	S2-665886439,S3-996087728,S3-686551815,S3-338084857
S1-607478608	S2-963258570,S2-774799064,S3-557958527,S3-105639872,S3-643719696
S1-60748968	S2-940127310,S3-740762079,S3-956979926,S3-659019851
S1-607519457	S2-399314470,S2-619439048,S3-239990374,S3-563657812
S1-607592914	S2-246083684,S3-576243924,S3-936479495
S1-607613794	S2-533588181
S1-607658045	S2-985174269,S3-36149327
S1-607658117	S2-898878465,S3-884346861
S1-607695645	S2-40263779,S2-604648381,S2-873508050,S3-352966544,S3-416063746,S3-953419567
S1-607790495	S3-846045762
S1-607854151	S2-686575787,S2-633742996,S3-342221156,S3-203889100,S3-498551393
S1-607894588	S2-690879680,S2-586005235,S3-80973903,S3-994320963
S1-607897904	S2-139506182,S2-849753403,S3-940630258,S3-23419094
S1-607945715	S2-157723741,S2-208120158,S2-984505482,S2-583483648,S2-128513108
S1-607971320	S2-769463194,S3-883526664,S3-122934884,S3-771431546
S1-607975680	S2-993192885,S2-470617764,S3-470703866
S1-60799341	S2-198220471,S2-599623693,S3-595139810,S3-415897877
S1-608050863	S2-188933367,S2-721001138,S3-882487258
S1-608093556	S2-152387665,S2-460850619,S3-577457347,S3-435994116
S1-608223110	S2-396570580,S2-495817325,S2-291540901,S3-992770227,S3-22517938,S3-374328430,S3-783676808,S3-323158736
S1-608279363	
S1-608364847	S2-121451573,S2-579728309,S2-653699293,S3-508007042
S1-608369126	S2-941068402,S3-367414779
S1-608386854	S2-875014854,S2-540441591
S1-60842098	S2-377683304,S3-694273324,S3-301211478,S3-568922321
S1-608422266	S2-966358095,S3-947209510,S3-625161362
S1-608436838	S3-793465457,S3-268288083,S3-268548994
S1-608437643	S2-614682809,S3-539792449,S3-640309028
S1-608464029	S2-14603573,S3-760623143,S3-276723557
S1-608469321	S3-771891154,S3-917301453,S3-107545448,S3-501277281
S1-608530251	S2-162812711
S1-608571522	S2-968247723
S1-608681703	S3-512023111
S1-608687777	S2-657443072,S3-688710938
S1-608715941	S2-53473316,S3-230557467,S3-592785819
S1-608735123	S2-314710299,S2-667805037,S3-32942552,S3-646560975
S1-608783850	S2-309496840,S2-51344991,S2-502878075,S2-701924525,S3-153968519
S1-608888060	S2-263337100,S2-288362828,S3-782893941
S1-608903553	S2-467463985,S2-353977359,S2-133609912,S2-191386125,S2-251473656,S3-607946803,S3-397991433
S1-60893743	S2-689341776,S3-328109007,S3-569140967,S3-603713679,S3-869210146
S1-609163581	S2-72063144,S2-163036586,S3-292600367
S1-609200662	S2-784481862,S2-734379749,S3-554196948,S3-810252926,S3-256933962
S1-609394937	
S1-609422543	S2-357210629,S3-252926104,S3-186790638
S1-609574850	S2-158956543,S3-836522767,S3-817319760,S3-811887343
S1-609586271	S2-449337903,S2-205381196,S2-125066548,S2-916846273
S1-609621633	S2-36697708,S2-857426855,S2-16679875,S3-158984198,S3-679538861
S1-609634246	S2-421026546,S3-617707541,S3-691843183,S3-154897165
S1-60966993	S2-775036302,S3-196311184
S1-609692604	S2-19568486,S2-867086061,S2-471571879,S3-29185820,S3-100773429
S1-609693737	S2-102910283,S2-202187576,S2-529156264,S3-425960579,S3-673452319
S1-609789660	S2-494513895,S2-662728340,S2-511608367,S2-515004253,S2-357735739,S3-797528984
S1-609795288	S2-34569013,S2-770057677,S3-876200214,S3-924669905,S3-336922565
S1-609919984	S2-97397218,S2-817911266,S3-843004453
S1-609978563	S2-10807565,S2-513008553,S3-363067531,S3-126787708
S1-610074615	S2-194928310,S2-843756301,S3-832012804
S1-610131468	S2-914873426,S2-786118848,S3-847475364
S1-61015424	S2-271322839,S2-638699333,S3-347414562,S3-780970497,S3-200967089
S1-610175854	S2-180358088,S2-423824060,S2-172952117,S2-465978917,S3-843574255,S3-585101586
S1-61018153	S2-619098828,S3-830545444,S3-107337328
S1-610199727	S2-112221906,S2-145191852,S2-737430745,S3-331148089,S3-399691575
S1-610207106	S2-632452738,S3-312224723,S3-198637608
S1-610253240	S2-121359390,S2-286646726,S2-257949313,S2-184829947,S3-369398237
S1-610266931	S2-552466825,S3-673126077,S3-602325463,S3-595019293
S1-610301580	S2-894173038,S2-208696569,S2-873124001,S3-176918705,S3-211335763,S3-984815416
S1-610358612	S2-962873034,S3-335651974,S3-481514510,S3-252481178
S1-610377579	
S1-61040591	S2-16381722,S2-70439523,S3-803120875
S1-610410868	S2-505462521,S2-90793260,S3-951577873,S3-383475737
S1-610452879	S2-985657030,S3-404562038
S1-610503140	S2-944154449,S3-38062411,S3-939920301
S1-610604285	S2-666367834,S2-686320845,S3-560415989,S3-826853263,S3-662415689,S3-97646843
S1-610682889	S2-952949599,S3-993576328,S3-61625492,S3-42126785
S1-610687146	S2-31559230,S2-357358517,S2-258125257,S2-192722916,S3-476324185,S3-812633269
S1-610751395	S2-663999228,S2-345611774,S3-522523177
S1-610759129	S2-88573891,S3-744668847,S3-260012691
S1-610888322	S2-918384829,S2-345191634,S2-449031020,S3-447922648
S1-611108944	S2-72011480,S3-36504043,S3-742921760
S1-611174653	S2-773318838
S1-611222538	S2-661891938,S3-332260691,S3-261427143
S1-611238419	S2-55125624,S3-95303392
S1-611241656	S3-481788279
S1-611248023	S2-736799001,S2-900353576,S3-261959232,S3-873586052,S3-183293868,S3-332193218,S3-592405439
S1-6113047	S2-757004321,S2-181749363,S3-943394683
S1-611417463	S2-617444783,S3-904229048,S3-186410258,S3-468870655,S3-389418178
S1-611447192	S3-826331752,S3-417611576,S3-198799233,S3-645594624
S1-611502040	S2-843139080,S2-85530543,S3-94911187
S1-611638395	S2-207022890,S2-367452872,S3-879211388
S1-611751186	S2-392598179,S2-687840001,S3-101941233,S3-444884682
S1-611881336	S2-405840637,S3-129128051
S1-611963247	S2-770150046,S2-275039872,S3-853778383
S1-611972324	S2-24037214,S3-209236904,S3-399630188
S1-611987760	S2-427415165,S3-989567708,S3-703077911,S3-630775799
S1-611990873	S2-38255208,S2-222755791,S3-150133522
S1-612022724	S2-743740253,S2-882433240,S2-748163379,S3-97705868
S1-612221479	S2-795117807,S2-659466511,S2-745600062,S2-370327963,S3-326136304,S3-581758591,S3-46366463
S1-612269695	S2-13322995,S2-858074466,S3-215102200,S3-495924341,S3-367127679
S1-612299430	S2-571542250,S3-351564997
S1-612466663	S2-491669954,S2-653576154,S2-538907278,S3-177399221,S3-177794320,S3-897811214,S3-743443760
S1-612480120	S3-196831514,S3-267381803,S3-271119546
S1-612614709	S2-675529965,S3-147089797,S3-540924099
S1-612682068	S2-489924873,S2-887728444,S3-299626480,S3-414679372,S3-154908813
S1-612689527	S2-519162380,S2-95166244,S2-261749125,S3-616067010
S1-612716465	S2-476167352,S2-655996674,S3-279690357
S1-612868761	S2-922830697,S3-720507753
S1-612900675	S2-762049824,S2-311102567,S3-210890087,S3-194926541,S3-421157566
S1-612927525	S2-516732787,S2-236549674,S2-605232343,S3-225252866,S3-4812370,S3-137181960
S1-612949430	S2-401749002,S2-202355634,S2-782287266,S2-944985285,S2-97172525,S3-89496886,S3-62581246,S3-734177345,S3-590789508
S1-612950439	S2-525759459,S3-756475558,S3-728731682,S3-981277566
S1-613016572	S2-341065484,S2-648660365,S3-817164993,S3-945697107,S3-767251340
S1-613093058	S2-706984602,S2-582244684,S3-193026272,S3-298850007
S1-613134560	S2-861698251,S2-189220927,S3-521645079
S1-613156607	S2-454052384,S2-284565986,S3-799309601,S3-907557804
S1-613185559	S2-624888016,S3-96513851
S1-613214561	S2-280417392,S2-45100359,S3-641391600,S3-863496165
S1-61325412	S2-351063458,S2-395018446,S3-66637114
S1-613287013	S2-493114828,S2-478177336,S2-125922386,S3-693271601
S1-613361618	S2-414222805,S2-593378073
S1-613382866	S2-807533861,S3-112656045,S3-266862822,S3-353719821
S1-613558458	S2-200685920,S2-13152846,S2-132582403
S1-613563815	S2-834222260,S3-240272048,S3-538729761
S1-613623627	S2-975875385,S3-464443397,S3-478212640
S1-613685061	S2-168470218
S1-613712914	S2-726875607,S2-237294868,S3-117100177,S3-820246334
S1-613809167	S2-120809030,S2-873910550,S3-68713949,S3-288098318
S1-613817292	S2-42066777,S2-979144551
S1-61388768	S3-542390104
S1-613930095	S2-34907674,S2-133446272,S2-938059539,S2-49853274,S3-302129283,S3-672027639
S1-613937452	S2-870006810
S1-613956644	S2-121282094,S2-316616440,S3-596767679,S3-742959080
S1-613971485	S2-197985541,S3-512910578
S1-613987082	S2-587796919,S2-436346908,S2-989898905,S3-279942844
S1-614017397	S2-426614696,S3-565509814,S3-245067252
S1-614029705	S2-168917829,S2-376082488,S2-874381473,S3-559036366,S3-239547234
S1-614139982	S2-279113721,S2-1645980,S2-47453035,S2-327931890,S3-468492298,S3-477154636,S3-319251411,S3-876993729
S1-614265432	S2-748545351,S3-694558226
S1-61436264	S2-594582380,S3-256111401
S1-614391627	S2-938369898,S2-453473046,S3-254172351,S3-208665595,S3-326419334
S1-614622079	S2-237922394,S3-456908690
S1-614675138	S2-485566829,S2-811577448,S3-576613811,S3-196106908,S3-721583992
S1-614833665	S2-854089485,S2-959055819,S2-212123583,S3-410118560
S1-614861937	S2-551813448,S2-262523946,S3-938801643,S3-239547581
S1-614877277	S2-733406610,S2-162689003,S2-641937803,S3-288519795
S1-61492839	S2-922289247,S3-427553766
S1-614984455	S2-732626320,S2-887354992,S3-198610294
S1-61500135	S2-265647866,S2-560929817,S3-724536984,S3-926596563
S1-615011323	
S1-615023349	
S1-615084190	S2-545328618,S3-781953259
S1-615107191	
S1-615111942	S3-950702950,S3-808812791,S3-949876777,S3-884863797
S1-615313658	S2-732766040,S2-278416813,S2-41192496,S3-70887126,S3-5551678,S3-442624541,S3-674927620
S1-615465308	S2-788147334,S2-268216657,S2-391620535
S1-615706911	S2-579729743,S3-2566933,S3-754507328
S1-615752424	S2-919958047,S3-929987854,S3-489735168
S1-615802083	S2-983675167,S3-924498936,S3-606213107
S1-615914561	S2-576345776,S2-791463378,S3-879148751
S1-616034559	S2-70587856,S3-148526955
S1-616045768	S2-131579844,S3-32148827,S3-301326847
S1-616107967	
S1-616147203	S2-594423646,S2-983161663,S3-335505223,S3-884233754,S3-634164293,S3-996796736
S1-616261716	S2-215818856,S3-767034613
S1-616377643	S2-175928366,S2-890895802,S2-823118823,S3-381292645
S1-616448898	S2-34732391,S2-312927989,S2-92321181,S3-562247679
S1-616475804	S2-697305117,S2-976236968,S2-579645614
S1-616489340	S2-852196272,S2-981391179,S3-988207979,S3-774139790
S1-616522982	S2-175889817,S2-450104778,S2-843071718,S3-963730259
S1-616523765	S2-9577531,S2-852394094,S2-580798383,S3-712790838
S1-616576191	S2-471332453,S2-39953278,S2-97165644,S3-383523705,S3-904381374
S1-616587284	
S1-616600016	S2-399484416,S3-671796552
S1-616675969	S2-451405726,S3-794769976
S1-616719821	S3-104271165
S1-616776361	S2-779066217,S2-631997980,S2-382597353,S2-857100127,S3-38758438,S3-192845115
S1-616876673	S2-525403859,S2-958937890,S2-794282413,S3-187612210
S1-616898876	S2-954242460,S2-831574531,S2-620387373,S3-826181856,S3-376707037,S3-537270333
S1-616900500	
S1-616994168	S2-206538769,S3-712663536,S3-591280826,S3-680869080
S1-617022663	S2-662426123,S3-445549310
S1-617033363	S2-258452904
S1-617065210	S2-888963787,S2-951112593,S3-673608561
S1-617277174	S2-325215989,S2-443405533,S3-1671321,S3-506615529,S3-910056224,S3-929473289
S1-617315197	S3-653930614,S3-843993515
S1-617328523	
S1-617354644	S2-460701703,S3-204480700,S3-978438549
S1-617576137	S2-998705396,S2-778485234,S3-559687803
S1-617613484	S2-787166824
S1-617623849	S2-47233806,S2-133062511,S2-53464111,S3-786415755,S3-29359387
S1-6176799	S2-457572213,S2-741812295,S3-324253731,S3-545374188
S1-61770659	S2-319860785,S2-825592341,S3-168120764,S3-166731197
S1-617930782	S2-308612741,S2-13650714,S2-13953956,S3-197421641,S3-860834529
S1-617986387	S3-205565208,S3-585781336,S3-355427328
S1-618050100	S2-593387755,S2-242795899,S2-574035712,S2-80718502,S3-236441768
S1-618050496	S2-358962483,S2-442933619,S3-89587110
S1-61811126	S2-374690842,S3-917012341,S3-510926835
S1-618128466	S2-202572840,S2-284481919,S2-816963423,S3-530457692,S3-915350932
S1-618129121	S2-478481149,S2-87653410,S2-238360211,S3-544763691,S3-478478122,S3-15270235,S3-645313211
S1-618132000	S2-921164218,S2-964284826,S3-389905256,S3-679785069,S3-64522072
S1-618192611	
S1-618283689	S2-286879547,S2-497256873,S3-953783223,S3-497279128,S3-652453270
S1-618297427	S2-251214563,S3-428701740,S3-857064714
S1-618320808	S2-570780447,S2-265884197,S2-223410454,S3-801166657
S1-618471254	
S1-618570184	S2-136216991,S2-418018462,S3-778064516,S3-144358551
S1-618639152	S2-522244457,S2-90969958,S3-152200189
S1-618803507	S2-784614358,S2-937857126,S2-7833318,S3-206269564
S1-618874875	S2-160954923,S2-844401682,S3-161068439,S3-751648933,S3-209510563,S3-286821000,S3-958703733,S3-747832735
S1-61888789	S2-376550015,S3-910389282,S3-223738089
S1-618937993	S2-509203067,S2-637986812,S2-355418929
S1-618945514	
S1-618991675	S2-638303510,S3-211426505,S3-532354449,S3-854299214
S1-619011069	S2-808013223,S2-114912442,S2-708338509,S3-110561964,S3-44306551,S3-1040874
S1-61904893	S2-143153831,S2-327050116,S3-132156006,S3-507274303
S1-619052746	S2-114713842,S3-647376749,S3-777705634,S3-798555911
S1-619062729	
S1-619461149	S2-787523753,S2-18541224,S2-151200939
S1-619467849	S2-110778397,S3-9213392,S3-280948811
S1-619597697	S3-253604912,S3-414180913
S1-619610472	S2-267939675,S2-947507896,S2-221877052,S3-892070627,S3-478542479
S1-619750068	S2-309687973,S2-303432825,S3-519059455
S1-619867297	
S1-619872071	S2-506364568,S3-549510612
S1-619898022	S2-845099503,S3-308885727,S3-349489888
S1-620053988	S2-190218631,S2-182768628,S3-572929198
S1-620213271	S2-879123254,S3-803130243
S1-620253703	S2-970315800,S2-138823966,S3-841675206,S3-589722096,S3-877762525,S3-39217582
S1-6203093	S2-36836927,S3-11185308,S3-43158274
S1-620362680	S3-655103002
S1-62038261	S2-782457302,S2-814575904,S2-660271229,S2-707276541,S2-193966829,S3-688145601
S1-620390907	S2-840428348,S3-930095777,S3-909765714
S1-620422934	S2-405205498,S2-440875621,S2-82277639,S3-24272859,S3-650970166
S1-620437994	S2-317184372,S2-139069059,S2-713304478,S3-371542821,S3-294454868
S1-620465392	S2-971097286,S2-510878829,S2-522546258,S3-238470180
S1-620469412	S2-144835491,S2-180298168
S1-620515308	S3-596915827,S3-102910953
S1-620528227	S2-472118154,S3-792864443,S3-830407597,S3-692283412,S3-252428752
S1-620598851	S2-871972786,S2-754976741,S3-121232022,S3-971882677,S3-552774017
S1-620827098	S2-264683214,S2-263521349,S3-331823370,S3-977994935
S1-620879563	S2-893309214,S3-3954408,S3-794024113,S3-749130817,S3-540038033
S1-620894064	S3-684868258
S1-620943807	S2-339435268
S1-620992172	S2-240187070,S2-140573115,S2-578869217,S3-959478243,S3-131765193,S3-541181051
S1-62099519	S2-450662123,S2-2134698,S3-381122535,S3-12689154,S3-467932666
S1-621084828	S2-932280932,S3-921968268,S3-673378195
S1-621102211	S2-79826506,S2-486694290,S3-442816519
S1-621225423	S2-756441547,S2-387549137,S3-382770538,S3-116307877,S3-103172703,S3-754433972
S1-621324529	
S1-621472845	S2-105301997,S3-957441149,S3-32538190
S1-62148210	S2-636051962,S3-440306348
S1-621534956	S2-798861144,S2-885005550,S3-1967505,S3-867951419,S3-764216023
S1-621596305	S2-393942794,S2-99491200,S3-251935881
S1-621609138	S2-644881422,S2-534196868,S3-115460962,S3-694361762
S1-621617157	S2-890619839,S2-377347083,S3-593694558
S1-621627521	S2-521944969
S1-621635691	S2-743499202,S3-671547784,S3-88997544
S1-621712886	S2-268139313,S3-675551980,S3-777509329,S3-477642431,S3-835028432
S1-62171797	S2-519972231,S2-757145736,S2-947106832,S3-21353110,S3-527845872,S3-473023339,S3-230520302
S1-621778204	
S1-62178354	S2-596137442,S2-956848973,S3-205228257,S3-737837764
S1-621817185	S2-55659808,S2-358747335
S1-621849305	S2-70775058,S3-424779135
S1-621859504	S2-884049719,S2-328760423,S3-402527661
S1-621901669	S3-600097649
S1-621946231	S2-420241382,S3-13824592,S3-39701913,S3-314841635
S1-622062866	S2-985635932,S3-867579165,S3-229893174
S1-622086847	S2-531463367,S2-162216765,S2-480525006,S3-959455466
S1-622247361	S2-805206985,S2-643628237,S2-16900462
S1-622249976	S2-857018975,S2-68699272,S2-316414576,S3-575425486,S3-849078832,S3-669589194
S1-622307067	S2-29496989,S3-110935206
S1-622366129	S2-877418977
S1-622413375	S2-477154554,S2-711658126,S2-60044815,S3-444019529,S3-597728492,S3-584856758,S3-875589189
S1-622413687	S3-694456691
S1-622439077	S2-937783647,S2-738347777,S2-644950484,S3-930944674,S3-614788499,S3-293116669
S1-622486069	S2-162845946,S3-368939816
S1-622544304	S2-913718328,S2-805216910,S2-819934739,S3-850673853,S3-991569109
S1-622566360	S3-411843479
S1-622615765	S2-205380540,S3-596953290
S1-62264776	S2-314106965,S3-595384656
S1-62271994	S2-915673081,S3-443065464
S1-622741386	S3-454120570,S3-925836329,S3-808680785
S1-622832150	S2-929407570,S3-708003991,S3-783456916
S1-622865276	S2-86162438,S2-831801097,S3-925292950,S3-647445536,S3-910428165,S3-543437578,S3-337287485
S1-62293108	S2-681640024,S3-282137482,S3-903421050,S3-902843959,S3-98584413
S1-622978318	S2-495470384,S3-562048846,S3-991889275,S3-755609317
S1-623007065	S2-123198088,S2-58648156,S3-582664739,S3-514836548
S1-623106158	S2-78723822,S2-839816514,S3-384531400,S3-543456425,S3-134568023,S3-137813797
S1-623143469	S2-728819466,S2-394764832,S2-525501506,S3-837575108
S1-623151521	S3-449145837
S1-623158853	S2-763613749,S3-526750480,S3-680609158,S3-311911381,S3-986219248
S1-623228907	S2-206022867,S2-661155326,S3-137726018,S3-920820592,S3-380447228
S1-623502162	S2-921258777,S3-981831152,S3-670080834,S3-766105525
S1-623564723	S2-252546949,S2-457100162,S3-56117474
S1-623574406	S2-842246573,S2-465381182,S3-48707827,S3-25668950,S3-641493302
S1-623736472	S2-265312223,S2-794025166,S3-712099735
S1-623793059	S2-515798986,S2-90649702,S2-834399150,S3-958655067,S3-245426488,S3-750869966
S1-623976785	S2-11401989,S2-987886405,S3-505225597,S3-5913044
S1-623997481	S3-973900111
S1-624079998	S2-462697372,S2-871875767,S3-69888797,S3-933131972
S1-624081821	
S1-624103626	S2-622755623,S3-132150181,S3-240618575,S3-894696552
S1-624188984	S2-530540909,S3-699744696,S3-416590399,S3-432510937
S1-624332695	S2-182205378,S2-976362902,S3-608299160,S3-116337370,S3-676857148
S1-624340748	S2-796055835,S3-350754459,S3-944382777
S1-624348205	S2-128423832,S3-992188749
S1-624356636	S2-432032803,S2-147404667,S3-61738507
S1-624398785	S2-966328959,S2-972643647,S3-784985023,S3-903887249,S3-975684955
S1-624410631	S2-200471151,S3-57274780,S3-644505196
S1-62460481	S2-732606649,S2-628610165,S2-524614527,S3-975578081,S3-299616651
S1-624634607	S2-233833143,S2-665433225,S3-633974839,S3-955305108
S1-624686587	S2-144985571,S3-875349659,S3-115633221
S1-624724683	S2-534658613,S2-631482264,S2-793763749,S2-853504268,S3-758400292,S3-392894715,S3-593762858,S3-668483965
S1-624869955	S2-352128509,S2-151957812,S3-458882437,S3-545947972
S1-624901965	S2-725406837,S3-553766038
S1-624917402	S2-605826282,S2-968770130,S2-650513879,S2-965550535,S3-323563441,S3-392510774
S1-624948508	S2-815264226,S2-786734937,S3-174120497
S1-624964719	S2-846480064,S3-912561039,S3-41109236
S1-624970457	S3-103051375,S3-618353726
S1-624978099	S3-709632377,S3-830023627
S1-625076973	S2-955865238,S2-197019896,S2-979498175,S3-665892541,S3-813988459,S3-225886430
S1-62512342	S2-207856581,S3-48704090
S1-625137660	S2-145627853,S3-656004297,S3-55908816,S3-297204848,S3-663285938
S1-625174802	S2-274493161,S3-271590763,S3-413306195,S3-587744820
S1-625181951	S2-466448180,S2-816066873,S3-218092724,S3-96626419
S1-625244623	S2-882256504,S3-660298629,S3-908182307
S1-625296476	S2-459209576,S2-564170843,S3-91385974,S3-436351938
S1-625361159	S2-654101473,S2-41181214,S2-940957715,S3-524560776
S1-625371928	S2-915372193,S2-399777164,S3-514386434,S3-553104187
S1-625404398	S3-704466010
S1-625404447	S2-583722629,S3-37894149
S1-625405488	S2-122835961,S2-986846310,S3-727736935,S3-193026648,S3-149322999,S3-785586990
S1-625551619	S2-593162845,S2-969272642,S3-391626988
S1-625589764	S2-716425897,S2-237446396,S3-55431796,S3-788703343,S3-834149829
S1-62572959	S2-923665843,S2-162211513,S2-370121409,S3-171194041
S1-625892797	S2-373313599,S2-84863908,S3-222967568
S1-625948817	S2-771579462,S2-565016038,S2-597067526,S3-396775044,S3-665736960,S3-514439458,S3-201722932
S1-625998768	S2-715129789,S3-111849679,S3-524188472
S1-626061323	S2-595681822,S3-367966793,S3-299736876
S1-626068802	
S1-626103519	S2-538706545,S2-115245195,S3-321914215,S3-909706019
S1-626194575	S2-435775934
S1-626219694	S2-748480411,S2-898895561,S2-383487896,S3-606504242,S3-419529301
S1-626250699	S2-292056684,S2-990830239,S2-568150409,S3-213883440,S3-469457428,S3-298642426
S1-626318645	S2-73189900,S3-671788341,S3-826277922,S3-899836273
S1-626346691	S2-928130977,S3-236338938
S1-626431696	
S1-626461752	S2-992981415,S3-967915807,S3-119843806,S3-691115544
S1-626473517	S2-519217326,S2-214653952,S3-495431204,S3-18614475
S1-626614932	S2-804260080,S2-19297170,S2-399192409,S3-667916826
S1-626776943	S2-595414153,S2-53033934,S2-513030935,S3-820199370,S3-916877737,S3-410199599
S1-626898154	S2-796520994,S2-266506194,S3-930395092,S3-210948573,S3-808104417
S1-62690688	S2-26065628,S2-655086001,S3-608815490,S3-255843275,S3-321174775
S1-627066205	S2-770663852,S2-249295521,S2-560057532,S3-775219454,S3-441076267
S1-627067471	S2-105010420,S2-830629445,S3-302558937,S3-63726428
S1-627075064	S2-96629181,S3-121585178,S3-584022024,S3-153102112
S1-627173515	S2-140754268,S3-661564461,S3-132321393
S1-627228047	S2-393227310,S3-300347311
S1-627346225	S2-33290002
S1-627367777	S2-342210911,S2-908737378,S3-30574670,S3-647806829,S3-960193997
S1-627398049	S2-259095470,S3-151053010,S3-338896206
S1-627408824	S2-507067917,S2-308438661,S3-312249757
S1-627574265	S2-914955930
S1-627598935	S2-949685029,S2-160911604,S3-430336496,S3-907884147,S3-509396183,S3-80307768
S1-62761180	S2-501730800,S3-73855253
S1-627624011	S2-283843435,S2-962457322,S3-643056023
S1-627682564	
S1-627757761	S2-618069138,S2-400792568,S2-245690325,S3-259273509,S3-353853011,S3-934235854,S3-496332565
S1-627773721	S2-405786020,S2-203781541
S1-627777820	S2-149267231,S2-380839135,S2-436356138,S2-353092924,S3-499621065
S1-62779083	S2-509689701,S2-793469735,S2-201162353,S3-670753073,S3-185674350
S1-627856015	S2-271365127,S2-931615207,S2-954953026,S3-456747381,S3-9626427
S1-627952962	S2-530142644
S1-628103179	S2-837010072,S2-241054624,S2-105148645,S2-580941712,S3-527074188
S1-628113003	
S1-628165649	S2-945817848,S2-488892048,S2-963258611,S3-392278329
S1-628182533	S2-964175950,S2-642246519,S2-765143363,S2-791878158,S3-198543080,S3-944897222
S1-62825312	S2-607901693,S3-49200290,S3-125916903,S3-221169818,S3-330768449,S3-277364076
S1-628344868	S2-522712393,S2-336394083,S3-295592828
S1-628420838	S2-134076848,S2-499564268,S2-15243892,S3-611538900,S3-719228413
S1-628433637	
S1-628439068	S2-235010226,S3-899341237
S1-628518147	S2-906008848,S3-607176953
S1-628537453	S2-1331738,S3-327017562
S1-628685541	S2-410017818,S2-569477670,S3-543693229
S1-628719052	S2-488271374,S3-982575315,S3-890182389,S3-638372375,S3-143993280
S1-628734450	S2-739658132,S3-217419228,S3-491545026
S1-628743535	S2-2457997,S2-658632389,S3-544296502
S1-628748343	S2-63828245,S2-806051181,S3-876353917
S1-628761922	S3-933520211,S3-380812662,S3-81202714
S1-628818533	S2-164014353,S3-853436382,S3-838032244
S1-628833808	S2-232561788,S2-881181877,S3-959641578,S3-293637122
S1-62889510	S2-292845014,S3-276381592,S3-127374779
S1-628935468	S2-225722117,S2-324600782,S3-946198137,S3-559547444,S3-520272532
S1-629275383	S2-571211568,S3-366476479
S1-629316106	S2-392990376,S2-29190581,S2-19585701,S2-176255488,S3-581114799,S3-650054995
S1-629376425	S2-648331545,S2-614212884,S2-450999452,S3-45892487,S3-796699206
S1-62942302	S2-606260230,S2-801217204,S2-630495784,S2-934145422,S3-255158600
S1-629424774	S2-288757556,S2-977565281,S2-721231716,S3-444202757,S3-542703542,S3-938457683
S1-629523095	S2-479806087,S2-313407714
S1-629616737	S2-736444030,S3-408506525,S3-486822426,S3-663506486
S1-629633951	
S1-629665162	S2-728084881,S2-21039282,S3-47197197,S3-328511197,S3-156531643
S1-629674741	S2-317144179,S2-405256803,S3-560559142,S3-947800235,S3-295647416
S1-629690170	S2-622780129,S2-335561302,S3-618585626,S3-694381822,S3-288963671
S1-629806238	S2-322673466,S3-500043358
S1-629859834	S2-154084900,S2-385026449,S2-23116732,S3-98737846,S3-465817320,S3-646676023,S3-260855935
S1-629877047	S2-807140801,S3-228262882,S3-235878227,S3-667125029
S1-629988846	S2-17357314,S2-229039813,S2-718872139,S2-319040908,S3-339822248,S3-659531621
S1-629991543	S3-171337699,S3-976706452
S1-630016459	S2-801300641,S2-985812200,S3-707765513,S3-715293950,S3-157551635,S3-295679800
S1-630041875	S2-250741038,S2-458880989,S3-161878067
S1-630127483	S2-769308955,S2-824169575,S3-105060471
S1-630292275	S2-814396000,S3-87108058,S3-538774637
S1-630324662	S2-179369927
S1-630331268	S2-231489109,S3-964666943
S1-630362197	S3-618661266
S1-630487389	S3-454032484,S3-623651822
S1-630512800	S2-211860733,S2-304797497,S3-377629252,S3-644353568
S1-630537572	S2-47437064,S2-765350880,S3-927179537,S3-680660374
S1-630589709	S2-165214780,S2-68357023,S2-183748465,S3-486206018
S1-630639387	
S1-630768880	S2-531768593,S2-596322118,S3-787159218,S3-879682062
S1-631116403	S3-628275784
S1-631129624	S2-812061730,S2-132256046,S2-440459291,S3-697539527,S3-359690678,S3-974908808,S3-329794292
S1-631270245	S2-48561580,S3-586027074
S1-631402830	S2-390806856,S2-503509944,S3-429175434,S3-826878359
S1-631445329	S2-940890227,S3-100083126
S1-631466578	S2-264394390,S3-365647039,S3-675076670,S3-823588818,S3-5656661
S1-631536592	S2-237611021,S2-844699071,S3-795573278,S3-417913309
S1-631569262	S3-446499334
S1-631572618	S2-213638407,S3-92910774,S3-880232365
S1-63160576	S2-702434609,S2-590993436,S3-45028248,S3-58260967,S3-813131303,S3-712738987
S1-631609617	S2-845040709,S2-81462791,S2-134915815,S2-196654579,S3-418760896,S3-921134258,S3-459791856
S1-631632081	S2-649228516,S3-238015696,S3-423241438
S1-631780851	
S1-631957470	S2-142523208,S2-332696986,S3-331767626,S3-368609569
S1-632016796	
S1-632025779	S2-310414874,S3-411633563,S3-308350171,S3-339609548
S1-632209134	S2-259873440,S2-823230029,S3-803774056,S3-613821561,S3-785279510,S3-985051391,S3-973655082
S1-632250621	S2-286589783,S2-722800617,S3-965187324
S1-63225560	S2-497898920,S3-407615621
S1-632273303	S2-711929233,S2-109457436,S3-415033908
S1-632338564	S2-24374025,S2-213723806,S3-156373859
S1-632403537	S2-893688633,S3-382589960,S3-569785390
S1-632418358	S2-618580380,S3-411470084,S3-246391944
S1-63249068	S2-906045187,S3-789054457,S3-179810181
S1-632500125	S2-13342749,S2-637288910
S1-632581156	S2-570407972,S3-467204683,S3-544397544,S3-795686873,S3-578827993
S1-632663977	
S1-632674022	S2-79378669,S3-213161160,S3-512128865
S1-632713581	S2-755139264,S2-550714200,S3-725596727
S1-632792484	S2-695968939,S3-995645152
S1-632871123	S2-257237580,S2-224708382,S2-841057833,S2-531452181,S3-550558899,S3-560342155,S3-733911131
S1-632904584	S2-998991368,S2-702131358,S2-279581012,S3-288683168
S1-633010522	S2-988792241,S2-258927101,S3-454535690
S1-633044640	S2-987472060,S2-175412142,S2-5348220,S2-260320042,S2-733491423,S3-747804224,S3-514137611
S1-633081422	S2-126103168,S2-739351838,S3-365397311
S1-633115647	S2-59167777,S3-300613891,S3-689202912
S1-63314967	
S1-633179177	S2-13369917,S3-430874412,S3-454413822,S3-245273135
S1-633203190	S2-497412946,S2-583882740,S3-731046625,S3-623088663
S1-633327589	S2-566377548,S2-489105393,S3-541565500
S1-633361256	S3-41478944
S1-633382562	S2-786334497
S1-633393393	S2-920096475,S2-420941235,S3-752131702
S1-633448358	S2-787857195,S2-161011773,S3-390485678,S3-476431994,S3-945364766
S1-633465412	S2-703654277,S3-254487119,S3-164429311
S1-633496599	S2-138077246,S3-667089103,S3-8069674
S1-633538060	S2-851939454,S3-43194919
S1-633683900	S2-729273808,S3-371339258,S3-337012927
S1-633775716	S2-525110191,S2-724185687,S3-40946436,S3-480032154
S1-633896816	S2-680952,S3-679183568
S1-633897418	S2-434352879,S2-197514310,S2-776347227,S2-885161863,S3-823064498
S1-633973951	S2-734671225,S2-338219226,S2-569410281,S2-5698692,S3-635583578,S3-300513439
S1-634055716	S2-831555209,S3-782900317,S3-559904481,S3-845126131,S3-832766092
S1-634085224	S3-157332395,S3-289107418
S1-63435736	S2-257224555,S3-567184339,S3-40963254,S3-982507495,S3-440637613,S3-853757462
S1-63440265	S2-587068410,S2-746353463,S2-21732665,S2-495766565,S2-694387528
S1-634435629	S2-438012000,S3-159668107,S3-541764611,S3-146108176
S1-634453912	S2-112274867,S3-955851274,S3-344153974,S3-815527034
S1-634476958	S2-222551528,S2-795437553,S3-572101898
S1-634533845	S2-235041702,S3-373821159,S3-849853423
S1-634584280	S2-834677615,S2-767436920,S2-105782133,S3-201096323,S3-239526361
S1-634601039	S2-42759242,S2-72610581,S3-844062048,S3-5948711
S1-634605850	S2-493264576,S3-581541209
S1-634711397	S2-697167471
S1-634792364	S2-751604220,S2-686264309,S3-44572693,S3-829673770,S3-360220064,S3-196528241
S1-63484911	S2-975709542,S2-28864249,S3-489209948
S1-634877408	S2-944053278,S2-591377780,S3-906650866,S3-367862783
S1-634922740	S2-738157079,S2-10718685,S3-566294473,S3-761273887
S1-634975688	S2-959987515,S2-362427079,S3-205008319,S3-729158098
S1-63499339	S2-105012911,S2-971531441,S3-736582094,S3-600751292
S1-635062657	S3-192157281,S3-951868371,S3-45088817
S1-635106428	S2-395826081,S3-516417641
S1-635177696	S2-147593352
S1-635241347	S2-933013820,S2-67136540,S3-834974246,S3-574139822
S1-6352951	S2-28495638,S2-952778560,S3-364508922
S1-635305476	S2-794457353,S3-366998002,S3-282917177
S1-63533061	S2-875542516,S2-703042035,S2-745583000,S3-928091198
S1-635339283	S2-75983207,S3-408538768,S3-172865121,S3-681870838
S1-635441505	S2-258543730,S2-547447364,S2-222257346,S3-671904589,S3-979195723,S3-341272953,S3-513021659
S1-635455862	S2-847342103,S3-437781587,S3-128937002
S1-635640877	S2-707528338
S1-635690913	S2-709348864,S2-286864346,S2-602215374,S2-507042665,S3-113797233,S3-510383410
S1-635707677	S2-839232410,S3-216706510,S3-980968016
S1-635892612	S2-259484338,S2-536319587,S3-837326560
S1-635921757	S2-923973934,S2-914864117,S3-206135711,S3-458203098,S3-879960640
S1-635948177	S2-961316141,S2-816798751,S2-367012426,S3-991426609,S3-719997904
S1-635996800	S2-23775852,S2-361930449,S2-128822711,S3-158117517
S1-63601028	S3-771579185,S3-198991790,S3-510951055,S3-231326634
S1-63618303	S3-732282477
S1-636192413	S2-858619428,S3-368878342,S3-106868707
S1-636236330	S2-460700846,S2-404149047,S3-698332428,S3-335626089
S1-636238839	S2-63424801,S2-541377595,S3-844274049,S3-830214257,S3-666446881,S3-671018951,S3-135994714
S1-636255494	S2-213547426,S2-547193292,S2-598530701,S2-289028707,S3-959085797
S1-636417539	S2-375199677,S3-748272840,S3-914047540
S1-636462778	S2-71256620,S2-783175952,S2-483527115,S3-1607680
S1-636467680	S2-710727011,S3-295682855,S3-658784444
S1-636469939	S3-212810009
S1-63655361	S3-26682231
S1-63656273	S2-705942036,S2-906685534,S2-374641323,S3-256799878
S1-63676039	S2-852915747,S3-326643657,S3-418466515,S3-321897590
S1-636794805	S2-907866369,S3-460950231,S3-887185983,S3-581704843,S3-979480523
S1-636826994	S2-382039024,S2-177431209,S3-864674947,S3-19049450
S1-636895944	S2-52042047,S2-767530258,S3-59132038,S3-543119128
S1-636913813	S2-898088089,S2-949896939,S2-424387677,S2-374227879,S2-645239286
S1-636986238	S2-694048169,S3-444855858
S1-637095692	S2-56614640,S2-160194305,S3-120372977,S3-298298176,S3-305843496
S1-637189379	S2-8481397,S2-92422685,S3-641020258
S1-637198792	S2-51876093,S2-553419977,S3-697708405,S3-765698414,S3-914079641,S3-922132332
S1-63726913	S2-313538431,S3-892187955
S1-637338536	S2-524360598,S3-302196886,S3-771933233,S3-395356629
S1-637390249	S2-434654114,S2-935802772,S3-478272042,S3-519524697,S3-867542411
S1-637404159	S2-749816024,S2-506936658,S3-945258886
S1-637443563	S2-834633847,S3-435251832
S1-637510636	S2-828718470,S2-811335871,S3-660039425
S1-637531555	S2-901501236,S3-751867931,S3-304664932,S3-909563202
S1-637545215	S2-132457456,S2-908087018
S1-637626452	S2-186345001,S3-798463086,S3-860235057,S3-322861711
S1-637821403	S2-882792260,S2-983124003,S3-472179879,S3-894696048,S3-551807527,S3-197553252
S1-637824607	
S1-637935443	S2-436100519,S2-573839043,S2-60249312,S3-635305935,S3-697624247
S1-637983080	S2-17697096,S2-663655988,S2-930894721
S1-63803	S2-636087416,S2-771161068,S3-956899899,S3-121288169,S3-344365214,S3-325850371
S1-638085680	S2-723717485,S3-324899329,S3-289125224
S1-638106182	
S1-638228148	S2-772445743,S3-963383768,S3-62209563,S3-326573468
S1-638241767	S2-518148920,S2-733094445,S2-918620319,S3-766680749
S1-638273536	S2-993502877,S3-836012014,S3-793902757,S3-978375998
S1-638310031	S2-237352918,S2-273926230,S2-467661064,S2-583659462,S2-425311132,S3-101690326,S3-93997374,S3-465404407
S1-638347226	S2-923569833
S1-638354481	S2-681377197,S2-719707813,S3-386268680
S1-638431890	S2-167652065,S2-69270239,S2-916272793,S2-887182223,S3-879207156,S3-160872033,S3-166076384
S1-638457836	S2-485700539,S2-373407949,S3-387918710
S1-638540802	S2-294828983,S3-436082957,S3-249681362
S1-63858226	S2-798187652,S2-614679952,S3-252509986,S3-122327935
S1-638634184	S2-96401189,S3-687748056,S3-7712943
S1-638651030	S2-480860268,S2-479852629,S2-905138784,S3-141033965
S1-638762222	S2-187121867,S2-495301216,S3-823524643,S3-420791509,S3-115667499,S3-249259474,S3-413990475
S1-638850010	S2-63051981,S2-558968964,S3-761879586
S1-63889080	S3-388568212
S1-639132601	S2-686574926
S1-639173900	S2-737776974,S3-279976987
S1-63917567	S2-889197213,S2-58381921,S2-508595953,S3-617527986,S3-97486251,S3-532870639
S1-639288801	S2-131641546,S2-303822688,S3-6034732,S3-834431831,S3-436460312
S1-639293214	
S1-639419068	S2-912656257,S2-834377299,S3-593622490
S1-639435745	S2-247396179,S2-772071504,S2-679707597,S3-589297981
S1-639440015	S2-201548384,S3-339696608
S1-639476036	S2-15417569,S2-611807635,S2-167631411,S2-970558456,S3-817626362,S3-171340943
S1-639509459	S2-776266829,S3-233317953,S3-542240264
S1-639516158	S2-814252323,S2-245908341,S3-254449177
S1-63956764	S2-930449698,S3-693795294
S1-63957053	S3-408280963
S1-63959914	S2-739436867,S3-100740280
S1-639677744	S2-646529925,S3-972759709
S1-639677754	S2-58101003,S3-755922753
S1-63979414	S2-812428136,S3-802723344,S3-996019011
S1-639812008	S2-60036074,S2-583482260,S2-219689427,S3-702939640,S3-515811856
S1-639816383	S2-754147781,S3-263734779,S3-615937067
S1-639820884	S3-647302838,S3-515348369,S3-510029290
S1-639885827	S2-782633860,S3-820325400,S3-319194128
S1-639935302	S2-152370750,S3-59966993,S3-538376111
S1-639974150	S2-240962393,S2-624374291,S3-384031761
S1-64015076	S2-339902036,S2-494329118,S3-957236285,S3-241287356,S3-828505176
S1-640178969	S2-672656570,S2-722093507,S3-528547100
S1-640257258	S2-242700962,S2-220993783,S2-683127496,S3-340442106,S3-941840548
S1-640260558	S2-853520707,S3-108443029
S1-64027159	S2-716939363,S3-313183422,S3-782817794
S1-640285404	S2-897385620,S2-450528705,S3-284653199
S1-640399525	S3-98330717,S3-512880709,S3-984675789
S1-640408015	S2-129993771,S2-818781042,S2-856205885,S3-947614155
S1-64048799	S2-404963221,S2-850334501,S2-312500690,S3-117490752
S1-640599051	S2-125441809,S2-57162671,S3-733497436
S1-640604135	S2-160993943,S3-168154449,S3-369515084
S1-640865272	S2-29322638,S2-537284022,S3-849033367,S3-187290870
S1-640961573	S2-618568868,S3-485690593
S1-641193317	S2-325114901,S2-632811136,S3-344665245,S3-15899283,S3-801542909
S1-641305828	S2-957336193,S2-723027225,S2-471578714,S2-954223864,S3-37908622,S3-238171261,S3-92240035
S1-641422975	S2-90876394,S2-263375796,S3-445898904,S3-982175293,S3-37077736
S1-641483872	S2-16728036,S2-213093426
S1-641536378	S2-798031763,S2-310748632,S3-447042996,S3-325785041
S1-641541188	S2-921290973,S3-824861556
S1-641709389	S2-30151404,S2-686321042,S3-2723787,S3-647267553,S3-358416936
S1-641715300	S2-446010891,S3-13362555,S3-476845241
S1-64182834	S2-78193036,S3-571608371
S1-641893101	S2-798706099,S2-283867735,S3-539776229,S3-968816080
S1-641934954	S2-173524940,S3-228225252
S1-641937199	S2-624596372,S2-528240632,S3-191426924
S1-642065769	
S1-642184956	S2-18105981,S3-651371196,S3-772948107
S1-642251386	S2-364507248,S3-634809407,S3-454938969,S3-943960827
S1-642291957	S2-811281507,S2-776188372,S3-151546210,S3-621165225
S1-642406641	S2-648275674,S2-193541672,S3-66592434,S3-271132392
S1-642464956	S2-444341001,S2-511397035,S2-646983129,S3-761284103
S1-642466216	S2-299641017,S3-600987243,S3-382132886
S1-642480083	S2-715173591,S3-220891062
S1-642570192	S2-670907730,S2-340440408,S3-730833735,S3-317371970,S3-96128944,S3-266007860,S3-894827627
S1-642692352	S2-128089039,S2-419924225,S3-555017520,S3-909628695
S1-642702279	S3-992160586,S3-902963853
S1-642794757	S2-269585799,S2-700927574,S3-716247571,S3-576893244,S3-819534544
S1-642798879	S2-710268130,S3-365227341
S1-642827629	S2-20547444,S2-42304147,S2-386680208
S1-642838660	S2-861827442,S3-128430710,S3-948375213
S1-64284109	S2-697106352,S2-259601747,S3-513543192,S3-284540682
S1-642848928	S2-721308571,S2-884733088,S2-724596177,S2-200222451,S3-598472878
S1-642990297	S2-798724750,S3-371681149,S3-620289006
S1-643099483	S2-974899069,S2-808077734,S3-700124395,S3-442914014
S1-643283498	S2-944138402,S3-398008277
S1-643340990	S2-103889157,S3-995924722
S1-643364611	S2-411325301,S2-850303667,S3-586180096
S1-643448168	
S1-643451502	S2-324749415,S2-175502213,S2-414969764,S3-709525894
S1-643563899	S2-606238174,S2-875889589,S3-705196442
S1-643605046	S2-573943042,S3-79164124,S3-353683875,S3-293338552
S1-643650150	S2-634778197,S2-434967279,S3-419219042
S1-64373347	S2-528773548,S2-713955906,S3-695534133,S3-270783251
S1-643828287	S2-765149156,S2-533289664,S2-804980295,S3-767331305,S3-821953367
S1-64420859	S3-346328874,S3-578695670
S1-644268776	S2-279411195,S2-620001005,S2-487074744,S3-387746809,S3-738460481
S1-644291392	S3-82777883,S3-593490069
S1-644324172	S2-371508731,S3-662546829,S3-270227631
S1-64443706	S2-747684607,S2-916556652,S3-3453443,S3-490830569,S3-810933369,S3-173160669,S3-15867338
S1-64449320	S2-172094245,S2-122711789,S2-613072497,S2-652735145,S3-918349662,S3-967467976
S1-644511632	S3-128113110,S3-515441840,S3-396400605
S1-644618623	
S1-644655147	S2-121286281,S3-302975235,S3-360701993,S3-994458237
S1-644777020	S2-745783085,S3-310327859,S3-491162471
S1-644851086	S2-769379970,S3-110671669,S3-803912260
S1-644868470	S2-37568317,S2-338347107,S2-458412241,S2-390232374,S3-70205757
S1-644928452	S2-275703492,S2-508715098,S3-495755246,S3-275757419,S3-336727298
S1-645164369	S2-611134116,S2-821672178,S3-898621246
S1-645166978	S2-438226862,S2-256667517,S3-881105214,S3-312745798,S3-915140818
S1-645206260	S2-795875543,S2-617399155,S3-708880951,S3-174106422
S1-645266984	S3-889329354
S1-645325570	S2-391580214,S2-994376216,S2-182764047,S3-347439326
S1-645383747	
S1-645516876	
S1-645537700	S2-686388519,S3-963575635,S3-12889685
S1-645596986	
S1-645604666	S2-814640363,S3-890173970,S3-505648202,S3-155169442
S1-645617352	S2-176636014,S3-170192723,S3-856251797
S1-645748419	S2-420623375,S2-344608643,S3-854978475,S3-840000602,S3-839759319
S1-645773293	S2-509536839,S3-313459328,S3-996484909
S1-645837213	S2-620295163,S2-483867428,S3-856020801,S3-418835735,S3-236434898
S1-645885386	S2-726728213,S3-996384847,S3-434069206
S1-645921876	S2-347211118,S3-924843630
S1-645935644	S2-766752888,S3-985835616,S3-232943388,S3-695238807
S1-645953066	S2-987348051,S2-107446869
S1-645978486	S2-578291843,S3-210742621,S3-724103048,S3-741057949
S1-646184469	S2-215270922,S2-832549207,S2-220325461,S3-726643813
S1-646195333	S2-981502970,S3-193622919
S1-64639611	S2-80311259,S3-590740405,S3-612222395,S3-6571059
S1-646399705	S2-557969140,S3-51223832
S1-646435602	S2-693082441,S3-904967712,S3-78968520
S1-646521512	S3-333866088
S1-646629926	S2-964075650,S2-267476178,S3-231242693,S3-594453997
S1-646630633	S2-361034749,S2-571190126,S2-278576740,S3-225061857,S3-318352153
S1-646787049	S2-771929879,S2-797442736,S2-960028179,S3-457243753,S3-808107155
S1-646791460	S2-622516287,S3-550126173
S1-647041468	S3-205842514
S1-647140849	S2-101359491,S3-332899207
S1-647248199	S2-425303869,S3-911020022,S3-945933463,S3-916625311
S1-647387561	S2-748252047,S2-522420402,S2-557102672,S3-21011620,S3-865234747,S3-829519475
S1-64739446	S2-371209562,S2-459917683,S2-696886346,S2-685390148,S3-607924978
S1-647425361	S2-268738007,S2-980712477,S3-374045626
S1-647502394	S2-304150019
S1-647505918	S2-93519075,S2-835407059,S2-22702145,S3-235765881
S1-647587590	S2-738955705,S2-527956534,S3-160280480
S1-647595459	S2-646303947,S2-581652967,S3-925287259,S3-116891492,S3-450544536
S1-647625671	S2-396182158,S2-417471001,S2-752168881,S3-680511260
S1-647643479	S2-221107570,S3-414928557
S1-647710179	S2-966380395,S2-269663309,S2-733565642,S3-254436023,S3-955240182
S1-647734115	S2-251539850,S2-339214561,S3-475361053,S3-771377434,S3-282384297
S1-647755273	S2-24876444,S3-535364055,S3-338163486
S1-647757086	S2-113989606,S2-315189482,S3-473572418,S3-750117233
S1-647763307	S2-914191743,S2-266521023,S2-77952059,S2-940598456,S2-131993201,S3-92027450,S3-54296167,S3-809669750
S1-647765190	S2-518860139,S2-218925462,S2-291144763,S3-507641742
S1-64784817	S2-848370509,S2-274429744,S3-677983275
S1-647854981	S2-877768893,S3-76557979
S1-647897036	S2-423736377,S3-348080885
S1-648094678	S3-229379076
S1-648239947	S2-17554601,S2-711216445,S3-19932610,S3-458495999
S1-648256447	S2-150493142,S2-957951318,S3-829397130,S3-830886260
S1-648271350	S2-113657732,S2-529310655,S3-265685308
S1-64831015	S2-693735130,S2-940684896,S3-849052685,S3-428833868
S1-648433567	S2-45046671,S2-221394173,S3-206091822,S3-180601073,S3-155562124
S1-648570062	S2-158083880,S2-807105717,S3-684575445,S3-500652446
S1-648575833	S2-467132266,S2-128225882,S2-383687809,S3-215851966
S1-648584070	
S1-648684763	S2-788901714,S3-188589345,S3-375856530
S1-648738707	S2-840708558,S2-224332619,S2-973548618,S3-250627093,S3-881603417
S1-648786243	S3-335681099,S3-670452154,S3-114270989
S1-648882202	S2-540909253,S2-312055463,S2-381169985,S2-270530710,S3-401087749
S1-649265806	S2-745403026,S2-652524496,S3-828323254
S1-649283704	S2-723804091,S3-826698875,S3-126477712,S3-744652739
S1-649354295	S2-122921904,S2-331540458,S2-255736369,S3-233956970
S1-649369462	S2-832226443,S2-159426102,S3-668771771,S3-833049618,S3-344636946
S1-64940250	S2-6679804,S3-872027324
S1-649530830	
S1-649557419	S2-690704690,S3-914267174,S3-400808872,S3-346435341,S3-600948966
S1-649643475	S2-124565157,S3-359952442,S3-106355361,S3-831179240,S3-783560504
S1-649660037	S3-237251261
S1-649701562	
S1-649703714	S2-363099669,S2-451517222,S2-580714199
S1-649764438	S2-159828236,S3-710388994,S3-777412141,S3-678273009
S1-649774703	S3-987453313
S1-649778362	S2-669145778,S2-949000750,S3-787260808,S3-756034070,S3-418071171
S1-649783328	S2-565633728,S2-724273713,S2-507170106,S2-346046663,S3-344134484,S3-412368824
S1-649850387	S2-288243038,S3-839780917,S3-615496176,S3-72666909,S3-553888967
S1-649865032	S2-297130105,S2-485371272,S3-213668985
S1-649870463	S2-254020358,S3-641088126,S3-407486321
S1-649877166	S2-199323211,S2-349800731,S3-77565134,S3-68791289
S1-649938519	S2-801078965,S2-308866814,S2-804826533,S3-648229311,S3-817436070,S3-111569864,S3-919056388,S3-664119411
S1-649961604	S2-148560728,S2-361033067,S3-688119150
S1-650051545	S2-908985883,S3-27580091
S1-650066289	S2-874282672,S3-851029166,S3-911429712
S1-650080724	S2-533126508,S2-388187983,S2-208324912
S1-650134212	S2-1458393,S2-375619247
S1-6502090	S3-335272476
S1-6502137	
S1-650221950	S2-882484647
S1-650222861	S2-53699592
S1-650264524	S3-453154910,S3-138767353,S3-70017114
S1-650343410	S2-547676797,S2-663500494,S3-318987141
S1-650430989	S2-570728127,S3-989270638,S3-93080861
S1-650595811	S2-8336162,S2-900202585,S3-667968227
S1-650691369	
S1-650711857	S3-208970554,S3-239618568,S3-758677917
S1-650738361	S2-38327569,S2-803900168,S2-727823965,S3-723709391
S1-650872889	S2-627551861,S2-829249938,S2-25214620,S3-196794788,S3-204295924
S1-650876268	S2-253658003,S3-441463007
S1-651064430	S2-370377634,S3-104821831
S1-651079899	S2-166622112,S2-822655876,S3-860533607
S1-651145955	S2-5328363,S2-517727122,S3-234728934
S1-651273830	S2-321049710,S2-496879852
S1-651348381	S2-603874113,S3-146092708,S3-681387045
S1-651357122	S2-849666881,S2-716719978,S2-557824863,S2-297476667,S3-16672770,S3-313375550
S1-651437138	S2-323435638,S2-923007783,S2-566901992,S2-468687899
S1-651470802	S2-918732888,S2-653252247
S1-651523496	S2-162298687,S3-931541022
S1-651548438	S2-345614200,S2-877863165,S2-67424265,S3-339866927
S1-651573805	S3-574488549,S3-811611075,S3-598311621,S3-820636006
S1-651591661	
S1-651657886	S2-770048458,S3-573045176,S3-922629835
S1-651708178	S2-445803188,S2-784412293,S3-145210980
S1-651724419	S2-140673425,S3-181622256,S3-251645896,S3-901453404
S1-651725167	S2-820258219,S2-533659736,S3-206052407,S3-747739215
S1-651833701	S2-560930511,S3-976504125,S3-991605467,S3-722799551
S1-652010775	S2-500641998,S2-912959338
S1-652038875	S3-141893895,S3-838093116,S3-287052040
S1-652144615	S2-254579670,S2-760841597,S2-891261901,S3-490726745,S3-171244364,S3-952392842,S3-390541254
S1-652177626	S2-61413777,S2-477798412,S3-446636190
S1-652255764	S2-975890793,S2-738818641,S2-338720974,S3-716839879,S3-410982930
S1-652387068	S2-726193042,S3-502418854,S3-599065916,S3-118563715,S3-8071128
S1-652405519	S2-122981990,S2-124638551,S3-569637745,S3-504810315,S3-246578588
S1-652420672	S2-273789824,S3-556573326,S3-509438223
S1-652477925	
S1-652533306	S2-717596882,S2-887083527,S3-472427284,S3-920771644,S3-514898099
S1-652542499	S2-865279692,S2-863828485,S3-843749823
S1-652566860	S2-575431807,S3-197513230
S1-652591309	S2-494861052,S3-943310322
S1-652695124	S3-182531368,S3-876375101
S1-652711733	S2-782979114,S3-834261550,S3-774009054
S1-65271994	S2-610564964,S2-357260702,S2-975500467,S3-297660723,S3-13568009,S3-700528989
S1-652730044	S2-370879043,S2-920824445,S2-665086724,S3-210209376
S1-652797387	S2-679804172,S2-318168530,S2-4967497,S3-733416531,S3-762309880
S1-65284463	S3-492107752,S3-529403986
S1-652892643	S2-750437364,S2-684887310,S2-748772076,S3-94807732,S3-421557777
S1-652938225	S2-359844273,S3-808993445
S1-652939046	S2-985713359,S3-663783398,S3-44176165,S3-241949155,S3-322142278
S1-653004701	S2-34165049,S2-463150557,S3-978138926,S3-872183356
S1-653074741	S2-362692958,S2-597492905,S3-836837068,S3-810349836,S3-731634600
S1-653078294	S2-368818351,S2-357694598,S2-64658182,S3-795110402
S1-653088981	S2-825250082,S2-696878218,S3-591151364,S3-389477749,S3-559713242
S1-653132177	S2-644666671,S2-97664179,S3-357412850,S3-710463321,S3-912451889,S3-765921410,S3-991008346
S1-65315014	S2-458940635,S2-824214472,S2-972969900,S2-480465723,S2-546362257,S3-318524504,S3-649589199
S1-653297222	S3-455413031,S3-950669124
S1-653447382	S2-243904691,S2-185131311
S1-653453646	S2-196289807,S2-653051158,S3-246002067,S3-271518373,S3-873059476
S1-653593775	
S1-653639094	S3-435321804
S1-653671098	S2-730396538,S2-935179571,S3-352400522,S3-480495380
S1-653846616	S2-340402394,S3-199812733,S3-534188069
S1-653909452	S2-577699918,S3-947956912
S1-653912402	S2-806980143,S2-158704982,S3-150530984,S3-966392958
S1-653957638	S2-715407858,S3-454120609,S3-498506679,S3-13271779
S1-654021099	S2-222232275,S2-905636451,S2-841780688,S3-251067645,S3-536561482
S1-654095103	S2-3285281,S3-115532239,S3-12512959
S1-654127518	S2-626415624,S3-248242905
S1-654220385	S2-671657562,S2-130217111,S2-506409064,S3-450078259
S1-654272006	S2-706371845,S2-889372881
S1-654401839	S2-46799543,S2-567772934,S3-771825273,S3-424776413,S3-149219422,S3-501507317,S3-61493245
S1-65441269	S2-180300927,S2-650492656,S2-628167084
S1-654415262	S2-674311979,S3-626875181,S3-531094429
S1-654618042	S2-664946772,S2-612579486,S3-573360089
S1-654690396	S2-702735869,S3-153662961,S3-544070800
S1-654731899	S2-626968056,S3-598053727
S1-654796721	S2-258903224,S3-502196602
S1-65480978	S2-315583585,S2-523349355,S2-449632510,S3-227883230
S1-654814326	S2-738114365,S2-560032515,S2-212857734,S3-787315617
S1-654873022	S2-924672477,S2-453150700,S3-430159098
S1-65493728	S2-507689548,S2-504180066,S3-467774325
S1-654953905	S2-898697684,S3-263010998
S1-654992581	S2-860968688,S3-832412338,S3-774716218
S1-654995230	S2-580108737,S2-102939091
S1-655055255	S2-252467,S2-536635800,S2-600160119,S2-689182955,S2-191383145,S3-934032359
S1-65510729	S2-980340833,S2-91650773,S3-927564003
S1-65523456	S2-874115717,S2-102784664,S2-86153070,S3-228013974
S1-655303971	S2-3652159,S2-797431748,S3-710841940,S3-471140391
S1-655313279	S2-753768758,S2-754439097,S3-752146153
S1-655335885	S2-234936014,S2-568075293,S3-719760725
S1-655410680	
S1-655445260	
S1-655483669	S2-481552140,S3-374286366,S3-420357814,S3-757314669,S3-107721578
S1-655552343	S2-25734363,S3-169506599,S3-803171882,S3-732555294,S3-74179949
S1-65560939	
S1-655619069	S2-891867772,S2-208674165,S3-1993417
S1-655636302	S2-384554715,S2-365594457,S3-419767479
S1-655729246	S2-143164870,S2-110988,S2-484700765,S3-803326730
S1-655735445	
S1-655747898	S3-875857478,S3-423004036
S1-655762096	S2-631266745,S3-467466250,S3-316888197
S1-655806743	S2-414168562,S2-115262190,S3-156135350,S3-38846075
S1-655823233	S3-880797584,S3-353702327,S3-883309315
S1-655854264	S2-170496602,S2-298474106,S3-936058874,S3-756838328,S3-939976893
S1-655876505	S2-744774084,S2-670909577,S3-69252254
S1-655902920	S2-994698388,S3-185612535
S1-655971709	S3-580862129
S1-656003841	S2-751214799,S2-575369290,S3-451049568,S3-879236474,S3-370158900
S1-656035192	S2-912119877,S2-578810041,S3-497399365
S1-656157998	S3-939022480,S3-731835164,S3-556444265,S3-580682206
S1-656289276	S2-599823958,S2-264641430,S2-239112711,S3-952140354,S3-605982814,S3-703422042,S3-10953108
S1-656311051	S2-655602348,S2-487655266,S2-684292790,S3-615909474,S3-442803014
S1-656329316	S2-678824783,S2-384722159,S3-303647461,S3-255759922,S3-376751610
S1-65636055	S2-897634660,S2-920341561,S2-214251294,S2-528123319,S3-276765546,S3-766383476
S1-656371690	S2-131523492,S2-705252675
S1-656463785	S2-902437951,S2-685591905,S3-257691424
S1-656465715	S2-43553563,S2-198708701,S2-315393410,S3-66822681
S1-656557810	S2-883410258,S2-759396961,S3-953580837,S3-60484490
S1-656681599	S2-962975529,S2-29353609,S2-174096908,S2-206433569,S2-985189521,S3-36321047,S3-589354645,S3-195660856
S1-656699899	S2-982801860,S2-42628838,S2-165625192,S3-506963907,S3-857164573
S1-656766832	S2-345611749,S2-185210297,S2-873251813,S3-807507498,S3-624767687
S1-65680647	S3-765590080
S1-656917640	S2-110918299,S2-613451444,S2-732242215,S3-236165189,S3-818356756,S3-537512071,S3-465855163
S1-656960981	S2-377928703,S2-35791944,S3-755682097
S1-657057914	
S1-657064462	S2-776016677,S2-57530306,S2-84612737
S1-657069941	S2-152060384,S3-708627889,S3-243013052
S1-657110707	S2-769652885,S2-111658772,S3-250798369,S3-935548048
S1-65713333	S2-763732961,S2-458487598,S3-926575227,S3-119395822,S3-867470848
S1-657138265	S2-910431926,S2-183620646,S3-934953058,S3-9654480
S1-65715118	S2-624857360,S3-207765137,S3-923269702
S1-657177203	S2-807348011,S2-929877467,S2-972337273,S2-699961285,S3-47063933,S3-268029770,S3-556981553
S1-65720377	S2-594904624,S2-931212822,S3-263097286,S3-237751150
S1-657270722	S2-405150249,S2-826259175,S2-415058078,S3-381633688,S3-791346149
S1-657285449	
S1-657331392	S2-148894030,S2-45621831,S2-557721677,S3-428426448,S3-582913577
S1-657386877	S2-314372429,S2-974698677,S3-303909435,S3-545680545
S1-657531786	S2-845044033,S3-444620524,S3-936310638
S1-657583243	S2-677212693,S2-186694685,S3-538801239
S1-657727125	S2-870665914,S2-184922265,S2-847657252,S2-6368291,S3-36186500
S1-657847602	S2-243381568,S2-968974589
S1-657875070	S2-654311931,S2-475324929,S3-838983509,S3-305625009
S1-657890682	S2-393889018,S2-353889892,S2-355653494,S3-350113288,S3-733714938
S1-657939315	S2-622870202,S3-7137092
S1-658226462	S2-871422206
S1-658325150	S2-461235814,S2-62081610,S2-172389585,S2-157368886,S3-723951021
S1-65835511	S2-412885631,S3-137303274,S3-973044134,S3-523939762
S1-658444546	S2-87496089,S2-423074357,S3-987155503,S3-629606
S1-658451137	S2-43293556,S3-69453142
S1-658484959	S2-241096755,S3-197024826,S3-737401623
S1-658496682	S2-129050186,S2-327626926,S3-865602054
S1-658526413	S2-12131883,S2-558621044,S3-763781280
S1-65859111	S2-768529387,S2-69560702,S3-392055613,S3-783336091
S1-658602935	S3-364589796
S1-658642563	S2-863508848,S2-346996526,S3-906787775
S1-658736243	S2-60577039,S2-195913643,S3-332207765,S3-741569213,S3-155812393,S3-673860606
S1-658821273	S2-880685831,S2-705486378,S2-895216559,S3-612792520
S1-658933459	S2-976946642,S3-820691804,S3-149655586,S3-174632328,S3-648157778
S1-65902491	S2-803850419,S3-527172303
S1-659097171	S2-400582326
S1-659203163	S2-913966792,S3-613462398
S1-65922114	S2-520174510,S2-22084703,S3-380568724
S1-659366157	S3-172588512
S1-659415435	S2-344093635,S3-621589834,S3-606438830
S1-659436089	S2-600704699,S2-3590117,S3-883735892
S1-659589327	S2-500311255,S2-359974941,S3-173193828,S3-564265454
S1-659593872	
S1-659730125	S2-645346944,S3-425934629,S3-878515739,S3-574776613
S1-659756925	S2-146480176,S2-542773866,S3-890241717,S3-430188306,S3-153383108
S1-659757485	S2-267123156,S3-467885250
S1-659772380	S2-622939115,S3-617481946,S3-226301948
S1-65977854	S2-375746514
S1-659892659	S2-382849570,S3-646989832,S3-33063857,S3-933797105
S1-659896839	S2-964334731,S3-25472280,S3-724012675,S3-337512740
S1-659897228	S2-715174611
S1-659907000	S2-113254365,S3-178178771
S1-65993727	S2-199743928,S3-607572695
S1-660087018	S2-164134985,S2-635112083,S2-927212937,S3-512927998,S3-839745825,S3-609659267,S3-968870155
S1-660132880	S2-790697263,S3-507362597,S3-872748627
S1-660200987	S3-214060366
S1-660319126	S2-534932515,S2-779831843,S2-996132586,S3-259699853,S3-58087451
S1-660338032	S2-259087121,S2-144421766,S2-658008783,S3-862298773,S3-597351181
S1-660437779	S2-903587414,S3-450340535
S1-660529556	S2-165791318,S2-940213810,S2-84209482,S3-219889604,S3-88493231
S1-660554514	S2-472456167,S2-549325523,S3-448122645,S3-214299012
S1-660573018	S2-396201272,S2-687721291,S2-89381362,S3-455693561,S3-689026812,S3-771688921,S3-846626815
S1-660605289	S2-981745899,S2-591889823,S2-967599587,S2-381609007,S3-828127497,S3-380935229
S1-660714547	
S1-660775412	
S1-660821847	S2-898452775,S3-793860930,S3-137061387,S3-824466010,S3-800288451
S1-660830901	S2-238147152,S3-856181034,S3-885194751,S3-776138152,S3-88916605
S1-660854713	S2-406345180,S2-287642242,S3-880492784,S3-95455230,S3-653519586
S1-660883737	S2-658620087,S3-879623512
S1-660890409	
S1-660890946	S2-820754070
S1-661069131	S2-478732420,S2-373572195,S3-735846716,S3-36546923
S1-661109695	S2-595284650,S2-800946322,S2-623575383
S1-661133329	S2-405302761,S2-389604152,S2-201728429,S3-859599247
S1-661220954	S2-319308550,S3-856607359
S1-661302366	S2-135781267,S2-959301300,S3-44131577
S1-661370858	S2-789639685,S3-811726064
S1-661419794	S2-149284548,S2-892441448,S3-127234816
S1-661440367	
S1-661442823	
S1-66155476	S2-562805000,S2-177899019,S2-595051310,S3-708846475
S1-661563907	S2-513352561,S2-81341316,S2-652067122,S3-663925516,S3-179692035,S3-68106772
S1-661591260	
S1-661739686	S2-323093350,S3-186794840,S3-655943150
S1-661782534	S2-828381395,S3-122255495,S3-17112041
S1-661988022	S2-507344376,S2-794019168,S3-743644895
S1-662068908	S2-923908468,S2-766562696,S2-244192043,S3-202850895,S3-339431486
S1-662114358	S2-433325725,S3-245169568,S3-982387686,S3-614301333
S1-662164959	S2-852574827,S3-198676722
S1-662261431	S2-970615743,S2-776800322,S3-392551522
S1-662381094	S2-40370227,S3-919750233,S3-176317028
S1-66239614	S2-821799048,S3-57043790
S1-662398909	S2-959636493,S2-245569550,S2-380931089,S3-138339145
S1-662406170	S2-810718730,S2-415950578,S3-942849435,S3-59571765
S1-662558902	S2-807854170,S3-464318845,S3-217131527,S3-838545996
S1-662565830	S2-840662410,S2-241919546,S3-265584829,S3-31998194,S3-532624806,S3-295357394
S1-662591283	S2-877046383,S2-81368648,S3-854351307,S3-186877022
S1-662647567	S2-331167523,S2-29938978,S2-636336088,S3-26314953
S1-662972097	S2-7490727,S2-49876005,S2-877895450,S3-767647809,S3-99434896,S3-556168323
S1-66305891	S2-925883146
S1-663267938	S2-93635966,S3-877767147,S3-374688085,S3-599846079
S1-663276766	S2-876224537,S2-770672506,S3-902003655
S1-663319612	S2-99727606,S2-487819264,S2-946816832,S2-74382900,S2-239247272,S3-741280688,S3-297809413,S3-774916597
S1-663336080	
S1-663349579	S3-254156224
S1-663351413	S2-78504938,S2-662023961,S2-649586629,S2-798655096,S3-602567099,S3-267124581,S3-500084136
S1-663358022	S2-132390325,S2-193864979,S3-847662493,S3-773807845
S1-663403436	S2-739474918
S1-663526409	S3-341957130,S3-161969890,S3-706252790
S1-663590228	S2-472753868,S3-538143611
S1-663596335	S2-677748310,S3-799396489,S3-503186922
S1-663608370	S2-196322686,S3-177480263,S3-926841067,S3-869796772
S1-663679305	S2-207466758
S1-663699961	S2-34005920,S3-280955789
S1-663711152	S2-960587492,S2-607541168,S3-485159212,S3-55905118
S1-663838665	S2-54469347,S2-834342434,S2-806796218,S3-847062547,S3-206328474
S1-663938594	S2-322844956,S2-323843030,S3-622654946,S3-702262193
S1-663979485	S2-862373548,S3-88778240,S3-36277274
S1-664015317	S2-122022852,S3-655149737
S1-66409479	S2-882429258,S3-783544262,S3-731940476
S1-664096779	S2-981989383,S2-832045536,S3-724481593
S1-664172664	S3-592936776,S3-871240146
S1-664188251	S2-56071397,S2-518242740,S3-92840228
S1-664198019	S2-831658975,S2-383848117,S3-679134690
S1-664243964	S2-394532724,S2-669577943,S3-186449548,S3-372742365,S3-469254015
S1-664254693	S2-377543088,S3-299844064,S3-335244880
S1-664339380	S2-133455891,S2-61672054,S2-670015440,S2-328374951,S3-241249118,S3-261464379
S1-664406280	S2-594225844,S3-222613625
S1-664432422	S3-793383499,S3-698696360,S3-157575662
S1-664611278	S2-911418328,S2-207610185,S3-463107732,S3-950400345
S1-664677923	S2-361302122,S3-88534269
S1-664729265	S2-656026874,S2-56991829,S2-901353299,S3-703139345,S3-886947681,S3-725926117
S1-664897186	S2-131983653,S3-670285768,S3-123120765
S1-664907600	S2-145007689,S3-440154092
S1-664908214	S2-522928660,S3-240451359,S3-516379787
S1-665003176	S2-879861171,S2-784140919,S3-853600317,S3-419614751,S3-663865512
S1-665008957	S2-262193569,S2-351866798,S3-234937701
S1-665079026	
S1-665090576	S2-75242433,S3-954757663,S3-687835497,S3-120268380
S1-665207387	S2-181343090,S2-62618361,S3-161390905
S1-665223791	S2-337971657,S2-556389883,S3-468850360
S1-665286654	S2-330283177,S3-955994045,S3-145361647,S3-403982080
S1-665334957	S2-137282068,S2-689379367
S1-665390180	S2-536665145,S3-282327234
S1-665393075	S2-370016002,S3-103137709,S3-889249481
S1-665411116	S2-951297896,S2-264048060,S3-996373495,S3-194459472
S1-665442172	S2-816685560,S2-991282524,S3-154286441,S3-193093083
S1-665502273	S2-242127836,S3-579335607
S1-665504202	S3-901613340,S3-226389637,S3-75359731
S1-665511229	S2-262492995,S2-222134339
S1-665620047	S2-307587584,S3-81755283,S3-96648428
S1-665745335	S2-907341447,S2-187924217,S3-686221401
S1-665878243	S3-481161446
S1-665883460	S2-162900946,S3-510888529
S1-665946803	S2-106980431,S3-166300764,S3-356914154
S1-665964285	S2-343143921,S3-748534432,S3-495248670
S1-665987079	S2-886326683,S2-594427553,S2-498360174,S3-492384914,S3-805058650
S1-666056088	S2-129930736,S3-995032330
S1-666114638	S2-355493574,S2-813692264,S2-564882304,S3-798222101,S3-364301763,S3-315710869,S3-323818162
S1-666127038	S2-411414806,S2-314912954,S2-63309307,S3-308890887,S3-1035667
S1-666170379	S2-534516626,S2-436946804,S2-104481126,S2-640411105,S3-939597044,S3-258496473
S1-666264038	S2-570530198,S2-156433057,S3-95037244,S3-163835854
S1-666323090	S2-849596809,S2-707181177,S3-288848122
S1-666329051	
S1-666381750	S3-129290366,S3-789537227
S1-666588349	S2-661887124,S3-369088602,S3-104438586,S3-667630008
S1-666607623	S2-4075594
S1-666608808	S2-391674527,S3-264814404
S1-666623868	S2-269869027,S2-914421500,S3-764899129
S1-666650333	S2-376949373,S3-21856685
S1-666714232	S3-168354644,S3-655461771,S3-539350566
S1-666774894	S2-328901256,S3-697304501
S1-666804276	S3-802422834
S1-666840708	S2-438820350
S1-667006325	
S1-667037917	S2-197107309,S2-210610698,S2-718436827,S2-965090516,S2-410247101,S3-901809915
S1-66706844	S2-938891835,S2-496050983,S2-69069531,S3-210267359
S1-66707478	S2-572435456,S2-643396228,S2-706669958
S1-667096429	S2-684844842,S2-97280720,S3-234261454,S3-766390945,S3-678629021
S1-667296142	S2-520006935,S2-976595703,S3-185039697,S3-675011601,S3-270533299,S3-980601606,S3-94687455
S1-66732424	S2-262926617,S2-562901767,S3-589115748,S3-48643768,S3-481207096,S3-799553959
S1-667348675	S2-178782350,S2-492431910,S2-749060551,S3-482699202
S1-667433448	S3-42865058,S3-521674352
S1-667449910	S2-143302939,S2-97965908,S2-960710496,S3-695415021,S3-807683244,S3-461271447
S1-667460164	S2-893421587,S3-327400372
S1-667472199	S2-502683214,S2-517625916,S2-770490080,S2-493850331,S3-131845280,S3-573479422,S3-923025727,S3-54581126
S1-667499107	S2-699686983,S3-609630476,S3-290280446
S1-667536997	S2-775884053
S1-667558511	S2-842098573,S2-222228807,S3-336797421
S1-667590438	S2-289636781,S3-92775627
S1-667597349	S2-185774330,S2-923568685,S3-781567098,S3-685295958
S1-667725802	S2-526487374,S2-894677504,S3-891881842,S3-853629728
S1-66797619	S3-527187499,S3-841741844,S3-425087668,S3-951261468
S1-66798637	S2-111470257,S3-5087773,S3-292970126,S3-692985933
S1-668148322	S2-461708897,S3-27503027,S3-235146236,S3-740516402
S1-668153362	S2-69726163,S2-708745242,S2-730538501,S3-846114796,S3-755530014
S1-668203003	S2-824181009,S2-155595988,S3-850110343,S3-742703605,S3-620119243
S1-66824236	S2-561408774,S3-158496861
S1-668316201	
S1-668336615	S2-97297735,S3-184495395
S1-668406615	S2-354481309,S3-251206461,S3-866710007
S1-668555090	S2-530169328,S2-850054782,S2-926488774,S2-888347200,S3-119649134,S3-431377712
S1-668618145	S2-486957274,S3-986692507,S3-48820698
S1-668674240	S2-138855332,S2-302784789,S3-5168902
S1-668704764	S2-210677861,S2-201792899,S2-697374948,S3-869451587
S1-668726516	S2-929227296,S2-839704789,S3-795212569,S3-519852321
S1-6687405	S2-59908819,S3-148849061
S1-668786081	
S1-668897896	S2-770055298,S3-702051601,S3-159261209
S1-668984301	S2-920017942,S2-179477683,S3-748892174
S1-668989303	S2-502291333,S2-831531632,S3-454660866
S1-669006317	S2-604507229,S3-457547741,S3-949387431,S3-669111693,S3-564838985,S3-678147237,S3-612362643
S1-66903328	S2-877129423
S1-669040965	S2-682344645,S3-211819960,S3-762389788,S3-662660299
S1-669132096	S2-962541678,S3-33509839
S1-669191610	S2-389593589,S3-519086855,S3-922190466
S1-669242980	S2-648030713,S3-912852231,S3-623937909,S3-975701856
S1-669244721	S2-643990738,S3-884812274,S3-867821160
S1-66938112	S2-968404448,S3-319542144,S3-497047822
S1-669393291	S2-181883677,S2-429635999,S2-951920239,S3-371814138,S3-772523445
S1-669395547	S2-783676231,S2-172997846,S2-831373699,S2-343059331,S2-498476337,S3-720321748,S3-285828227,S3-686564380,S3-865843938
S1-669440800	S2-949608816,S2-913739713,S2-937324892,S2-416886339,S3-330190840,S3-935319981,S3-367199217,S3-98950132
S1-66945985	S2-759536772,S3-138840400
S1-669497262	S2-841237225,S2-25888780,S2-894542542,S2-791459885,S3-923480630
S1-66963187	S2-655637710,S3-372460447
S1-669643888	S2-749798631,S3-632862751
S1-669673728	S2-422491294,S2-492417506,S3-87318630,S3-655914651
S1-669676923	S2-230457902,S3-473685921
S1-669799731	S2-660287282,S2-80889333,S3-201750278,S3-687914196,S3-953474797,S3-967691573,S3-173839532
S1-669895332	S3-942979841
S1-669921548	S2-280184963,S3-414691676,S3-495330452,S3-489850140,S3-309952703
S1-669929505	S2-922710978,S2-153639889,S2-654932889,S2-641611747,S3-368369594,S3-715080865,S3-305853934
S1-669961029	S2-817147324,S3-625990430,S3-199633458
S1-669968646	S2-294981558,S2-199802448,S3-49126155,S3-141329199,S3-224459231
S1-670053903	S2-596324444,S3-467914091,S3-512131009,S3-859495341,S3-31910104
S1-670058247	S2-575919661,S2-483771319,S3-140603318
S1-670129752	S2-286225077,S3-732147119,S3-329669795
S1-67028168	S2-135024702,S3-679740420,S3-481552862,S3-79996514,S3-108342204
S1-67032831	S2-41906777,S2-749933746,S2-521587179,S2-126088468,S2-913383356,S3-13138621,S3-842886725
S1-670371998	S2-412462346,S3-791758183
S1-670431336	S2-261171504,S3-914279359
S1-67047461	S2-959176620,S3-477637548
S1-67049204	S2-215702761
S1-670528530	S2-663200397,S2-187916340,S2-707884072,S3-224304107
S1-670622785	S2-715412195,S2-351093050,S3-410971870,S3-812257678,S3-241241393
S1-670705049	S2-870673214,S3-382250324,S3-116313103,S3-44014930
S1-670740511	S2-14138318,S2-787990023,S3-276852004
S1-670743871	S2-459071646,S2-578481962,S3-335120426,S3-449544287
S1-671078220	S2-625243092,S2-178819395
S1-67111006	S3-691554830,S3-8076735
S1-671129280	S2-881310850,S3-566730456
S1-671134623	S2-333812570,S3-398927340,S3-599386454
S1-671212589	S2-910462197,S2-700747449,S3-695071511,S3-654178599,S3-535169228
S1-671235126	S2-172150643,S2-886183437,S3-291285826,S3-809099778,S3-471337141
S1-67124688	S2-894876397,S2-330233129
S1-671301099	S2-470005066,S2-61110377,S2-182587301,S2-328092185,S3-777981087,S3-905737641,S3-126006430,S3-585831595,S3-661153569
S1-671306285	S2-956732675,S2-865946431,S3-793057208
S1-671476313	S2-789769868,S3-34383569,S3-442961197,S3-905544858,S3-174899699,S3-716485580
S1-671536784	S2-337045779,S3-461781939,S3-729535011
S1-671664680	S2-281191284,S3-732365347,S3-444843010,S3-835095627
S1-671681544	S2-169509803,S2-951277608,S2-963922762,S3-938265653
S1-671687141	S2-490510707,S2-941694204,S2-119686472,S3-950610419
S1-67174336	S2-833184090,S2-693566876,S3-587151298
S1-671774391	S3-320695971
S1-671860629	S2-878268194,S3-483009875,S3-130595869,S3-44978634
S1-671914035	S2-430951940,S2-316415766,S3-434604686
S1-671937191	S2-650404102,S2-142059283,S3-655052200,S3-584990996,S3-552078712
S1-671974345	S2-46218677,S3-579085459,S3-421733590
S1-67209551	S2-292745205,S2-66203467,S3-95460382
S1-672285594	S2-676883556,S3-226484955,S3-813689901,S3-360246733
S1-672286890	S2-544769305,S2-313532656,S3-235472735,S3-778238722
S1-672286969	S2-38985026,S2-598780134,S3-662148646
S1-672329121	S2-87509628,S2-403167602,S2-235598887,S3-205991371,S3-808586093,S3-137186306
S1-672329494	S2-24904213,S3-390014784,S3-652361185
S1-672471504	S2-84068096,S3-422767693
S1-672498406	S2-361298680,S2-666575255,S2-917293128,S3-659038731,S3-735943934,S3-30303578
S1-672520730	S2-149913293,S3-661025053,S3-803611253
S1-672587669	S3-779917968
S1-672602362	S2-192833261
S1-672676331	S2-268684955,S3-875637969,S3-445706493
S1-672706511	S2-537766909,S2-597073719,S2-693457941,S3-195029235,S3-864400924
S1-672730108	S2-650289785,S3-367837777
S1-672747421	S2-208941007,S3-718129999,S3-92867157
S1-672818441	S2-923727083,S3-437679469,S3-647024456,S3-864086423
S1-672869168	S2-408209360,S2-577975594,S2-99214300,S2-459805095,S2-221338760,S3-419207735,S3-830699160
S1-672881014	S2-384019338,S2-453693887,S3-913620335
S1-672986773	S2-150525872,S2-928341689,S3-74098069,S3-274885208,S3-286689110,S3-990662084,S3-433910867
S1-673019192	S2-623026678,S3-280030680,S3-945854989,S3-557186456
S1-673027919	S2-999119121,S3-408274444,S3-244152539
S1-673104121	S2-248089705,S2-828846644
S1-673183002	S2-500611047,S2-130506271,S2-511538586,S3-552402074,S3-971711983,S3-584144647,S3-477022146
S1-673184915	S2-71137152,S3-667561727,S3-872319546,S3-398804750
S1-673193578	S3-815279336,S3-310324392
S1-673220204	
S1-673361777	
S1-67348	S3-337713289,S3-758219296
S1-673571771	S3-623548164,S3-104291283,S3-327046036
S1-673623319	S3-605328609,S3-671750005
S1-673625088	S3-331594642
S1-673687145	S2-602892839,S3-398099006,S3-821996661,S3-375848620
S1-67377894	S2-827696960,S2-886865204,S3-146551358,S3-123438028
S1-673869613	
S1-673903866	S2-673973707,S2-628693785,S3-696708277,S3-63660629,S3-548493958
S1-673921041	S2-601593892,S3-146860146,S3-881024784,S3-589362132
S1-674142574	S2-311562234,S3-771861439,S3-29287527
S1-674176181	
S1-674178127	S3-359724113,S3-333254822,S3-960776044
S1-674184060	S2-623483145,S3-287263220
S1-674244949	S2-440531916,S3-962676099,S3-294101805,S3-241518542,S3-888364782
S1-674266620	S2-576285238
S1-674296877	S2-261860779,S2-247212002,S2-11257752,S3-40081218
S1-674323335	
S1-674414794	S2-93108005,S2-345595257,S3-739466066
S1-674441524	S2-234886001,S2-993379392,S3-171643100,S3-425001056
S1-67444895	S2-329234763,S2-105031990,S2-716413143,S2-823529389,S2-51977302,S3-505334076
S1-674550698	S2-368678018,S2-949508693,S3-289547000,S3-747143713,S3-388904202,S3-302191350,S3-620053091
S1-674564162	S2-173713497,S2-995347206,S2-607260318
S1-674624357	S2-220198964,S3-226262749,S3-961283709
S1-674717162	S2-404781986
S1-674751021	S2-353700320,S2-83950635,S2-555590440,S3-995326114,S3-367251615
S1-674849472	S2-677633996,S3-775801446
S1-674912661	S2-608356676,S3-197251161,S3-617835163
S1-674937397	S2-589717169,S2-413741218
S1-674966087	S2-929454319,S3-247602649,S3-156289343
S1-674966398	S2-831109406,S2-245362479,S3-183711436,S3-794741260,S3-561149049
S1-675012014	S2-440285334,S2-740658024,S2-617819742,S3-807317129,S3-240026910
S1-675275163	S2-506186233,S3-523382154,S3-893535027
S1-675387912	S2-205259149,S2-112513015,S2-766621459,S3-319288857,S3-397233659
S1-675412023	S2-425957950,S3-692958980,S3-44593783,S3-137079923
S1-675618108	
S1-675632917	S2-494544529,S3-997460495
S1-675696935	S2-939218179,S3-181589732,S3-578790653
S1-675753144	S2-160179138,S3-740958920
S1-675760662	S3-504578681,S3-550559236
S1-675778318	S2-390261536,S3-83494531,S3-456267861,S3-602814169
S1-675805240	S2-39381550,S2-114152640,S3-433952077,S3-791906871
S1-676084647	S3-270016291,S3-518131769
S1-676119230	S2-592258594,S2-107478891,S3-201433149
S1-676176805	S2-987666366,S3-629428043
S1-676458762	S2-94952575,S3-491584423
S1-676558900	S2-131689799,S2-489834292,S3-33850428,S3-93831080,S3-836705406
S1-676583539	S2-671341847,S2-848671372,S3-807875465
S1-676605853	S2-150029735,S2-661199118,S2-190613191,S2-935822621,S3-102243600,S3-423772957,S3-5808803
S1-676626513	S2-573294191,S2-555593257,S3-712882300
S1-67663026	S2-327581459,S2-261061563
S1-676813499	S2-483827697,S3-991112345,S3-714793606
S1-676846288	S2-689974680,S2-88267361,S3-230197160,S3-638234584,S3-648413280,S3-539603279
S1-676873655	S2-426145929,S2-547514333,S2-867036479,S2-860564585,S3-953490952,S3-916704622
S1-676895704	S2-362623183,S3-738745716,S3-216896811,S3-3209308
S1-676910771	
S1-677040055	S2-317751908,S3-685697458,S3-296949941
S1-677078746	S3-629237794
S1-677083658	S2-188681917,S3-984489863,S3-936417440,S3-613705119
S1-677162176	S2-551030902
S1-677229398	S2-996893341,S2-145989751,S3-359622496
S1-677282932	
S1-677366603	S2-331589232,S2-534515727,S2-120930082,S3-765180357,S3-774340643,S3-61613052
S1-677461066	S2-691773431,S2-279396771,S3-677781510,S3-964020450,S3-97165474
S1-677469	S2-881805646,S3-228366576
S1-677490910	S2-339168003,S3-995198534
S1-677511484	S2-975362255,S2-694655556,S3-957837713
S1-677568818	
S1-677909797	S2-113546027,S3-8442817,S3-54931529,S3-98454042,S3-389542641
S1-677950025	S2-28481993,S2-953401488,S2-591418913,S3-46283845
S1-678031269	S2-211275537,S2-981606940,S3-20097660,S3-126637149,S3-789526761
S1-678140136	S2-360343816,S3-354036951,S3-178517004
S1-678172923	S2-228479048,S3-37919926
S1-678245762	S3-204317469,S3-14845490
S1-67841672	S2-26541361,S2-895832814
S1-678425763	S2-930348249,S2-229297291,S3-836604928,S3-856327097,S3-830905996,S3-547820409
S1-678453174	S2-633583105,S2-519735990,S3-920853610,S3-252320950
S1-678460665	S2-922526786,S2-847884419,S3-865467795,S3-589761445
S1-678503121	S2-57342939,S2-991080633,S2-542056123,S2-852609920,S3-164210195
S1-678601758	S2-884167525,S2-164366386,S3-177124697,S3-460516577
S1-678807625	S3-726446903,S3-268687678,S3-938167132,S3-320848746
S1-678964037	S2-92304582,S3-178435805,S3-615304036
S1-678966415	S2-258069598,S3-548665813
S1-679032781	S2-619367542,S2-211116187,S3-748434277,S3-713697938
S1-679051537	S2-143483234,S3-330385770,S3-873204920
S1-679106592	S2-798653609,S2-998038666,S3-283106526
S1-679109496	S2-1229192,S3-470957426,S3-117424170,S3-885356808
S1-679254615	S2-252523461,S3-646203028
S1-679316206	S2-691366789,S3-661782216
S1-679324442	S2-829137873,S2-502171354,S2-908748709,S3-290507255
S1-679343201	S2-224399983,S2-970881496,S3-74806110,S3-904725567
S1-679364658	S2-848781025,S2-318899037,S2-711823331,S2-871974605,S2-67381104,S3-544964493,S3-490737695
S1-679444843	S2-949301529,S3-24748901
S1-679449332	S2-920214233,S2-945441973,S2-151602885,S3-963491953,S3-239530315,S3-685192775,S3-320190750,S3-281053711
S1-679474823	S2-417351814,S2-635198644,S3-405481880,S3-935761072
S1-679567042	S2-780152779,S2-522257000,S3-317670897,S3-600622231
S1-679682865	S2-214017013,S3-706185641,S3-829401696
S1-679725644	S2-565658608,S2-770697369,S3-329323921
S1-679781752	S2-796460140,S2-244302641,S3-50767969
S1-679786572	S2-809913666,S2-79488526,S2-247332118,S2-384524455,S2-952678759,S3-245110350,S3-987443566
S1-679800231	S2-466478278,S2-725597346,S3-175767212,S3-975727262,S3-259385684,S3-625543686
S1-679844051	S2-86304569,S2-287610091,S2-926890820,S3-431095621,S3-260302080
S1-679957095	S2-158359249,S2-611944293,S3-47070871,S3-296317418
S1-67997856	S2-585198517,S2-812746844,S3-157422135
S1-679995172	S2-130686664,S3-447629837,S3-932813912,S3-101744552
S1-679995504	
S1-68000035	S2-607402148,S2-929599970,S3-850883299,S3-268759441
S1-680003563	S2-304781162,S2-544116969,S2-956633786,S3-624013048,S3-651697684
S1-680017950	S2-292397086,S3-727519029
S1-680074466	S2-634668817,S2-839871732,S3-721236137,S3-967335708,S3-798413901
S1-680084234	S2-760209889,S2-219366743,S2-253913882,S3-992849930,S3-130898903,S3-645838225
S1-68011588	S2-350928942,S3-960059473
S1-680231704	S2-396809768,S2-187802905,S2-770996690,S2-409228425,S3-707593864
S1-680335883	
S1-680360570	S3-170200511,S3-128844564
S1-680362586	S2-109677691,S2-44294348,S3-110642920
S1-680389740	S2-736533940,S2-177263887,S2-397868651
S1-680417941	S2-658868236,S2-121679118,S2-127513260,S2-40389016,S3-929808491
S1-680437373	S2-928940939,S2-621509951,S2-207709833,S3-379725399,S3-947777606
S1-680497175	S2-502577961,S2-408453541,S3-294659921
S1-680519459	S2-565343203,S3-273405111
S1-680527462	S2-17464665,S2-930644873,S2-659753654
S1-680529418	S2-53966035,S2-544461734,S3-184961210,S3-919330889,S3-999300170
S1-680534439	
S1-680574608	S3-908354760
S1-680593098	S2-111014438,S3-325675208,S3-199764161,S3-486141236
S1-680605078	S2-594042354,S2-600372699,S3-290876305,S3-717345223
S1-680606952	S2-211764161,S2-840147141,S2-375620522,S3-114917723
S1-680673758	S2-215320704,S2-882287270,S3-744834110
S1-680675572	S2-74192638,S2-88732234,S3-184007589
S1-680734899	S2-678018766,S3-869077429
S1-680827628	S2-496745487,S3-782917815
S1-680882177	S2-176840774
S1-680980702	S2-375863388,S2-319061652,S3-84952219,S3-172410349
S1-681030514	S2-356241511,S2-786130770,S3-931009286,S3-721476180,S3-143536226
S1-681047913	S2-16367295,S2-475694265,S3-637661278
S1-681108165	S2-585098731,S3-861406673,S3-638357026,S3-966684559
S1-681112333	S2-696366168,S2-988753290,S2-63264011,S3-992899995,S3-258916901
S1-681126428	S2-608211489,S2-205176691,S2-800372788,S3-226616434
S1-681150193	S2-323503111,S3-976879168,S3-215908964,S3-124750987,S3-133538979
S1-681152842	S3-663457857,S3-791048680
S1-68117939	S2-131251867,S3-223259618
S1-681189902	S2-779522113,S2-726015602,S3-531019673,S3-793346385,S3-150791204,S3-557692302
S1-681228086	S3-288509175,S3-947648931
S1-681228411	S2-15469111,S2-53485211,S2-14449968,S3-891629859,S3-432092995,S3-958180350,S3-341052719
S1-681251229	S2-260437636,S2-903708434,S2-290340890,S3-99134637
S1-681286976	S2-880499303,S2-214088601
S1-681349732	S2-48698073,S2-638180258,S3-681540821,S3-601576356
S1-68136857	S2-698901228,S3-422387376
S1-6814581	S2-700145042,S3-219792532
S1-681508654	
S1-681542078	S2-219335594,S2-165501234,S2-555489280,S3-354968383,S3-773350
S1-681547837	
S1-6816617	S2-193267979,S2-771698170,S3-384482767
S1-681755633	S2-216071779,S2-335741702,S3-324371698,S3-868387998
S1-681784202	S2-430608819,S2-513673618,S3-983828381,S3-740029520,S3-331179391,S3-570131991
S1-681802596	S2-254452894,S2-623484816,S3-233358794
S1-681812951	S3-80069479
S1-681853311	S2-509423178,S2-890241169,S3-512606493,S3-879694807
S1-681888	S2-206458011,S3-824095205,S3-695793408,S3-952386215
S1-681896764	S2-248033,S2-875281373,S3-968215737
S1-681947202	S2-724781338,S2-78953418,S2-158206559,S3-81024389,S3-708323647
S1-682039317	S2-95632680
S1-682060348	S2-642285490,S3-442083004,S3-983463517
S1-682082137	S2-596259977,S2-777969706,S2-380529045,S3-195842687,S3-744762182
S1-682189274	S2-251133347,S2-797401305,S2-899865837,S3-977711388,S3-753548308
S1-682213713	S2-700471399,S2-989078438,S2-29216583,S3-156062247,S3-431402829
S1-682286740	S2-643443013,S2-674469927,S2-334107927,S2-391184923,S2-469635593,S3-438293673,S3-103389317,S3-31642514
S1-682293355	
S1-682320299	S2-600843873,S2-141774295,S3-382940339,S3-330445773
S1-682504496	S2-540818442,S2-77982246,S2-203995129,S2-603931100,S3-818081518
S1-682541749	S2-418458815,S2-154492289,S3-137309482,S3-988291915,S3-14656482
S1-682551426	S2-284984119,S3-359497354
S1-682668571	S2-919254542,S2-839490267,S2-897567031,S3-190106991,S3-351107195
S1-682700172	S2-886708082,S3-35897587,S3-32936414,S3-891971882
S1-682738252	S2-198433651,S3-554084947,S3-565434687,S3-372270308
S1-682752390	S2-451554129,S3-618085575,S3-855412954,S3-925593062,S3-162097729
S1-682806593	S2-989331535,S2-717954836,S2-237115616,S3-405623820
S1-68291792	S2-709258707,S2-143407967,S3-416694120
S1-682947620	S2-138765262,S3-699946983
S1-683029377	S3-819922688,S3-124664432
S1-683059004	S2-350711324,S2-880666623,S3-616791439,S3-322856961,S3-632608210
S1-683076291	S2-892420120,S3-916508926
S1-683082952	S2-879669823,S3-701948949,S3-207352401
S1-683110707	S2-490387717,S2-763697844,S2-651321398,S2-6818691,S3-292059071
S1-683123116	S2-72292628,S2-669040479,S2-513753994,S3-283255618,S3-755612708
S1-683247917	S2-420537229,S2-190219653,S3-951642508
S1-683351182	S2-797344307,S2-347871036,S3-539473410,S3-9092208
S1-683352719	S2-717273153,S2-555307248,S3-435117301,S3-373279653,S3-882324498
S1-683455079	S2-522424036,S3-298457074,S3-687205824
S1-683470420	S2-94843334,S3-491985237
S1-683656385	S2-839618067,S2-616680159,S3-461394058
S1-683667259	S2-244668526,S3-45333143,S3-912301171,S3-169180643
S1-683673408	S2-684635233,S3-205243253,S3-856224347,S3-380400915,S3-294449312
S1-683679672	S2-754732907,S3-18023552
S1-683760455	S2-436898110,S2-444136403,S3-171611915,S3-225976763,S3-893616983
S1-683769405	S2-224937281,S2-338864072,S3-339591549,S3-585935979,S3-511721587
S1-68383621	
S1-683855878	S2-724995861,S2-108364922,S3-748686235
S1-683860781	S2-277629556,S2-596098477,S2-769332972,S3-710304251,S3-684649836
S1-683959314	S2-5369669,S2-452579404,S2-535574254,S3-524072366,S3-494175953,S3-464546511,S3-625426095,S3-660406843
S1-683970184	S2-11565072,S3-511749062,S3-340438214
S1-683999901	S2-280019565,S2-81039914,S3-493574374,S3-882337712
S1-684030982	S2-462228160,S2-918100937,S2-788227167
S1-684033517	S3-351813559,S3-504802311
S1-684062073	S2-296522619,S3-681586323
S1-68409785	S2-548110525,S3-397448382
S1-684140340	S2-85055618,S2-188142937,S3-915784311
S1-684282305	S2-184418006,S3-217224134,S3-489124657,S3-989393090
S1-68431922	S2-312643519,S2-326465748,S2-123599357,S3-310305512,S3-286040306,S3-417318044,S3-240520061,S3-678189950
S1-684367924	S2-873558844,S2-189299770,S2-677108262,S3-70125331
S1-684378084	S2-431337293,S3-116025319,S3-174194047,S3-395758952
S1-684402560	S2-42476303,S2-914695228,S3-222789293
S1-68452969	S3-888643481,S3-281863266
S1-684679139	S2-17404118,S2-789973272,S2-709689707,S2-874777311,S2-576623008,S3-902025968,S3-321138869
S1-684775529	S2-387857394,S3-329221415
S1-684798315	S2-626680961
S1-68481513	S3-162971470,S3-265723840
S1-684861258	S2-739989710,S2-901462655,S3-562394575,S3-703184169,S3-188455323
S1-684899740	S2-427236428,S3-9863531,S3-733450460,S3-957338687,S3-939116821
S1-684925145	S2-866415213,S3-340991064
S1-68494041	S2-1474533,S2-819021067,S3-324473470,S3-556371813,S3-46607600
S1-684996604	S2-157175484,S2-955234216,S2-809988649,S3-118073952
S1-685002586	S2-526415723,S2-612113849,S2-756552527,S3-296016416
S1-68501894	S2-824977574,S3-297119788,S3-819352347
S1-685029289	S2-772167458,S2-652188875,S2-24952743,S3-579800240
S1-685096260	S2-967463145,S3-667816936
S1-685099735	S2-103280008,S3-240175802,S3-377684655
S1-685151843	S3-265267189,S3-482732683
S1-685237193	S2-494096292,S2-33955453,S2-191524122,S3-82855962
S1-685259521	S2-428055056,S2-514309047,S2-220500522,S3-673862069
S1-68529705	S2-249717752,S3-674193268,S3-357736037,S3-189473288
S1-685417163	S2-645015585,S3-53185064,S3-151111401
S1-685493827	S2-939133545,S3-770793738,S3-921427062,S3-591319031
S1-685518996	S2-610447603,S2-317401761,S2-970366083,S3-22063191
S1-685523937	S2-828605164,S2-73981016,S2-624017189,S3-317990988
S1-685591605	S2-156758471,S2-442213568,S2-808590747,S2-537214852,S2-999819618,S3-742119338,S3-652434872
S1-685715027	S2-342867013,S2-409759998,S2-384230847,S3-145523474,S3-261342119,S3-470722497
S1-685723975	S2-734956307,S2-261122076,S2-142452974
S1-685765057	S2-196843539,S3-237302272,S3-892465580
S1-685876049	S2-967995945,S2-75681,S2-667756981,S3-940898617,S3-237084502,S3-842042577
S1-685880879	S2-51361861,S2-650685558,S2-801721804,S2-74253619
S1-685950856	
S1-685999630	S2-431053561,S2-422278446,S2-756312391,S3-579187595,S3-214507099
S1-686124986	S2-681673265,S3-411814982,S3-540455842,S3-814494235
S1-686168324	S2-220325425,S2-472042230,S2-757005960,S3-38624060
S1-686191824	S2-686478949,S3-151700571
S1-686313553	S2-989145650,S2-921296948,S3-791281626
S1-686432201	S2-541012729,S3-284651755,S3-643659733,S3-993102519
S1-686452107	S2-462642793,S3-236612981,S3-339707868
S1-686787101	S2-26454167,S2-893616604,S3-347394757,S3-602825884,S3-19993850
S1-68690736	S2-832558816,S2-743036059,S2-339367856,S3-26344750
S1-68693421	S2-293998385,S2-449035933,S3-613103783
S1-68693999	S2-539376491,S2-684502260,S3-222835230,S3-37915425
S1-686942330	S2-77340501,S3-324908565
S1-687006151	S2-817198187,S2-140306192,S3-754091959
S1-687033364	S2-706471049,S2-529647382,S2-361318132
S1-687131673	S2-769171660,S2-680651828,S2-518270791,S3-453499452
S1-687199208	S3-389618929,S3-595652890,S3-261375342
S1-68721386	S3-652314877,S3-216172023,S3-818460801,S3-471152352,S3-91416445
S1-687225151	S2-281579231,S3-70032141,S3-32516082,S3-988051499
S1-687332305	S2-284001943,S2-43084672,S3-613147391
S1-687332868	S2-896927810,S3-15168247,S3-303103465
S1-687536153	S2-617876984,S3-868844701,S3-858336325,S3-225446130
S1-687536617	S2-126681259,S2-629245475,S3-853380059
S1-687744965	S2-324083756,S2-270907551,S2-29585057,S2-851796276,S2-183815750
S1-687759001	S2-708303947,S3-340405965,S3-290973885,S3-432256942
S1-687764087	S2-544556836,S2-214823848
S1-68777160	S2-28303853,S2-832202454,S3-75161876,S3-588434722,S3-198939457,S3-19959948
S1-687773586	S2-158366380,S2-764258817,S3-214570134
S1-687813612	S2-597010000,S3-281863406,S3-338212196,S3-280614511
S1-687817097	S2-40657120,S2-875426757,S3-572168000,S3-684176530,S3-25043336
S1-687848955	S3-429482127
S1-687893764	S2-983459191,S3-899081444,S3-713506882,S3-442369940
S1-68800515	S2-376253549,S3-385600716,S3-790000948
S1-688095805	S2-21998141,S2-202833371,S2-320995323,S3-223637607,S3-375942109
S1-688113023	S2-215400799,S3-544101177,S3-252283213
S1-688183970	
S1-688184821	S3-198861162,S3-293604709
S1-688199681	S2-233412058,S2-387050319,S3-703526019,S3-559351140
S1-688294032	S3-380168238,S3-884320589,S3-802370112
S1-688650510	S2-768644034,S2-921943814,S2-21859479,S2-601586999,S3-196299016,S3-319868965,S3-940970359
S1-688752762	S2-213563037,S3-206551098,S3-606270142,S3-459005800,S3-886123403
S1-688800351	S2-295989790,S3-666611337,S3-355307823
S1-688991431	S2-828524783,S3-284349325,S3-8310395
S1-689088790	S2-927078659,S3-19339386,S3-882084933,S3-597082080,S3-23999294
S1-68916595	S2-137088667,S2-855025847
S1-689214652	S2-990845235,S3-658806338,S3-736880954,S3-827876064
S1-689220542	S2-850807598,S3-30267234
S1-689275402	S2-330641583,S2-294287174
S1-689278156	S2-762708161,S2-2482487,S2-367386260,S3-436848049
S1-689282534	S2-561340636,S3-429916659
S1-689303885	S2-667009525,S3-538574214
S1-689314878	S2-677000975,S2-835838445,S2-904501883,S3-58192802
S1-689319055	S2-605711146,S2-83091082,S2-593901461,S3-974269508
S1-689338415	S2-7306186,S3-608519340,S3-869833981
S1-689385245	S2-488548488,S2-20465065,S2-820135342,S3-391123874,S3-305967407,S3-562727961,S3-594638111
S1-689390170	S2-788996624,S2-1176251,S3-539439363
S1-689408230	S2-126255287,S2-541596488,S3-975540468,S3-776772866
S1-689515521	S2-815883377,S2-127179711,S2-672441633,S3-154234096,S3-437273482,S3-386989569
S1-689525991	S2-986938053,S2-750677958,S3-558622935
S1-689555615	S2-523138453,S3-57073450,S3-110183276,S3-399481968,S3-920113322
S1-689594658	S2-910296666,S3-686459645,S3-834763804
S1-689598692	S2-118392817,S2-155072863
S1-689620031	S2-929600793,S2-633487696,S2-572656079,S3-976850238,S3-209722390,S3-870753181,S3-94422222
S1-689622520	S2-293347211,S3-124819468
S1-689694590	S3-655937835,S3-755745189
S1-689828112	S2-389857841,S3-572645813,S3-39923644,S3-770550133
S1-68983119	S2-19233414,S3-224072553,S3-156115221,S3-970877083,S3-862788822
S1-689907910	S2-564942642,S2-903157879,S3-74923550,S3-654556790
S1-689945685	S2-315011000,S2-872459070,S3-108548354,S3-814330975
S1-690017247	S2-342887393,S2-356386359,S2-201623450,S3-272267529,S3-427418480,S3-424964227
S1-690024271	S2-717602466
S1-69002968	S2-748098237,S3-880696529,S3-713402287
S1-690088175	S2-381913749,S2-647041071,S3-789218690,S3-812158116,S3-499038585
S1-690136012	S2-535017028,S2-13743777,S3-186007672
S1-690164984	S2-705367619,S2-878178114,S2-967072237,S3-85279228
S1-690193735	S2-27444171,S3-797163014,S3-962640751,S3-640550852
S1-690255601	S2-223390799,S3-264642883,S3-137270983
S1-690302192	S2-724511238,S2-748945221,S2-713086806,S2-964944342,S3-701046680,S3-687610413
S1-690309141	S2-894592221,S3-429920898
S1-690329089	S2-211906018,S2-329615724,S3-897370891,S3-241528449
S1-69036988	S2-725175984,S2-444499759,S3-663101294,S3-600539118,S3-160776667
S1-690575191	S2-221071709,S2-472668814,S2-948914812,S3-645151055
S1-690606053	S2-395022917,S3-918964371,S3-170147338,S3-634378164,S3-237346588
S1-69062114	S2-191951888,S2-127442260,S2-520218485,S3-549374598
S1-690850331	S2-372825767,S2-102035339,S2-842907403,S3-508576021,S3-597777228,S3-391645775
S1-690870654	S2-786151848
S1-690886037	S3-485636259,S3-862236504,S3-107273436,S3-732004368
S1-691088475	S2-734617189,S2-315411597,S3-843315446,S3-150193696,S3-653308056
S1-691094225	
S1-691101120	S2-148711194,S2-591659869,S2-181674026
S1-691223177	S2-449976291,S2-545237608,S3-570109011,S3-193302120,S3-694131416,S3-976137525,S3-847382539
S1-691306393	S2-656875407,S2-812469901,S2-603038818,S3-294387351
S1-691320352	S2-692335759,S2-408337914,S2-7766913,S3-486125186,S3-51437861
S1-691591792	
S1-691600930	S2-358071983,S2-134647515,S2-783817013,S2-824748754,S2-805797345,S3-543837890
S1-691629818	S2-736336538,S2-535952171,S3-144933321,S3-891931327,S3-649405710
S1-691661948	S2-838584335,S3-484765709,S3-770599947
S1-691743715	S2-235325340,S2-660998086,S3-938844941,S3-712810659
S1-691816127	
S1-692017588	S2-56816229,S2-351243436,S2-178260584,S3-647532679
S1-692145575	S2-777793067,S3-763730185,S3-624793098
S1-692167209	S2-259568555,S2-547111489,S3-254129851,S3-299328256
S1-69220108	S3-179635430
S1-692232795	S2-210848440,S2-66326004,S2-142569354,S3-813773268,S3-442795339,S3-538854060
S1-692379684	S2-534351619,S2-155713354,S3-94945756
S1-692383962	S2-756093629,S2-913071475,S2-825193730,S3-701445166,S3-98162235,S3-778177968
S1-692384228	S2-371077274,S3-648393104,S3-396802788
S1-692416055	S2-596329053,S2-248281499,S2-626372061,S3-628060723
S1-692457319	S2-809949955,S3-754007538
S1-692525500	S2-718775437,S3-247555060
S1-692582280	S2-421353000,S2-393851593,S3-73563247,S3-489240455
S1-69289236	S2-351842750,S3-125675437,S3-987310968
S1-692926340	S2-71929996
S1-692927038	S2-792357751,S3-978494511
S1-693163345	S2-255025466,S2-261652889,S2-224788874,S3-626367914,S3-893677704,S3-905295561,S3-386344063
S1-693178170	S2-175668900,S3-672538835
S1-69319241	S2-198307184,S2-77357678,S2-266493562,S3-516571137,S3-290046412,S3-17549428
S1-693313193	S2-412459092,S2-913301040,S3-721660915
S1-693334649	S2-498146556,S3-11777105,S3-887752140
S1-693341468	S2-458050107,S2-361221951,S3-894529117,S3-934995999,S3-272116023
S1-693427146	S2-858030883,S2-82855336,S3-606724082,S3-84877710,S3-314994331
S1-693647606	S2-466223409
S1-693756235	S2-899177259,S3-916778329,S3-852476728,S3-541856711
S1-693848270	S2-557502491,S2-25450249,S3-699724159
S1-69388519	S2-173306939,S2-128577716,S2-874118463,S2-989115678,S3-381042292,S3-762699119
S1-693890101	S2-469530284,S3-701044536,S3-403980863,S3-668303513
S1-693928648	S2-607243870,S2-171725809,S3-875491188,S3-159070661,S3-271383639,S3-604512049
S1-693931822	S3-804100087,S3-137025101
S1-693944499	S2-49836693,S3-419864596,S3-283195344,S3-258399275
S1-694034204	S2-643593610,S2-837874586,S3-929933552
S1-694054915	S2-912117220,S2-360735375,S2-368827009,S3-281676868
S1-694124968	S2-754005585,S2-75422910,S3-949562237,S3-832283253
S1-694127673	
S1-694234340	S2-960275743,S2-546216158,S2-991972628,S3-661351362
S1-69426763	S2-968835485,S2-397699272,S2-235911349,S3-527784411
S1-694333245	S2-985605409,S2-422994005
S1-694395833	S2-832513631,S2-411579588,S2-770167835,S3-361421314,S3-107447970
S1-694638826	S2-546748940,S2-54571768,S3-335775376,S3-945854791,S3-644251738,S3-660266294
S1-694652306	S2-974251599,S3-835333296,S3-285771276
S1-694708792	S2-710136306,S2-979848353,S3-347759721
S1-694719650	S2-437190992,S3-18212809,S3-433295194
S1-694755524	S2-8923842,S2-375240025,S2-171644921,S3-599081560
S1-694999738	S2-96286275
S1-695025262	S2-749114447,S2-803761905,S2-963867938,S3-566522180,S3-251578328,S3-97427321,S3-980985722
S1-695027982	S2-658150540,S3-814576789,S3-52669382
S1-69506621	S2-335286888,S3-324853356
S1-695119987	S2-512388153,S2-822037169,S3-597724563
S1-695120695	S3-122432048,S3-799487182,S3-956972667
S1-695299594	S2-976312485,S3-488292665
S1-695325611	S2-46481540,S3-382110278,S3-350932284,S3-964024557,S3-352815945
S1-695409076	S2-216607458,S2-260461306,S2-890791022,S2-683172717,S3-945759644,S3-73868871,S3-390322356
S1-69543799	S2-25683560,S3-151655052,S3-677620629
S1-695593043	S2-301223799,S3-491022013,S3-896667134,S3-250800556,S3-674998904
S1-695594014	S3-681934437,S3-44733084,S3-473833175
S1-69570463	S2-593861741,S3-794131130,S3-114428333
S1-69571219	
S1-695749172	S2-401238348,S2-681115568,S3-591679062
S1-695751733	S3-396437959
S1-696011789	S2-929589237,S3-846742274,S3-969356897
S1-696036514	S2-240790329
S1-696079029	S2-956899149,S3-948835405,S3-229370710,S3-839976708
S1-696082721	S2-485123534,S2-71076269,S3-724902348,S3-169056147,S3-644846263
S1-696094730	S2-257281846,S2-951034707,S3-278842961
S1-696106985	
S1-696165360	S2-432290545,S3-988361380,S3-201389024
S1-696199259	S2-710962958,S3-938577356,S3-495250637,S3-518046221
S1-696263963	S2-165017127,S3-975288019
S1-696266384	S3-340484142
S1-696274508	S2-231238253,S2-342832707,S2-467490802
S1-696356982	S2-457400190,S2-802814949,S3-284685773
S1-696467157	S2-383014863,S2-694238569,S2-409757420,S3-124378109,S3-243184767
S1-696472072	S2-135977860,S3-259553345
S1-69649515	S2-810360319,S2-408516295,S3-956930188,S3-713128192,S3-327168481
S1-69653770	
S1-696540811	S2-513106709,S2-505527283,S2-917529206,S3-413972041,S3-684020315
S1-696767819	S2-830023223,S3-74436940,S3-19610908
S1-696779911	S2-972364454,S2-540815728,S2-152256663,S3-53706997,S3-284539437
S1-696829258	S2-171332959,S2-669502486,S3-548953763,S3-153379831,S3-349331805
S1-696834132	S2-806329699,S3-443125820
S1-696986194	S2-748480268,S2-910581059,S2-728338334,S3-993696221,S3-136525712,S3-531238713
S1-697142569	S2-861191079,S2-329814103,S3-688030352,S3-822361058
S1-697331060	S2-294744352,S2-236419195,S2-466917244
S1-697410386	
S1-697414648	S2-422144481,S2-47366546,S3-594984517,S3-825459621
S1-697433179	S3-92320595,S3-555177103,S3-777356624,S3-330324646,S3-47390902
S1-6975749	S2-674669085,S3-985395354
S1-697589323	S2-393742104,S2-460275481,S3-566133267,S3-160574463,S3-606780443
S1-697630927	S2-599815335,S3-390143574,S3-42073295,S3-630612994,S3-558927994,S3-618797725
S1-697647800	S3-273027855,S3-772051990,S3-236451451,S3-399860236,S3-801722367
S1-697687036	S2-137157157,S2-101358908,S2-806811578,S3-469204394,S3-150150852
S1-697698742	S2-454638132,S2-262984650,S3-503794171
S1-697715754	S2-863310328,S2-143273180,S3-386685069,S3-337779882,S3-175905255,S3-869951244
S1-697732967	S2-101105776,S3-484624191,S3-610151629
S1-69774725	S2-473946664,S2-701084490,S2-747099138,S3-365322784,S3-47288614,S3-850218010,S3-997666587
S1-697875937	S2-989882926,S3-372070812,S3-256755707
S1-697880045	S2-358124065,S2-618675811,S2-673963039,S3-678895101
S1-697918978	S2-523067599,S2-61415239,S3-129907996,S3-110959047
S1-697955132	S2-237726794,S2-836028421
S1-6979589	S2-555108071,S3-280805764,S3-583657499
S1-698018959	S2-829760359,S2-147397226
S1-698038134	S2-304940361,S2-309613556,S2-90886193,S3-243421779,S3-241118657
S1-698110824	S2-33260347,S3-775113491,S3-87648926,S3-411659353
S1-698165304	S2-472047033,S2-23794730,S2-844768531,S2-275522215,S3-957298030,S3-886520132
S1-698173432	S2-77707046,S2-652956901,S2-103813492,S2-751644599,S3-755438794,S3-713620460,S3-692891260
S1-69822940	S2-89189816,S2-381077953,S3-999943961,S3-990257085,S3-850319601
S1-698283498	S2-339729674,S2-159572134,S3-911950084,S3-869089138
S1-698330917	S2-936836109,S3-367009129
S1-698436115	S2-130408806,S2-752418197,S3-361557321
S1-698530755	S2-118233324,S2-167880798,S2-12510688,S3-517022521,S3-193244632,S3-637061384,S3-319054825
S1-698572960	S2-362171537,S2-303812955,S2-491069839,S2-48947979,S3-162103151
S1-698573982	S2-446794707,S2-29024106,S3-461733004,S3-962302418
S1-698639356	S2-826878448,S3-223036915,S3-14653518
S1-698707672	S2-254078893,S2-790446048,S3-320722691,S3-828724530
S1-698922671	S2-92004850,S2-18446970
S1-698985278	S2-681184354,S3-707900273,S3-178850369
S1-698995279	S2-239850097,S2-278331782,S2-262532044,S3-405821436,S3-404060816,S3-158194415,S3-963746856,S3-563355222,S3-314393920
S1-699053137	
S1-699220937	
S1-699226817	S2-708659128,S2-713355822,S2-504742041,S3-258641512,S3-316904331
S1-699274800	S2-711047425
S1-699387597	S2-332916367,S2-524948886,S2-175228647,S2-620813425,S3-555597511
S1-69941045	S2-115139314,S3-527150981,S3-355432546,S3-630394797
S1-699426799	S2-135387678,S3-705105365,S3-523215920
S1-699466240	S2-820985596,S2-594377831,S3-369611267,S3-703488583,S3-138101987,S3-102623038,S3-976682204
S1-699510521	S2-268561417,S2-860935864,S3-155052436
S1-699550165	S3-781141845,S3-518682649,S3-59882222
S1-699579844	S3-104611725
S1-699617228	S3-371337208,S3-717283266
S1-699691247	S2-701699631,S2-97051761,S2-420419247,S2-850126977,S3-464236462,S3-460731291
S1-699715185	S2-971353048,S3-622657317,S3-131296599,S3-249922681,S3-996132334,S3-194186408,S3-18666584
S1-699759333	S2-950025892,S3-77646600,S3-753254530,S3-355331310
S1-699769605	S2-346387238,S2-818684128,S3-471875639,S3-502461935,S3-214267156
S1-699849112	S2-388547122,S2-25381724,S2-112846692,S2-601545418,S3-402464861,S3-630527995
S1-699956533	S2-853492440,S2-47511761,S3-358506436,S3-421273844
S1-699996018	S2-668722123,S3-229034492
S1-700022635	S2-997186062,S2-944266820,S2-388676259,S3-539912041,S3-917940277,S3-326511542
S1-700051995	S2-597592847,S2-166055899,S2-818500411,S3-324710166
S1-70014959	S2-367256521,S2-913623677,S3-960214585
S1-70024928	S2-94850265,S3-190985035
S1-700256983	S2-746724069,S3-568940499,S3-329527526,S3-508662250
S1-700287509	S2-615111468,S3-624002633
S1-70033262	S2-995474193,S2-458143589,S3-124965377
S1-700369550	S2-431565299,S2-663512611,S3-373934768
S1-700475739	S2-301304444,S2-682280345,S2-734789682
S1-700494391	S2-644730406,S3-263665742,S3-552667830
S1-700656509	S2-28613480,S2-262895183
S1-70077581	S2-585123447,S3-359571363,S3-549178740
S1-700803135	S2-795868223,S3-340190823
S1-700888784	S2-914647467,S2-779395347,S3-723256625
S1-700922237	
S1-700973328	S2-736789199,S2-40515857,S3-219508301
S1-700977663	S2-621780003,S2-186586455,S2-78879534,S3-583296256,S3-537130962,S3-113552977
S1-701023611	S2-283851270,S2-113530714,S3-819012710,S3-40787974,S3-267573474
S1-701050908	S2-782207730,S2-656761683
S1-701126902	S2-76801260,S2-843761309
S1-701141541	S3-946954621
S1-70126286	S2-267406965,S2-385936725,S3-402377186,S3-898632132
S1-701303884	S2-374247172,S3-498929501
S1-701316382	S2-187047488,S2-958450041,S2-267426083,S3-259096197
S1-701377022	S2-456270949,S3-853770974,S3-837558644
S1-701453268	S2-8096683,S2-975176004,S2-145975518,S2-226990160,S3-743041197,S3-209864820
S1-701517716	S2-291752931,S2-430749136,S2-612778291,S3-474685003
S1-701541969	S2-544725500,S3-780865976,S3-16258864,S3-322866656,S3-514770444
S1-701672831	S2-382132516,S3-357245929
S1-701787529	S2-61021304,S3-355737704,S3-44111614
S1-701900330	S2-733018003,S2-896443383,S3-939942895,S3-279922889
S1-701907339	S2-882258822,S2-28506694,S3-930885393
S1-701953164	S2-762177315,S3-109813734
S1-701962166	S2-295890378,S2-70854490,S2-302535247,S3-772794750,S3-690000157
S1-701993517	S2-237910111,S3-966038505
S1-70200787	S2-529038209,S2-98398329,S2-337689763,S2-736913685,S3-536297819
S1-70201565	S2-635067597,S3-45301058,S3-801413072,S3-800673657,S3-959210646
S1-702095720	S2-826877796,S2-853637458,S2-368233230,S2-565804119,S3-477682393,S3-456917965
S1-702103915	S2-943838511,S2-279783609,S2-157865274,S3-163626603
S1-702111371	S2-442606293,S2-705233629,S3-804427077
S1-702112182	S3-453937342,S3-888322621,S3-196803981
S1-702251275	S2-398554113,S2-722965328,S3-697246617
S1-702269972	S2-212090393,S2-711181101,S3-262882897
S1-702302278	S2-181727679,S3-243303420,S3-778756834
S1-702347752	S2-439145600,S2-158156168,S2-87140954,S3-21774285,S3-631834886
S1-702376127	S2-961055992,S2-997604575,S2-821341849,S2-42299190,S3-961580026,S3-479433610,S3-229421103,S3-800982448,S3-111491050
S1-702421042	S2-694583610,S2-387878668,S3-765264622
S1-702457478	S2-814960110,S3-598338782,S3-8644981
S1-702497418	S3-476481282,S3-984915496,S3-151129082
S1-702552049	S2-523900714,S3-358657500
S1-702554213	S2-951737501,S2-376444761,S3-589942774
S1-702636469	S2-599634068,S2-607963714,S3-885046060,S3-216851782,S3-603410838
S1-702915733	S3-633300462,S3-844520181
S1-703118167	S2-816746255,S2-775565561,S2-794862341,S2-885596117,S3-89315727,S3-952972606
S1-703180170	
S1-703199509	S2-707374775
S1-703211191	S3-718758733,S3-262545721
S1-703271346	S2-180868371,S3-296223858,S3-877156587,S3-934689335,S3-6725588
S1-703298839	S2-831375927,S2-679167742,S2-233914299,S2-603575653,S3-394520955,S3-557516043
S1-703369124	S2-244811499,S2-750393385,S3-836118309
S1-703375072	S2-835148262,S3-168181315,S3-375049043
S1-703381641	S2-443659801,S2-349135472,S3-938259053,S3-190633121,S3-626775957
S1-703390895	S3-77041953,S3-974366518
S1-703404495	S3-665894204
S1-703506390	S2-340104502,S3-892392292,S3-609572202
S1-703556119	S3-794301010
S1-703784828	S2-21740669,S3-312379938
S1-70389541	S2-254570074,S3-163692788
S1-703908440	S2-826727075,S3-502469493
S1-703919124	S2-549247740,S3-110188839
S1-70396989	S2-832482309,S3-692473631
S1-704011576	S2-427187142,S2-198284608,S3-839675272,S3-303859312
S1-704042307	S2-668621204,S3-268251327
S1-704078912	S2-837722036,S2-222172659,S3-815046249,S3-273078299,S3-244544539
S1-704129674	S2-634085098,S2-60055773,S2-883107928,S2-896600527,S3-787356884
S1-70418584	S2-726739997,S3-324516813
S1-704193246	S2-545042004,S3-758117088,S3-736651534,S3-475090360,S3-217748422,S3-668957298,S3-372390865
S1-704223374	S2-685241852,S3-235985567,S3-948541713,S3-965012805
S1-704231342	S2-276570536,S2-699404977,S3-957850276,S3-480233539,S3-143049628
S1-704336213	S2-984597114,S3-917541026,S3-965714628
S1-70440511	S2-657005924,S3-121689376,S3-772618587,S3-189097072
S1-70442854	S3-341303998,S3-131456906
S1-704436946	S2-322793893,S2-715834849,S2-248151155,S3-85932378,S3-384341246
S1-704462609	S2-185769966,S2-885014560,S2-287016555,S3-734905772
S1-704554256	S2-108375661,S2-532435284,S2-333030362,S3-334437671
S1-704578509	S2-98499944,S2-325893386,S2-493295005,S3-942769284,S3-118180801
S1-70458630	S2-558782233,S3-88330952
S1-70461488	S2-665109385,S2-947679696,S3-240154789
S1-704626340	S2-288694625,S3-641812641,S3-245155987
S1-704678430	S2-448294520,S3-725961685
S1-704737952	S2-678730133,S2-797873540
S1-704765840	S2-601045041,S2-516609747,S3-215127942,S3-367076648
S1-704821471	S2-710022829,S3-270445346
S1-704826686	S2-588296659,S2-236244090,S3-956758772
S1-704905161	S2-511898715,S3-58550125
S1-704961620	S2-64534973,S3-518114121,S3-177387881,S3-726999697
S1-705013195	S2-398649635,S3-276382265,S3-998017309
S1-705039876	S2-31348758,S2-430752977
S1-705081384	S2-923266207,S2-283746778,S3-228648039,S3-680122344,S3-344955797
S1-705139018	S2-58521256,S2-742036078,S3-169186009,S3-822461426
S1-705145367	S2-196122806,S3-50686384
S1-705394572	S2-245433472,S2-978178856,S2-697931209,S3-840215459,S3-42462292,S3-827689677
S1-705406853	S2-745317482,S3-581206810
S1-70546109	S2-935452031,S3-52504268
S1-70546761	S2-146528009,S2-528740486,S2-303516081,S3-288392243,S3-239249573
S1-705472153	S2-328315972,S2-777508264
S1-705522256	S2-816261831,S2-494110020,S3-779523916,S3-929510495
S1-705554341	S2-793930161,S3-772320011,S3-966376193
S1-70566728	S2-881303744,S2-281951268,S3-676347401,S3-734435415,S3-528544101
S1-705685019	S2-612229328,S2-97805179,S2-388821287,S3-177331467
S1-705725328	S2-468995779,S3-549262976,S3-389769277
S1-705769622	S2-588597342,S3-492887171,S3-892746872,S3-767740154
S1-705942826	S3-587336352
S1-706063350	S2-866798608,S2-173873261,S2-897399419,S3-855377424,S3-785052860,S3-104777016
S1-706063407	S2-134873239
S1-706098366	S2-779889964,S2-741656096,S3-122788529,S3-291932962,S3-258368072
S1-706115469	S2-902226994,S2-274941074,S3-718157230,S3-344124007
S1-706175666	S2-400174874,S3-309724651,S3-194253972
S1-706294192	
S1-706382383	S2-672492468,S2-102962553,S2-257902200,S3-628445300
S1-706391763	S2-932766963,S2-591906685,S3-532542141
S1-706452949	
S1-706481351	S3-668815637,S3-925874914,S3-937604338
S1-706523694	S2-278345715,S2-492255620,S3-624889086,S3-30572808
S1-706558767	S2-594676048,S3-727510430,S3-767315786
S1-706638878	S2-986779976,S2-723134248,S3-34496221,S3-519906851,S3-995290822
S1-706702948	S3-472512782,S3-149502987,S3-768580457
S1-706708659	
S1-706829632	S2-37602963,S2-281337015,S2-109924006,S3-383173220,S3-745475787
S1-706829936	S2-701804273,S2-431276398,S3-193000373,S3-428766910,S3-130459126,S3-570217306
S1-707071828	S2-45634669,S3-194628372,S3-776357544,S3-796343835
S1-707398994	S2-470049811,S2-503035047,S2-527897846,S3-266635072,S3-677898240,S3-861235797
S1-70749171	S2-840904121,S2-556068743,S3-884420910,S3-815294928
S1-707536868	S2-112970501,S2-548656820,S3-411996393,S3-181783240,S3-53041802,S3-760773126
S1-707644431	S3-998795105
S1-707646101	
S1-707684173	S2-318098486,S2-568159302,S2-241766504,S3-320254553,S3-214112218,S3-729955952
S1-707687077	S2-921612799,S2-735201457,S2-790236812,S3-635581343,S3-425252020
S1-707708143	S2-716904270,S3-319489625,S3-119245320
S1-707721265	S2-189369492
S1-707776380	S2-986765403,S3-35559822,S3-115236433
S1-707811613	S2-242281818,S2-11461333,S2-548313461,S3-807235143,S3-457722126
S1-707820309	S2-549687334,S3-10279770,S3-640888130
S1-707821518	S2-855461408,S2-46924437,S2-726925028,S3-458855500,S3-150559336
S1-707970264	S2-646339929,S3-834413626,S3-760728542
S1-708017583	S2-895192411,S2-529635415,S2-325967839,S3-845615647,S3-509623037
S1-708099455	S2-54573395,S3-375132688,S3-732282004
S1-708104225	S2-621648377,S2-798114266,S2-978324201,S3-188582601
S1-708175076	S2-912891468,S2-226384280,S2-354877800,S3-157426646
S1-708260123	S3-224588988
S1-708295143	S2-792258594,S2-239289913,S3-743040297
S1-708305901	S2-752767844,S2-397339831,S3-138508329
S1-708330665	S2-904539551,S2-76595485,S2-346408355,S3-152236151,S3-670867644
S1-708343790	S2-139140167,S2-460472872,S2-113661047,S3-239452267
S1-708376328	
S1-708438258	S2-550941292,S2-932524055,S2-573186985
S1-708527549	S2-605193527,S2-826556175,S3-880355136
S1-708570233	S2-99861389,S2-936912382,S2-744676156,S3-414302576,S3-98671204
S1-708588045	S2-859487750,S3-122255975,S3-545743670
S1-708599785	S2-924405457,S3-121078123
S1-708615116	S2-197606083,S3-175123950
S1-708639506	S3-636001549,S3-128185665
S1-708685626	S2-479402743,S2-913465546,S3-661860021,S3-718279064,S3-554963304
S1-708698439	S2-990898883,S3-215060662,S3-845339778
S1-708744705	S2-988800226
S1-708769199	S2-566469074,S2-956741140,S3-886525027
S1-708908680	S2-275355609,S3-678015010
S1-708944969	S2-181796357,S3-877327111,S3-229491512,S3-692262334,S3-930479102
S1-708966918	S2-905984424,S3-500089069,S3-513431678
S1-709066351	S3-758860172
S1-709069482	S2-369505950,S2-230227611,S2-414716490,S3-379810912,S3-553653737,S3-143254283
S1-709088591	S2-534201200,S2-216520587,S3-13541458
S1-709098804	S2-885737794,S2-120439491,S2-787664001,S3-550786902,S3-86562926
S1-709204251	S2-994949463,S3-471945023,S3-354056773
S1-709285805	S2-683304288,S2-672097065,S2-708591381,S3-597147382,S3-150519842,S3-705493284
S1-709309671	
S1-70936234	S2-982351649,S2-247998502,S3-915871907
S1-709366595	S2-135673504,S2-793963626,S3-137916816,S3-645557362,S3-378935870,S3-845564986
S1-709400202	S3-985743544
S1-709536575	S2-383763882,S2-732997679,S2-518942229,S2-124544447,S3-15541366,S3-491291593
S1-709556053	S2-997252720,S3-516448030
S1-709556161	S2-836025234,S2-146204940,S3-804916940,S3-573549720,S3-78971259,S3-259633254
S1-70963770	S2-890867295,S2-645398925,S2-420562425,S2-348189829,S3-909835659
S1-709696605	S2-214053467,S3-739992874,S3-726972920,S3-576359194,S3-321122784
S1-709700456	S2-74197552,S3-176503124
S1-709726555	S2-995916602,S3-405650531
S1-709900936	S2-860270560,S3-840760759,S3-34312669
S1-709943374	S2-38780328,S2-179939079,S2-506993980,S3-718885737
S1-709964221	S2-544215938,S2-989295189,S3-793760462
S1-709990167	S2-959629085,S2-303572013,S2-303606190,S3-882888862,S3-674498858
S1-710123174	S2-178263431,S2-540394095,S2-894477415,S3-686563580
S1-710158221	S2-420737086,S3-477577050,S3-346487516
S1-710174543	S2-822053390,S2-304763754,S3-337968947
S1-710237637	S2-203470977,S2-642409341,S3-630105627
S1-710283375	S2-684002818,S2-475210039,S2-282230081,S3-646458155,S3-687654619
S1-710320209	S2-269064887,S2-980501623,S3-518667655,S3-369406226
S1-710368935	S2-682875519,S2-766340404,S2-420385634,S3-614108906
S1-710394683	S2-869211089,S2-449492843
S1-710439783	S3-470652648,S3-296515276,S3-380494464,S3-826260550,S3-175926251
S1-710467326	S2-637586600,S3-981419564
S1-710479633	S2-616296737,S2-88302023,S3-676036149
S1-710535802	S2-734364943,S3-718570830,S3-870418874,S3-364250949,S3-465018062
S1-71059007	S2-140896476,S3-870701635,S3-938111203
S1-710619590	S2-225891530,S2-331860384,S3-321579254,S3-60071214,S3-953696991
S1-710675389	S3-983901642,S3-938506259,S3-642789306
S1-710796696	S2-129522016,S2-721967474,S2-465518111,S3-551652127,S3-650412711,S3-822783832
S1-710816321	
S1-710862106	S2-365348635,S3-257981173,S3-89085053
S1-71088746	S2-993223175,S3-331712489,S3-658086093
S1-711003438	S2-531701533,S2-595328558
S1-711277171	S2-303908581,S2-419560819,S2-232245454,S3-838347817,S3-692223716,S3-275922561
S1-711303162	S2-27543253,S2-40271848,S3-298460539
S1-711333395	S2-747241240,S2-665012616,S3-174805314
S1-711420049	S2-142548686,S3-138513862
S1-71147912	S2-756591695,S3-733822677,S3-563819825,S3-871773893
S1-711501457	S2-846038083
S1-711506886	S2-430048883,S3-348863843
S1-711664055	S2-532096381,S3-761532477,S3-703384639
S1-711696916	S3-855672170,S3-396427495
S1-711708712	S2-374834926
S1-711813777	S2-477189608,S2-46619385,S3-707742903,S3-191655764
S1-711829237	S2-450353788,S3-989394523,S3-504206641
S1-711988035	S2-975109999,S2-20395403,S2-554839695,S2-738359130,S3-641890673,S3-436367808,S3-758494134
S1-712023560	S2-710239283,S3-112116909,S3-432634766
S1-712065482	S2-793355415,S3-111000376
S1-712092986	S2-28081786,S2-904149095,S2-851417438,S3-747061777,S3-77694659
S1-712120511	S2-796103500,S2-355229849,S3-541836597,S3-604554323
S1-712123350	S2-862541672,S2-454621784,S3-816481886
S1-712192564	S2-229481214,S2-160941886,S3-899705788
S1-712212748	S2-207523223,S3-315310950
S1-712470839	S2-39058921,S3-554103012
S1-712540726	S2-278580262,S3-932470892,S3-67250060
S1-712563556	S2-209771793,S2-181874616,S3-523128052,S3-391840060
S1-712606776	S2-646598168,S2-868965309,S2-394855809
S1-71275506	S2-390713416,S3-943600436
S1-71275568	S2-112111031,S2-549074495,S3-396976793,S3-720824703,S3-743232077,S3-251656321
S1-712757978	S2-345318946,S3-299336262,S3-44484016
S1-712778221	S2-800171600,S2-593815241,S3-102419061,S3-741620214,S3-655657986
S1-712844434	S2-723853249,S2-543676140,S2-909278383,S3-534266097,S3-661657013,S3-551679848
S1-712996717	S2-493776270,S2-254647738,S3-165362549
S1-713206873	S2-987760828,S3-707711415,S3-356210596,S3-826281436
S1-71328477	S2-719688678,S2-610196395,S3-620345216,S3-238002652,S3-486520071,S3-228445337
S1-713426285	S2-116839938,S3-391378963,S3-795817326,S3-736964909
S1-713571206	S2-609871622,S2-128761375
S1-713581715	S2-698480637,S2-260170876,S2-422499643,S3-908697662,S3-882431226,S3-147529859
S1-713599324	S2-706645708,S2-563231779,S3-104372406,S3-566737503,S3-825154643,S3-145625190
S1-713677668	S2-183649623,S2-208950551,S2-17711728,S2-182287227,S3-20099383,S3-592402386
S1-713719735	S2-372318084,S2-988942457,S2-864627941,S3-955043033,S3-850477198
S1-713935919	S2-539231064,S3-333237244,S3-623190036
S1-714027750	S2-445937817,S2-301342205,S3-790503200
S1-714031343	
S1-71403195	
S1-714088119	
S1-714103223	S2-900902430,S2-542227896,S2-271082598,S2-344264495,S3-150001785
S1-714118514	S2-251868560,S3-710898549,S3-776475841,S3-448277322
S1-714199220	S2-173275248,S3-57696163
S1-714234350	S2-863125151,S2-677023856,S3-552267300,S3-8839036
S1-714274136	S2-199179217,S2-604439887,S2-587344627,S3-233740832
S1-714276563	S2-802153986,S2-975213770,S3-543431147
S1-714283485	S2-390972199,S2-413272403,S3-375236118,S3-731513617,S3-572362594,S3-247198547
S1-714359968	S2-878102379,S2-894948063,S3-283258143
S1-71439194	S2-692425210,S3-494716515,S3-657703306
S1-714444811	S2-358461816,S2-764792107,S2-613188461,S3-602388089,S3-541151916,S3-436691002,S3-697053288
S1-714467969	S2-545213611,S2-826748460,S3-337988695,S3-460586606
S1-714500052	S2-579930392,S2-766895665,S2-747583305,S3-461007299,S3-326713929,S3-158660839,S3-440523422
S1-71455917	S2-158443314,S3-560558917,S3-697971473,S3-485200956
S1-714597063	S2-296351308,S3-290337599,S3-556637159,S3-655844105,S3-277075165
S1-714600620	S2-750374689,S2-116425292,S2-76811486,S3-911501019,S3-99531461,S3-692570597
S1-714629342	S2-266097074,S2-639356425,S2-810960523,S2-487187983,S3-330040501,S3-155829083,S3-11350780
S1-714656438	S2-57979570,S3-664596980,S3-902835879
S1-714756410	S2-684176873
S1-714772384	S2-630291731,S2-871395959,S3-771348339
S1-714884105	S2-32679138,S2-971362591,S2-12398965,S3-192689879,S3-976577405,S3-816012505,S3-723919262
S1-715134554	S2-873946432,S3-314969590,S3-50316850
S1-715152534	S2-381896119,S3-258891799
S1-715259770	S2-391593888,S3-890372983,S3-702011802
S1-715426290	S2-364541650,S3-24899470,S3-845709676
S1-715520911	S2-405849207,S2-424679840,S3-377139503,S3-453668924,S3-973670884
S1-715566299	S2-518665009,S3-780844878,S3-83956300,S3-649745239
S1-715566605	S2-945748283,S2-473171335
S1-715585921	S2-387080315,S3-2909752,S3-694656752
S1-71572309	S2-331904030,S2-777253860,S2-507916877,S3-959051250,S3-740432146,S3-260908096
S1-715914993	S2-766263836,S3-780341653
S1-715965447	S2-603100919,S3-904274525,S3-744433950
S1-716236687	S2-99064437,S3-379977937
S1-716244275	S2-352487627,S3-28461998,S3-968129897,S3-324145247
S1-716375821	S2-241706378,S3-138148411,S3-139129316
S1-716391707	S2-716355854
S1-716470911	S2-167625177,S2-805444705,S3-781069683,S3-666577295
S1-716518908	S2-994863267,S2-293197508,S3-905231198,S3-703950350
S1-716534531	S2-101770448,S3-651230616,S3-967706952,S3-417408318,S3-421684371
S1-716547821	S2-876883234,S3-741626457,S3-527794711,S3-182456969
S1-716557746	S2-293172469,S2-22965627,S3-985491495,S3-514988899
S1-716566529	S2-393159,S2-32363933,S2-777771546,S2-947388089,S3-510241458,S3-722250333,S3-253800797
S1-716684420	S2-739982525,S2-502587903,S3-785509840
S1-7167297	S2-855683073,S3-65221211,S3-782601033
S1-716786083	S2-63692294,S2-902194354,S2-930819205,S3-831608593
S1-71686418	
S1-716894419	
S1-717037439	
S1-717089010	S2-905321710,S3-776057733,S3-141089868
S1-717091005	S2-624543347,S3-61276913
S1-717100245	S2-549977364,S2-342193382,S3-688987295,S3-662608856,S3-73056039,S3-339392137
S1-717163349	S2-852418340,S3-137850204
S1-717342861	S2-287502269,S2-888108809
S1-71744741	S2-995648306,S2-200667708,S2-241535292,S3-334693637,S3-651371797,S3-168430994
S1-71749075	S3-94651211
S1-717528507	S2-953595753,S3-596876486,S3-494612940
S1-717537780	S2-768681207,S3-297968278
S1-717545356	S2-993756073,S3-117087636,S3-513322703,S3-145088214,S3-135381581
S1-717556313	S2-716497786,S2-58748718,S3-837563913
S1-717585295	S3-542361935,S3-374638767,S3-925348629,S3-502034521
S1-71761991	S2-248751273,S3-520102345
S1-717767784	S2-931308388,S3-514509780
S1-717864519	S2-300952760,S3-286268525,S3-296671768,S3-484104132
S1-717882656	S2-998419530,S2-243258899,S3-652942020,S3-864721456
S1-717956224	S2-810989771,S3-915611816
S1-717958757	S3-686935549,S3-995551398,S3-255892934
S1-718070149	S2-27493127,S2-236305300,S2-809295413,S3-401868460
S1-718203163	S2-197361155,S3-169183634,S3-754322074
S1-718238312	S2-734234225,S2-462064806,S3-268619043
S1-718292669	S2-856642178,S2-272297997,S3-565423565
S1-718365759	S2-546478180,S2-763247424,S3-950756929
S1-718408246	S2-952103573,S2-254131122,S3-108333866,S3-937255565,S3-256175281,S3-701640045
S1-718476030	S2-934699743,S3-604207929
S1-718496559	S2-47034787,S3-377662848,S3-355205157
S1-718617277	
S1-718707842	S2-948217464,S2-211364063,S3-495032264,S3-377366291,S3-465850239,S3-423915224
S1-718824228	
S1-718875298	S2-130945625,S2-935755168,S2-157074007,S3-811423118,S3-117399016
S1-718895458	S2-496447890,S2-53225852,S3-280174615,S3-321399155
S1-719030908	S2-957300197,S2-252781151,S3-566264953,S3-820174570,S3-428972269,S3-590033232
S1-719078801	S2-625243879,S2-168942576,S2-2101507,S2-6663926,S3-320172523,S3-763520424,S3-172042932
S1-719086822	S2-106572375,S2-337416135
S1-719095189	S2-923243607,S3-443507586
S1-719125084	S2-451271974,S3-30689690,S3-713896042
S1-719142107	S3-134085445
S1-719182453	S3-775622331,S3-121673019
S1-719218394	
S1-719233566	S2-93466165,S2-359019007,S2-64710498,S2-94375839,S3-298825408
S1-719291369	
S1-719393062	S2-851833166,S3-941156867,S3-161388391
S1-719411108	S3-579142128,S3-378311791,S3-149765296
S1-719434469	S3-634930592
S1-719510132	S2-958619503,S3-821346844,S3-541544766
S1-719587403	S2-517411183,S2-208955612,S2-327348222,S3-159116816,S3-920430287,S3-987497480,S3-966886470
S1-719795571	S2-694486131,S2-230680424
S1-719826286	S2-154815309,S3-46964692
S1-719834134	S2-532704755,S3-427944577,S3-618372816
S1-719886150	S2-989599364,S2-797271148,S2-557916298,S3-918495031,S3-400677044
S1-720022898	S2-442835351,S2-888998845,S2-147238392,S2-165763567,S3-351227363,S3-209657770
S1-720023408	S2-826746795,S2-91582700,S3-83551488,S3-949043390
S1-720141865	S2-657637325,S3-408097939
S1-720186510	S3-295372610
S1-720269797	S2-524573773,S2-340976692,S3-544449141
S1-720298987	S2-725365625,S2-870035806,S3-668236113,S3-609334388
S1-720439994	S2-773482721,S2-621130373,S2-674098448,S2-192548082,S3-658403598
S1-720446293	S2-628889559,S3-332474875
S1-720545276	S2-324657419,S2-873740662,S2-388057646,S3-935962975,S3-441949929
S1-720613788	S2-947006183,S2-708234625,S2-25268118,S2-686008978,S3-224532527,S3-489225692
S1-720614254	S2-785235078,S3-674674273,S3-543291092
S1-72073780	S2-386485893,S2-784181418,S2-208667760,S3-893112091
S1-720741418	S2-989200487,S3-786434833
S1-72076282	S2-816314529,S2-689089652,S3-323408787,S3-305976608,S3-962859416
S1-720770950	S2-76488310,S3-548044198
S1-720782841	S2-669070598,S3-747404813,S3-430458889
S1-720914831	S2-616614264,S2-422906026,S3-877898075,S3-46385018
S1-721030076	S2-7955506,S2-516046129,S2-539779185,S2-832714305,S3-399119698,S3-730246071
S1-721318757	S2-395613712,S2-830701960,S3-363947712
S1-721451740	S2-943566418,S2-453970571,S3-615446364
S1-721476593	S3-653163334
S1-721564249	S2-334164409,S3-402226344,S3-280885117
S1-721582592	S2-613405491,S2-810234652,S3-86502669,S3-279407731
S1-721590745	S2-832185465,S3-468188348,S3-77815138,S3-550750330,S3-246458194,S3-720836428,S3-537972082
S1-721650597	S2-651881457,S3-522931005,S3-161892258
S1-721653959	S2-300290173,S3-463456569,S3-218912161,S3-471841135
S1-721805998	S2-706590803,S2-835044536,S3-149409922,S3-424507484,S3-955530322
S1-721829184	S2-443510792,S2-848075633,S3-669838851,S3-529674536
S1-721833000	S2-380447696,S2-707643735,S2-57719939,S3-22834923,S3-979079066
S1-721837602	S2-747783514,S2-799355677,S3-614655049,S3-892831698,S3-694436298
S1-721842547	S2-875458237,S2-815320591,S2-177324133,S3-793173244,S3-706183236
S1-721934024	
S1-721991851	
S1-722024161	S2-882034426,S2-225093683,S3-271687126,S3-11100987,S3-484792243,S3-873120605
S1-722037339	S2-472358616,S2-330623280,S2-108143047,S3-939664095,S3-557613295
S1-722082918	S2-618703644,S3-627144056,S3-774657469
S1-722099141	S2-788617131,S2-956977096,S2-507003666,S2-644292000,S3-327572562,S3-238292616,S3-392395635
S1-722174850	S2-286374272,S2-812293445,S2-779015405,S3-863082993,S3-334446000
S1-72218205	S2-805005388,S2-239533504,S3-444865542
S1-722335046	S2-51836211,S3-617527213,S3-854351435
S1-722371622	S2-807657982,S2-539733932,S2-990223556,S2-8441355,S3-277262967,S3-863246495,S3-511199312,S3-282321446
S1-722412374	S2-762084372,S2-53421259,S2-800624824,S3-241834884
S1-722416935	S2-202061706,S3-384708129,S3-482315585
S1-722452180	S2-958813058,S2-275810008,S2-668513568,S3-72959890,S3-445899942,S3-696058538
S1-722482407	S2-417542168,S2-83971758,S2-373028415,S3-990675546,S3-221540048,S3-745394162
S1-722514295	S2-311746344,S3-546422662,S3-175850156
S1-722520915	S2-646974235,S2-458666747,S3-498815909
S1-722566553	S2-845065786,S2-375098287,S2-389236938,S2-733162021,S3-586534345,S3-327649996,S3-856684385,S3-747709396
S1-722580892	S2-924756676,S2-821702802,S3-479443213,S3-689768333,S3-414534897
S1-722641718	S2-312791828,S2-994495774,S3-406012146,S3-492753688,S3-301439770,S3-518461584
S1-722666986	S2-678363724,S2-977429791,S2-882398141
S1-722685766	S2-162017358,S2-34115383,S2-11679312,S3-996350075,S3-467501453,S3-542315708
S1-722689081	S2-141273872,S3-181028752,S3-79690443
S1-722892840	S2-859695304,S3-710431073,S3-39302504
S1-722903690	S2-205888561,S3-910774995,S3-205383016
S1-723167603	S2-906391858,S3-596793934
S1-723178758	S2-380590979,S2-58730005,S2-575312804,S3-436439403,S3-300153986,S3-68710176,S3-729670578
S1-723227935	S2-98197341,S2-946809609,S3-320992333,S3-456667803,S3-779765235,S3-358373911
S1-723303838	S2-946500977,S3-594375317
S1-723353601	S2-239350407,S2-369846739,S3-507773353
S1-723359253	S2-422221730,S3-851338408
S1-723362540	S2-477556495,S3-33843166,S3-801123147
S1-723428017	S2-916777400,S2-233996360
S1-723433028	S2-369947595,S2-243521132,S3-81146260,S3-724661119,S3-284640401,S3-910716390,S3-856811419
S1-723523221	S2-29316690,S2-857968114,S3-980074859,S3-448873861
S1-723560406	S2-51962626,S3-304700044
S1-723576740	S2-333812613,S3-50303794
S1-723693486	
S1-723697846	S2-22652495,S2-666078831,S2-845385648
S1-723750695	S2-12545056,S2-228033234,S2-832880242,S3-979333677,S3-201266486,S3-412237779
S1-723786926	S2-339472610,S2-645367524,S3-267554029
S1-723848763	S2-944292097,S2-596043344,S3-535597763,S3-704713172,S3-569339225
S1-723849916	
S1-723959346	S2-453520840,S3-347869157,S3-670111260
S1-724107806	S2-835433987
S1-724118804	S2-686991540,S2-17690030,S3-219012678
S1-724153121	S2-949108337,S2-562986283,S3-328375502,S3-453002032
S1-72419519	S2-561172811,S3-911669532
S1-724325384	S2-579488635,S2-655257000,S3-19332502
S1-724329796	S2-880191045,S3-787440939,S3-163035839
S1-724427228	S2-367531766,S2-283083784,S2-23624929,S2-462672919,S3-853241738,S3-815893286,S3-800328157,S3-391475936
S1-724450230	S2-48875322,S3-251327271
S1-724558060	S2-773252397,S3-95631464,S3-97716518
S1-724565948	S2-459491192,S2-491637258,S3-159195039,S3-700651493,S3-181219831
S1-724594191	S2-892879876,S2-221908979,S3-346448768,S3-445370
S1-724695476	S2-326429204,S2-462760012
S1-72469989	S2-91136976,S3-183152741
S1-724836592	S2-875666487,S2-598955090,S2-608289877,S3-230616925,S3-797214681,S3-684386163,S3-263706209
S1-724936520	S2-585660314,S2-313880239,S3-603665099,S3-912433633
S1-724940457	S2-739317076,S3-704446444,S3-668521277,S3-829171685
S1-725038694	S2-865270076,S2-250026381,S3-216386070,S3-597064175
S1-725297587	S2-511466480,S3-71001475,S3-878352147,S3-133988624,S3-764560301
S1-725311819	S2-923842198,S3-491766945,S3-744105156
S1-725458339	S3-842677134
S1-725517439	S2-265762008
S1-725538138	S2-556152005,S3-113872218,S3-661175385,S3-128651634
S1-72569045	S2-917350104,S3-760614767
S1-725734252	S2-537203602,S3-180023228,S3-441411934,S3-925155358,S3-259277098
S1-725827306	S2-617038869,S2-710683644,S3-547971348
S1-725894393	S2-837400108,S2-944273131,S3-307425525
S1-725921951	S2-841957363,S2-355398276,S3-317946991
S1-725979869	S2-235324675,S3-858821100
S1-725981302	S2-237810288,S2-506260885
S1-726011937	S2-363275325,S2-512237287,S2-263369424,S2-247581894,S3-298841010
S1-726222477	S2-730463019,S2-141896349,S2-95203708,S2-327373545,S3-93735940,S3-543210284
S1-726264386	S2-982689298,S2-297095678,S3-65254889,S3-861463741
S1-726334720	S2-63463371,S2-565342179,S3-524377031,S3-613883908
S1-726341071	S2-222239051,S3-168138455
S1-726451875	S2-141438556,S3-255741044,S3-319662916
S1-726534087	S2-369037570,S3-549610794
S1-726590076	S2-316606691,S2-680334907,S2-47564895,S3-918836886,S3-598022074
S1-726609590	S2-867090143,S2-747144044,S3-910558081
S1-726673981	S2-127033279,S3-979207986,S3-71711588,S3-609291177,S3-153401551,S3-690279549
S1-726700083	S2-612209219,S2-484255629,S3-942775223,S3-414966912
S1-726710924	S2-982714026,S2-953198229,S3-102489596
S1-726767510	S2-225491308,S3-765197450
S1-726773399	S2-435210462,S2-600932448,S3-750903586,S3-891457557
S1-726784072	S2-208047859,S2-469308257,S2-71632221,S3-306020340,S3-762869433,S3-965633461
S1-726810064	S2-347524299,S2-463743415,S3-67807872
S1-726810881	S2-506961062,S3-929283153,S3-572719058,S3-978202343
S1-726832586	S2-792097777,S3-410054185,S3-541874108
S1-726860947	S2-785034819,S2-584266606,S3-899830010,S3-279193013
S1-72689700	S2-451972993,S2-881641677,S3-421740841,S3-919115084
S1-726951350	S2-649006294,S2-555775871,S3-529042606
S1-726967996	S2-855659517,S2-610371357,S3-586652540
S1-726997909	S2-225458097,S3-598859582
S1-727084137	S2-872020438,S2-601576124,S2-263922002,S3-442280102,S3-353025674
S1-72713482	S2-989327111,S2-220135500,S3-625609293,S3-86823269
S1-72733866	S2-299572937,S2-702964705,S3-479931474,S3-368965781,S3-632723275,S3-125744500
S1-72737248	S2-591004553,S2-543106270,S2-629400464,S2-28543531,S3-996851013,S3-409040533
S1-727603875	S2-427520226,S3-784967070,S3-520952420,S3-21538114
S1-727630079	S2-694667779,S3-450361066,S3-404298660
S1-727698297	S2-278296813,S3-454520890,S3-570378285,S3-536250207
S1-727746667	S2-611601584,S3-150159076
S1-728007529	S2-405334586,S2-633160350,S2-803165258,S2-286435851,S3-643569666,S3-199106145
S1-728067587	S2-383908467,S3-348603086,S3-444037135
S1-728106256	S2-476850957,S3-869699822
S1-728280975	S2-332367159,S2-849493566,S3-630512883,S3-892604958
S1-728329857	S2-895731228,S2-311659291,S2-490151943,S3-204607204
S1-728445738	S2-770865717,S3-333436053
S1-728466574	S2-737373919,S3-286620980
S1-72850017	S2-49829344,S2-486156167,S3-949300834
S1-72851182	S2-332532853,S3-825611984
S1-72857466	S2-837159166,S3-514859951
S1-728578637	S2-118237542,S3-557126400,S3-436029828
S1-728655275	S2-420207409,S3-61674540,S3-304538995,S3-682742700,S3-981050949
S1-728668002	S2-142154854,S3-26205591,S3-863043781,S3-932520819,S3-454346241
S1-728727911	S2-648501585,S3-129767681
S1-72875762	S2-108397457
S1-728777882	S2-915301159,S2-483194571,S3-592984946,S3-751693100
S1-728784370	S2-111092595,S3-479542919,S3-662579396,S3-308389495
S1-728899345	S2-7392205,S2-680031884
S1-728916465	S2-371384283,S2-13651043,S3-467629509
S1-729027785	S2-777171321,S3-556260503,S3-319284688
S1-729049198	S2-948318278,S2-897752380,S2-59362313,S2-551091494,S3-605670473,S3-172428113,S3-78653609,S3-154899206
S1-729057632	S2-512146136,S2-308583072,S3-274013723,S3-716568483,S3-590539901
S1-729062702	S2-754213692,S3-283235010,S3-588999783,S3-276807165
S1-729105076	S2-602042631,S3-273704229
S1-729250204	S2-305168958,S3-679001467
S1-729365304	S2-278161998,S2-267430843,S3-806802757,S3-227128725,S3-321203897,S3-895692584
S1-729482194	S2-865387585,S2-684637165
S1-729558447	S2-453121735,S2-952982063
S1-729606590	S2-180601258,S2-630924130,S3-57176922
S1-729665787	S2-601240692,S3-951114572,S3-663115070,S3-202488485,S3-959503724
S1-729679958	S2-587379954,S3-857620203,S3-16279923
S1-729693240	S2-512697651,S3-376070550
S1-729782615	S2-773800897,S2-849188170,S3-997393219,S3-591744427,S3-954407907
S1-729786368	S2-273051481,S2-352353171,S3-36935764,S3-724404044
S1-729807425	
S1-729905013	S2-565016120,S2-155059116,S3-402122002,S3-312250462
S1-729936686	S2-391392257,S3-824913218,S3-520955917,S3-5866076
S1-729943555	S2-396883728,S3-355865932,S3-858830265,S3-886352838
S1-729949771	S3-441204222
S1-730063997	S2-389191544,S3-717287898,S3-900357432,S3-162485323
S1-730073362	S2-896963780,S2-958936057,S2-149830628,S2-117279808,S3-358584263
S1-730162233	
S1-730201765	S2-674433336,S2-466820746,S3-328154121,S3-352769152,S3-647477934
S1-730302205	S2-62383894,S3-415960844,S3-354062318
S1-730511631	S2-543033936,S2-435238131,S3-854049399
S1-73053470	S2-70789555,S2-385185088,S3-992065093,S3-792552782
S1-730786368	S2-668882563,S2-257586365,S3-426013914,S3-654320406,S3-95449660
S1-730907406	S2-284332922,S3-134585064,S3-101623812
S1-73091658	S2-711323942
S1-730953276	S2-24635711,S2-421068628
S1-731078670	S3-240938384,S3-472178135
S1-731110431	S3-477498192,S3-933751831,S3-395024615
S1-7312102	S2-819788309,S3-104118109,S3-748236775
S1-731268100	S2-38101041,S3-773526259
S1-731405639	S2-316493311,S3-914333534
S1-731411816	S2-382433770,S3-232019073,S3-119603626
S1-731424546	S2-444282101,S2-46886475,S2-640627172,S3-708330044
S1-731512735	S2-825215893,S2-450195469,S2-915303347,S3-894335552,S3-335728126,S3-64967434
S1-73170674	S3-203884794,S3-866229396
S1-731722030	S2-694666804,S3-524653902
S1-73177745	S2-319388647,S2-223569643,S2-81585149,S3-57253244
S1-731830780	S2-643189391,S3-968885220,S3-920130866,S3-692038733,S3-209662942
S1-731892234	S2-448284278,S2-726588772,S2-879753236,S2-934469470,S3-547721868,S3-588547840
S1-732034259	S2-67742082,S2-231659551,S3-134732223
S1-732055764	S2-174545294,S3-401486545
S1-732077231	S2-74015534,S3-759151300,S3-638287605,S3-387358876
S1-732110875	S2-864293930,S3-445855131,S3-871374244,S3-353991628
S1-732164981	S2-630522212,S2-479798382,S3-301911889,S3-462903145,S3-812632308
S1-732263133	S3-577252088,S3-400903062
S1-732351348	S2-501741014,S2-587513961,S2-449096813,S2-304875474,S3-553084474,S3-414652215
S1-732382164	S2-582836982,S2-770446725,S2-103562618,S2-290394773,S3-418818192,S3-472339730,S3-87274144,S3-459342299
S1-732415643	S2-156989057,S2-312971538,S3-544313582,S3-834633351
S1-732444293	S2-185063391,S3-732315003
S1-732492172	S3-593858596,S3-469425193
S1-732599445	S2-326995031,S3-155309178,S3-887213826
S1-732687278	S2-922327114,S2-853374779,S3-788326863,S3-666515727
S1-732687625	S2-84920948,S3-106604309,S3-804835249
S1-732756128	S2-855017355,S3-211341591,S3-215002468
S1-732788146	S2-746671335,S2-750947884,S2-928198192,S2-406974058,S2-778106830,S3-506459469
S1-732790132	S3-474794697,S3-330689458
S1-73279578	S2-967391876,S2-626584224,S3-376699758
S1-732914496	S2-18613560,S2-414933811,S3-699562672,S3-779480553
S1-73302466	S2-852812535,S3-763011575
S1-733071354	S2-919203107,S2-434087618,S3-305902177,S3-82307194
S1-733078148	S2-447666353,S2-97847557,S2-938097404
S1-733082815	S2-699847300,S2-939271094,S3-149148722,S3-308213428
S1-733104941	S2-3008218,S2-157519339,S3-302966528
S1-733105401	S2-498200224,S3-93955642
S1-733153542	S2-891698872,S3-591722041,S3-509578153
S1-733241126	S2-765521848,S3-699196303,S3-45237273,S3-705200706,S3-496642080,S3-512768369
S1-733280280	S2-63226629,S3-841341977,S3-772392169,S3-441612145
S1-733281398	S2-242063332,S2-781638058,S3-828754756,S3-901194399
S1-73334454	S2-118674061,S2-172082282,S3-483456981,S3-101956432
S1-733447323	S2-638684729,S2-470255214,S2-892086502,S3-727900514
S1-73349413	S2-387918534,S2-224256795,S3-521480005,S3-80726192,S3-278463441
S1-73368985	S2-966301560,S2-371215834,S2-877442195,S3-755393321
S1-733758440	S3-566204172,S3-637031553
S1-733773480	S2-145791350,S2-811896671,S3-657930621
S1-733789615	S2-69070696,S2-446626550,S2-395832535,S3-273720115,S3-988790633,S3-897264237
S1-733798677	S3-258468009,S3-388526184
S1-733818252	S2-209452787,S2-756488370,S3-781246422,S3-346898106
S1-733848508	S2-321998429,S3-368635185,S3-470739440
S1-733899618	S2-234691360,S3-680186912,S3-787815598
S1-73400549	S2-476034549,S3-735393924,S3-7438148,S3-754545181
S1-73424898	
S1-73435941	S2-108488904,S3-591811368,S3-461605522
S1-734378278	S2-117855688,S3-956343876,S3-138528341,S3-217508129
S1-73445978	S2-658944813,S2-236614577,S3-19560791,S3-526544311
S1-734474690	S2-562720414,S3-384130769,S3-196012336,S3-120571317
S1-734501501	S2-243393856
S1-734547025	S2-300382656,S3-810239215,S3-420079586,S3-194019204
S1-734576395	S2-355317463,S2-986108583,S3-941744528
S1-734610332	S2-761050909,S2-913202801,S3-131558157
S1-734683126	S2-890672950,S2-788665902,S2-417939105,S3-539704808,S3-799429614
S1-734770541	S2-557743209,S2-837853298,S3-759832955,S3-718652118,S3-354178009
S1-734785224	S2-643914953,S2-358013150,S3-293069417,S3-772216648,S3-102246372,S3-661745326
S1-734879491	S2-986898003,S3-268223419,S3-323050636
S1-734960976	S2-478295711,S2-92586661,S2-13268415,S3-217431824,S3-624976858
S1-734966697	S2-546992241,S3-59955275,S3-154508305,S3-626786410,S3-52605026
S1-734981646	S2-149013357,S2-532992316,S3-142645085
S1-735025814	S2-737016453,S2-983297295,S2-160209499,S3-430387609,S3-742778107,S3-394512942,S3-411015731
S1-735048361	S2-516869123,S2-651629694,S2-276206360,S3-777921337,S3-608201595
S1-735191199	
S1-735198198	S2-764547245,S3-386255730,S3-274230835,S3-689180364
S1-735217000	S2-65371264,S2-849135709,S3-509102647
S1-73523495	S2-783271786,S3-44955410
S1-735289637	S2-8411231
S1-735365033	S2-860135747,S2-149790469,S2-391349824,S3-6034078,S3-351362407,S3-506796392
S1-735373858	S2-47935849,S2-354888194,S2-840260309,S2-457178474,S3-389157467
S1-735438875	S2-354861110,S2-293463362
S1-735538361	S2-359278197,S2-845293201,S3-426474950,S3-723490628,S3-855035593
S1-735566138	S2-732662630,S2-560307631,S2-668183541,S2-799531726,S2-80229059,S3-109889355,S3-919399266
S1-735642357	S2-13695978,S2-741996002,S3-598564264,S3-577469840,S3-901001638
S1-73578269	S2-347993931,S2-51873634,S3-47783098,S3-121549318,S3-132855391
S1-735914268	S2-375047796,S2-133594162,S3-536523968
S1-736036420	S2-493235103,S2-191953965,S2-548443939,S3-439631861,S3-779093352,S3-627361767
S1-736057481	S2-348060930,S2-876588059,S2-252513891,S2-456606752,S3-878860729,S3-130820310,S3-124239722
S1-736121112	S2-259325301,S2-403697909,S2-200330402,S3-344666722,S3-605914076,S3-93096069
S1-736138954	S2-451900834,S3-572075415,S3-599671049
S1-736246143	S2-956495921,S2-349705201,S2-96638607
S1-736321415	S2-348971337,S2-998735416,S2-974086891,S2-189756476,S3-401161399,S3-876187063
S1-736387594	S2-283615036,S3-288930023,S3-355029454
S1-736469324	S2-863676333,S2-958630853,S3-693865430,S3-615289648
S1-736582902	S2-287216901,S3-126581748,S3-82660957
S1-73665690	S2-947903591,S2-280738562
S1-736674992	S2-956214225,S3-852307281
S1-736709781	S2-126988204,S3-962526249,S3-25768779,S3-917604148
S1-736918498	S2-696831669,S3-112804633,S3-513552662
S1-736937935	S2-857356282,S3-629377176
S1-736983807	S2-223429419,S2-828820731,S3-874680814,S3-950719806,S3-810445535,S3-148864624
S1-736988780	S2-955835575,S3-54404447,S3-573538395,S3-494047770
S1-736998047	S2-276674403,S2-467874396,S3-538053066,S3-475951726,S3-266048466
S1-737004245	S2-67047219,S3-956082996
S1-737060961	S2-959051650,S3-39274318,S3-121473503,S3-707420833
S1-737075059	S2-611993317,S2-474935322,S3-781835129,S3-315837188,S3-842377630
S1-737102576	S2-57656613,S2-463234829,S2-675022831,S2-733458209,S3-683519431
S1-737129450	S2-594941533,S2-313971674,S3-270100370
S1-737244440	S2-514050605,S2-181137786,S2-316275186,S3-640312634,S3-298723742
S1-737334933	S2-485109456,S2-808234913,S2-776796016,S3-934939926
S1-73737376	S2-648151020,S2-473057845,S3-648283280
S1-737425982	S2-897560149,S2-579725877,S3-299827607
S1-73752262	
S1-737605394	S2-436950716,S3-916494168
S1-737639149	S2-457407944,S2-973253987,S2-481616564,S3-402395755,S3-699433275,S3-343891275
S1-737690842	
S1-737703571	S2-184595655,S3-381911730,S3-897112713
S1-737744247	S2-248117468,S3-653719858
S1-737765091	S3-931180993,S3-170713079
S1-737824446	S2-198216882,S2-815068202,S3-11396215,S3-805356273
S1-737840965	S2-715579627,S3-214694151
S1-737859307	S2-722383904,S3-37797915,S3-675493449,S3-490040735
S1-738065175	S2-537311243
S1-738076877	S3-834518231,S3-80529940,S3-604810884
S1-738081503	S2-625333095,S2-184578962,S3-319914056,S3-651927536
S1-738247950	
S1-738372534	S3-270336014,S3-61308468
S1-738402346	S2-899645837,S3-103949069,S3-42872280
S1-738425686	S3-699156486
S1-738536954	S3-587064984,S3-114230497,S3-98490240,S3-899754983
S1-738572267	S2-293872165,S3-378524423
S1-738741895	S2-739753471,S2-967645654,S3-589525453
S1-738744933	S2-778513366,S3-648458857
S1-738798585	S2-23965802,S3-148370085
S1-73881085	S3-607951861
S1-738818356	S2-266714482,S2-122952686,S3-746241629
S1-738865132	S2-639099207,S2-89548875,S2-393688456,S3-237178958
S1-738900315	S2-683553155,S3-560983256
S1-738901166	S2-440782610,S3-923899980
S1-738912939	
S1-739093957	S2-6210889,S2-435787939,S3-572613693,S3-662409558
S1-739145179	S2-386484890,S3-333677192
S1-739170684	S2-58481207,S2-279061066,S2-48200624,S3-490499663,S3-182655380
S1-73917263	S2-989977571,S2-766989732,S3-382517739,S3-348502130,S3-621452588
S1-739330403	S2-493294690,S2-122041654
S1-739338524	S2-549359715,S2-704152696,S2-952559353,S3-287720352,S3-155594881
S1-739737635	S2-446536678,S3-169776119,S3-841395427
S1-739816210	S2-144439653,S2-423134195,S3-17724058
S1-739884820	S2-396855702,S2-782807546,S2-173057933,S2-6097304,S3-968964513
S1-739987279	S2-872576880,S3-705833451,S3-762983110,S3-364822240
S1-740046045	S2-691867754,S2-99176914,S3-617196849,S3-909187681
S1-740062694	S2-487707491,S3-816209830,S3-186365247,S3-508780997
S1-740148854	S2-872541111,S2-959349561,S3-527083717,S3-843161500
S1-740341446	S2-573907931,S2-8308412,S3-839730868
S1-740384756	S2-66135842,S3-972945786
S1-740473497	S2-874936280,S2-211948495,S3-823771876
S1-740492895	S2-918101281,S2-801664648,S3-479458967,S3-632874177
S1-74052775	S2-285778719,S3-381352307,S3-490193694
S1-740542168	S2-695845461,S2-547583575,S2-484571697,S3-859981005,S3-852731222
S1-740577133	S2-901302317,S2-371516413,S3-469851692
S1-740597674	S2-290865659,S2-710632717,S3-299977944,S3-498613130
S1-740599567	
S1-740634950	S2-513107149
S1-740677522	S2-622981206,S3-648427687,S3-799357715
S1-740695074	S2-387964709,S2-986486878,S3-290515271,S3-951827437
S1-740696187	S2-267954398,S2-313303240,S3-670862037,S3-668771405,S3-294920739
S1-740706164	S2-794488612,S2-287579081,S2-117831911,S2-653517570,S3-669931976
S1-74070876	S2-544538338,S3-671698411
S1-740748128	S2-3743879,S2-67420082,S2-158902909,S3-658452751,S3-45928354
S1-740769570	S2-628340413,S2-357764149,S2-169194228,S2-429896516,S3-527227626,S3-779180010,S3-980375289
S1-740839362	S2-495725285,S2-815638951,S2-494521977,S3-104784965,S3-817832613,S3-749235882,S3-815477194,S3-556486524
S1-740855933	S2-497425083,S2-822209813
S1-741017641	S2-663742931,S2-318230453,S2-330628984,S3-183179466,S3-440671799
S1-741021937	S2-281019487,S2-944039494,S2-284416177,S3-863973371,S3-281968733
S1-741131370	S2-436027151,S3-728078054,S3-124479860,S3-163604714
S1-741134134	
S1-741143901	S2-222016173,S3-880057873
S1-741158896	S2-676105313,S2-249270290,S3-752231786,S3-216915922,S3-286408795
S1-741241348	S2-738178951,S2-6433076,S3-786067567
S1-741324507	S2-923333132,S2-734078757,S3-635606759,S3-760501083,S3-640916777
S1-741367540	S2-343638241,S2-569824841,S2-790990188,S3-493302335
S1-74139847	S2-88481533,S3-503408770
S1-741425939	S2-941306059,S2-150737452,S2-687239869,S3-145755856,S3-598963741
S1-741495321	S2-172310076,S2-759689513
S1-741504286	S2-717689331,S2-599325427,S2-373483120,S3-651475429
S1-741563930	S2-920266404,S2-476766114,S3-705149896,S3-781228790,S3-111805123
S1-741577185	S2-121937747,S3-103380751
S1-741596798	S3-689200621,S3-335458761
S1-741633474	S2-639381297,S3-124164475
S1-741655711	S2-323607476,S2-255860044,S2-129805306,S3-191212057,S3-581455923
S1-741660009	S2-993696121,S2-889086317,S2-776017055,S2-698566802,S3-735755575,S3-755935655
S1-741676155	S2-982963347,S3-623547094,S3-12119885
S1-741710552	S3-350645914
S1-741721028	S2-162762153,S3-224622622,S3-819488914
S1-741796361	S2-844187044,S2-357421950,S3-833411746,S3-603766393
S1-74188921	S2-102406323,S3-671818148
S1-742066928	S2-4857322,S2-200606207,S3-400307894,S3-300101839
S1-742203051	S2-617179977,S3-626022637,S3-79667695
S1-742309206	S2-72802287,S2-184106616,S3-809749820,S3-607300126,S3-328504370,S3-871752893
S1-74233306	S2-971053680,S3-530076070
S1-7423592	S2-352530717,S2-833225952,S3-377548260
S1-742491426	S2-735156840,S2-668023946,S3-980451178,S3-186131036,S3-723193390
S1-742507512	S2-78028700,S3-639822147,S3-826444590
S1-742511363	S2-659950005,S3-480527414
S1-742559412	S3-718811275
S1-74256012	S2-672980844,S2-156066100,S3-329605814,S3-60471933
S1-742679933	S3-136393256,S3-936601659,S3-449779980
S1-742688158	S2-506647913,S2-67404848,S2-657930087,S3-208205946,S3-187773299,S3-578034601,S3-452325583
S1-742703678	S2-348179613,S3-809663576
S1-742782146	S2-164441103,S2-116524763,S2-414267715,S3-296047713
S1-742782643	S2-600648924,S2-611770246,S2-467626581,S2-718029349,S3-394331027
S1-743006262	S2-478334995,S2-366565067,S2-928711400,S3-876501931,S3-546231896,S3-243980923
S1-743113579	S2-255297077,S3-68948002
S1-74333679	S2-536312605,S3-632664108,S3-673825521,S3-740086531
S1-743346098	S2-826040179,S3-312612642,S3-576521438,S3-432485993
S1-743355798	S2-670333391,S2-307948060,S2-291718983,S3-496174466,S3-25834830
S1-743386518	S2-462828510,S2-563317722,S2-908448600,S3-681577833
S1-743410982	S3-803666927,S3-243910827
S1-743454338	S2-733547261,S3-644535965,S3-669007312,S3-336589039
S1-743461461	S2-942004056,S2-864562864,S3-781735437,S3-114846920
S1-743528745	S2-189521375,S2-500392013,S3-496777240,S3-842739927
S1-743565180	S2-853635835,S2-192848196,S3-210313692,S3-24192455,S3-151196320
S1-743595283	S2-411380655,S2-626040176,S2-362029801,S3-248172458,S3-958136494
S1-74366893	S2-856637669,S2-850245091,S3-200321675
S1-743687907	S2-325853103,S2-492455242
S1-743721746	S2-327562250,S2-323128376
S1-743864993	S2-707208692,S3-356916938
S1-743923395	S2-518098495,S2-681176034,S3-509474494,S3-543752103
S1-743942201	S2-476636857,S2-617248777,S3-604614179,S3-204124533
S1-743957298	S2-310981352,S3-722151285,S3-726535358
S1-743973086	S2-822934045,S2-167023380,S2-943190440,S2-310232362,S3-961185811
S1-743985879	S2-11642074
S1-744034325	S2-141113974,S3-65873149
S1-744103982	S2-322701014,S2-545610606,S2-347185180,S2-224301843,S3-936750477,S3-123768950,S3-240422193
S1-744106637	
S1-744151450	S2-782925302,S3-135502716,S3-515457730,S3-757066470
S1-744239447	S2-463614565,S2-139133850,S2-176025011,S3-784069730,S3-15073418
S1-744362525	S2-336973244,S2-907655637,S2-393075449,S3-420719810
S1-744642501	S2-473665438,S2-982566548,S2-73203257,S2-67805638,S3-47939808,S3-877459791
S1-744675498	S2-379381826,S2-956831427,S2-395136424,S3-920512020,S3-303536361,S3-376880826
S1-744745758	S2-164851865,S2-392366495,S3-3570683,S3-375129663
S1-744763555	S2-268710686,S3-432089477
S1-744781134	S2-772913743,S2-390187748,S2-611375621
S1-744820900	S2-454855129,S2-671733627,S3-786279583
S1-744852794	S2-449123035,S3-88747714,S3-176392342
S1-744891419	S2-218595398,S2-753418868,S2-522466536,S3-593056496
S1-744981637	S2-905634700,S2-961457151,S2-977566201,S3-222288787
S1-745006607	S2-462550107,S3-212069728,S3-850672127
S1-745012557	S2-634635870,S2-478899449,S3-554725679,S3-819735111
S1-745036320	S3-343975699,S3-285483608
S1-745129185	
S1-745172422	S2-511760891,S2-833819241,S3-630895394
S1-74519122	S2-790746884,S3-949888815,S3-202677613
S1-745221028	S2-518833123,S3-567253627,S3-135946962
S1-74522523	S2-274549845,S2-635401716,S2-647435620
S1-745260730	S2-395866040,S2-591572178,S3-878611690,S3-555554234
S1-74529100	S2-785161012,S3-621584845
S1-745383724	S3-735711443,S3-296361102
S1-745399495	S2-941772714,S2-820391475,S2-52815883
S1-74548423	S2-654826351,S3-147319231
S1-745491259	S2-72719363,S3-698010278,S3-348529822
S1-745619378	S2-287570226,S2-845703219,S2-814420511,S2-594803805,S3-729970443,S3-69072434,S3-743646841
S1-745633819	S2-314894663,S2-749394558,S3-508721086
S1-74564023	S2-931020431,S2-248635928,S3-438019707,S3-183920194
S1-74579148	S2-802903630,S2-646377897,S3-703248571
S1-745844109	S2-151751374,S3-561944608,S3-768695009,S3-850145676,S3-433925451
S1-746017776	S2-405022713,S3-717479902,S3-881088510,S3-357308415,S3-839014528
S1-74607250	S2-56824026,S3-39872601,S3-535797949
S1-746353911	S3-214985896
S1-74650323	S2-14739473,S3-15917547,S3-827310043
S1-746537173	S2-676607448,S2-728572298,S2-889311722,S2-351377087,S3-697263827,S3-744131519
S1-746630044	S2-638913762,S2-100350021,S2-867687697,S2-979838218,S3-539657086,S3-310222352,S3-539373433,S3-259166687
S1-74663728	S2-527148195,S2-93013712,S2-663565858,S3-724838701
S1-746694529	S2-469311802,S3-994758475,S3-43750685,S3-752435260,S3-274945609
S1-746713280	S2-537709371,S3-181582663,S3-891103222
S1-746836547	S2-375369677,S3-816388197,S3-74515646,S3-599024022
S1-746842851	
S1-746868426	S2-110531564,S3-597692233,S3-418671130
S1-746911111	S2-55201970,S2-463723160,S3-27273188,S3-742335786,S3-842010986
S1-746976674	S2-672462736,S3-886143924,S3-836113266
S1-746990148	S2-789868636,S2-680653943,S3-653479042,S3-187450736
S1-747031560	S2-488265316,S2-576779239,S2-302490318,S2-202776530,S3-488144622,S3-341772171,S3-166025001
S1-747061234	S2-622116620,S3-305222062,S3-952865717
S1-747115229	S2-120498555,S3-361490540,S3-280422824
S1-74711825	
S1-747123242	
S1-747141138	
S1-747166037	S2-78873102,S3-874102894
S1-747168910	S2-892507078,S2-210544630,S3-9873919,S3-776432983
S1-747201127	S2-443513436,S3-358999476,S3-740798020
S1-747242974	S2-666010830,S3-273116344,S3-648018115,S3-837331105
S1-747541774	S2-742034827,S3-309204869
S1-747648909	S3-811894763
S1-747718311	S2-294137721,S2-663812736,S2-35052236,S3-674343339
S1-747718683	S2-125888646,S2-434652005,S2-490599525,S3-453432057,S3-628123949,S3-44328897,S3-297769689
S1-747808304	S2-64008759,S3-45771739,S3-696527532,S3-545551590
S1-747847050	S2-333383296,S2-716799562,S2-258234743
S1-747881475	S2-676940026,S2-439070120,S2-322835522,S3-819340787,S3-893105114,S3-867251093,S3-137167431,S3-419199012
S1-748116749	S2-288231951,S3-198373432
S1-74816877	S2-69838755,S2-799134891,S3-688032858,S3-966419562
S1-748190488	S2-963827248,S3-584297019,S3-307033826
S1-748277157	S2-409753323,S3-849262969
S1-748454018	S2-949259521,S2-452558808,S2-812223840,S3-526296927
S1-74848571	S2-45953190,S2-946968163,S3-313316155
S1-748597472	S2-630214962,S2-615245386,S3-752024993
S1-748598496	S2-827879766,S3-660792919
S1-748644103	
S1-748758972	S2-685269856,S3-402990710
S1-748794737	S2-401815348,S3-719692738
S1-748814062	
S1-748818776	S2-759255320,S3-763718284,S3-402084348
S1-749004338	S2-406389135,S2-923507365,S3-982905752
S1-74901626	S2-858226770,S2-929780044,S2-990449745,S2-600747692,S3-391494307,S3-909764371,S3-333801693
S1-749128950	
S1-749220204	S2-483043902,S2-357235093,S3-946373103,S3-928276755
S1-749227276	S3-964383714
S1-749241094	S2-277992117,S2-209477610,S2-257743334,S2-447527037,S2-187263188,S3-595548747
S1-749270356	
S1-749290196	S2-976534813,S2-95719549,S2-546788936,S2-65512809,S3-512593464,S3-99331353
S1-749367309	S2-121656407,S2-18053183,S2-456742982,S3-388818866
S1-749414931	S2-372384416,S2-871593813,S2-548034858,S3-78631138
S1-749446453	S2-119749052,S2-495443745,S3-151646654
S1-749478063	S2-104988276,S2-876665162,S2-533349232
S1-749566237	S3-869515306,S3-862091687,S3-143791118
S1-74958802	S2-229405910
S1-749642512	S3-85869894
S1-74968187	S2-543911022,S2-995868396,S2-12394360,S3-759580837
S1-749694031	S2-802161968,S3-992613637
S1-74973157	S2-405313470,S3-778484568,S3-397751805,S3-496940553
S1-749789116	S2-834910307,S3-956819646
S1-749811795	S3-11398304,S3-45542238,S3-535750502
S1-749932837	S2-933006763,S3-558903826
S1-749947879	S2-363276891,S2-432281710,S3-606790862,S3-650271413
S1-750054117	S2-85874774,S2-151864519,S2-996496435,S2-893855055,S3-989678328,S3-837296392,S3-990722377
S1-750350741	S2-886204794,S3-64454737,S3-849276752
S1-75040522	S2-540452662,S2-437857508,S3-265208586,S3-760131516
S1-750407023	S2-356231603,S2-151668873,S3-134137853,S3-99764218
S1-750483709	S2-595703540,S2-103470507,S3-372412148,S3-613543108
S1-750523649	S2-576388399,S2-830700237,S2-597660927,S3-249721036,S3-330790723
S1-750616908	
S1-750844342	S2-233526301,S2-922188619
S1-750997609	S3-268240181
S1-751060351	S2-881882788,S3-169870318
S1-751353519	S3-223636847
S1-75142025	S3-841646568,S3-806457144
S1-751455048	S2-539705743,S2-871724129,S2-949239689,S3-297385680,S3-249198621,S3-423221953,S3-948746696
S1-751498160	S2-549272564,S2-14827032,S3-405605180,S3-227211332
S1-751748939	S2-995503681,S2-9543917,S2-352659222,S3-951865371,S3-364194356,S3-131523209
S1-751764959	S2-305272038
S1-751830467	S2-236484394,S2-380859224,S2-482096741,S2-822502126,S3-762201708
S1-751889063	S2-555554457,S3-133544710,S3-726875975
S1-751935958	S2-67379912,S2-916804507,S3-114640094
S1-752086483	S2-695712936,S2-682649423,S2-578192592,S2-621013746
S1-752190177	S2-839616266,S3-152417464,S3-875481474
S1-752248767	S2-156926907,S3-750914355
S1-752285432	S2-961960559,S2-723293439,S3-565599345
S1-752314481	S2-631494568,S2-34092054,S3-123905332,S3-243599074,S3-837061420
S1-752328456	S3-910016893
S1-752353385	S2-231024394,S3-830645796
S1-75235663	S2-901916024,S3-773666904,S3-736246265
S1-752375437	S2-669138441,S3-262754706
S1-752498733	S2-747672327,S2-647036333,S3-489943596,S3-639216184,S3-441558332
S1-752521457	S3-745044429,S3-29118060
S1-752569147	S2-9627035,S3-243121663,S3-429251733,S3-899716958
S1-752592942	S2-496632865,S2-458381735,S3-42035679,S3-349425571,S3-297784378
S1-752676963	S2-705084202,S3-864845024,S3-412603036
S1-752733930	S2-164464512,S2-537495688,S3-94209719,S3-645372690
S1-752939963	S2-540569117,S3-684823584,S3-673863242,S3-505096500,S3-912963111
S1-752983160	S2-497986847,S3-423691449,S3-747312868,S3-955578255
S1-753020259	
S1-753061104	S2-714219215,S3-187589957,S3-984945972,S3-933414575,S3-145705730
S1-753135957	S2-952818630,S3-73426393,S3-301434283,S3-227588985
S1-753261452	S2-772626842,S2-526436781,S3-47547866,S3-639282908,S3-425310352
S1-753366089	
S1-753396635	S3-168611805,S3-232410171,S3-727205046,S3-65501367,S3-535052892
S1-753594878	S2-477933345,S3-68827587,S3-680333225
S1-753596336	S2-174481036,S2-974663827,S3-183047782,S3-584466495
S1-753747565	S2-783927892,S3-524379126
S1-75375258	S2-762627620,S2-828837520,S2-2106108,S2-330140618,S3-379499706,S3-205116148
S1-753759776	S2-149274556,S2-865800768,S2-510662447
S1-753783208	S2-195758210,S2-427057129,S2-435949801,S3-593035171,S3-748818581,S3-775254826
S1-753909454	S2-352583095,S2-837222466,S3-544054594
S1-75393349	S2-731415724,S2-804112990,S2-882803298,S3-880314058
S1-754050495	S2-548322457,S3-130417064
S1-75411007	S2-933334862,S3-106678434,S3-319672543,S3-143476644
S1-754114247	S2-458322660,S3-584817052
S1-754163772	S2-553515582,S2-704014411,S3-256909883,S3-994486313,S3-246578835,S3-921756484
S1-754222790	S2-663032401,S2-293820768,S3-29036721,S3-733846525
S1-75433021	S2-687479929,S2-512776984,S2-341486889,S2-997978361,S2-658092180
S1-754358251	S2-136846883,S2-887336603,S2-808684896,S2-893288047,S3-794672088
S1-754408872	S3-478888685,S3-45400443
S1-754417862	S2-744602078,S2-117072323,S2-263395367,S3-555198834,S3-861307301,S3-168012611,S3-162349178,S3-467314530
S1-754423357	S2-577519471,S3-98893127,S3-430925207
S1-754479588	S2-340719567,S2-94835421,S3-266134986,S3-811883462
S1-754557805	
S1-754579877	S2-170532527,S2-68062138,S2-714772909,S3-761688167,S3-289895356
S1-754588555	S2-905526619,S3-34557800,S3-314054195
S1-754681530	
S1-754689606	S3-982748135
S1-754726627	S2-866851671,S3-413853710,S3-963499564,S3-141226743
S1-754793933	S2-981248203,S2-291735178,S3-758545295
S1-754848967	S2-621044869,S3-337924908
S1-754857010	S2-906791719,S3-341020347
S1-754880320	S2-486292328,S2-379597878,S2-770965791,S2-327243808,S3-253500915,S3-594955190,S3-679677791
S1-754892045	S2-147060252,S3-599291292,S3-365631017
S1-754922	S2-276221883,S3-654472500,S3-332131944
S1-754958959	S2-224978823,S2-610719236,S3-53001272,S3-349635807,S3-684591071,S3-707096260
S1-755236585	S2-760628295,S2-98281478,S3-44241833,S3-10432777,S3-660084516
S1-755381344	
S1-755387135	S2-102330924,S2-943664703,S3-329864655
S1-755438708	S2-806348100,S3-72031203
S1-75546090	S2-654763657,S2-968315569
S1-755462443	S3-253305987,S3-252273486
S1-75548837	S2-567297519,S3-186047718
S1-755496379	S2-357543947,S3-729296750,S3-224691618,S3-713188095,S3-870698094
S1-755546342	S2-229541468,S3-989714910
S1-755569338	S2-844044025,S3-99347676
S1-755676838	S2-779998391,S2-865339964,S3-470144591,S3-88780517,S3-477489548,S3-87965055
S1-755679465	S2-427729330,S2-407335095,S2-937839651,S3-785692988,S3-29254550,S3-812857964
S1-755693538	
S1-75574760	S2-495961296,S2-173610961,S3-63170318
S1-755773442	S2-651842132,S2-716730814,S3-689337907,S3-785996661,S3-181483021
S1-755780991	S2-640012029,S3-57109054,S3-924290394
S1-755800646	S2-679408454,S2-910488314,S2-109576094,S3-923588856
S1-755935102	S2-875067690,S2-774453669,S3-841481180,S3-633696558,S3-62930984,S3-508314865
S1-755941575	S2-73541147
S1-756053257	S2-695956369,S2-983335515,S3-903025136,S3-125836414,S3-186785560
S1-756086408	S2-727310758,S2-632117754,S2-763285584,S3-267169776,S3-708321670
S1-756086410	S2-357712082,S3-450851895,S3-816933140,S3-26041182,S3-809205538
S1-756176484	S2-133553187,S3-692919986,S3-491438365
S1-756218904	S2-4614270,S2-628649374,S2-429562466,S3-527684570
S1-756266146	S2-227176096
S1-75637714	S2-776377544,S2-6484122,S2-894850632,S3-661211050,S3-168147346,S3-550209789
S1-756401444	S2-849335639,S2-241698058,S3-475955265,S3-806860914,S3-248379071
S1-756462771	S2-787819437,S2-146486340,S3-499558975,S3-106503371,S3-873291402
S1-756472957	S2-145441256,S2-204055131,S2-31081253,S3-763573145
S1-756479583	S2-549977105,S2-150567910,S2-494256723,S3-43377660
S1-756498484	S2-332802820,S3-700599254,S3-977104473
S1-756515151	S2-212194924,S3-922487003
S1-756565692	S3-379789360
S1-756600684	S2-162533640,S2-39311217,S2-616008203,S3-37077593,S3-262052948,S3-327284472,S3-13284941,S3-567754548
S1-756666344	
S1-756707450	S3-926914236
S1-756785249	S2-572953597,S2-798831907,S2-342311660,S3-387974843,S3-613131752,S3-474114115
S1-75697042	S2-687631883,S2-564166908,S2-958731477,S3-187774008
S1-756994597	S2-854551965,S2-689267388,S3-512301803,S3-224905016
S1-757067781	S2-597468237,S2-808657420,S3-64892217
S1-75707763	S2-266993574,S2-57484233,S3-103550320,S3-462589805
S1-75719533	S2-952706760,S3-620431244,S3-553432762,S3-763262960
S1-757242269	S2-472559083,S3-745834467
S1-757246898	S2-907484927,S3-324512086,S3-771142926,S3-285157832
S1-757265961	S2-678803595,S2-501912815,S3-945818968,S3-806619853
S1-757295036	S2-677526670,S2-356860879,S2-381584541,S3-105495280
S1-757324313	S3-637442660,S3-84076888
S1-757335886	S2-671707979,S3-568186294,S3-926074580
S1-757357269	S2-932539566,S2-638492692,S2-478998780,S2-7872841,S2-532021771,S3-339643510
S1-757398924	S2-551659502,S2-29867135,S3-70255862,S3-296651214,S3-550436717
S1-757401594	S2-880414373,S2-733455083,S3-471204684,S3-747572530
S1-757416245	S3-2636560
S1-757437360	S2-587589958,S2-584356275,S2-875090708,S3-112122551,S3-619675763
S1-757454921	S2-859230154,S3-728618619,S3-444294553,S3-11644190
S1-757610807	S2-574896808,S3-542416814,S3-231042325,S3-669564911
S1-757668881	S2-78345717
S1-757678277	S2-384980739,S2-986609547,S2-610761560,S3-831228200,S3-977377046
S1-757728535	
S1-757741140	S3-39682307,S3-667996931,S3-224069490
S1-757761836	S2-837906360,S2-975526282,S3-609054344
S1-757840850	S2-225593598,S2-864146070,S3-707757901,S3-698726858
S1-757906352	S2-392628130,S2-196185942,S2-301584138,S3-804080342
S1-758005867	S2-185275278,S3-470362526
S1-758032930	S3-238304553,S3-386272763,S3-316375565,S3-888475859
S1-758092976	S2-984060934,S2-547922239,S2-612018625,S3-995193235,S3-617365181
S1-758095481	S2-116571651,S3-366206435,S3-64209836,S3-63556532
S1-758146337	S2-783644227,S2-414780813,S3-753876372,S3-612908770,S3-392225206
S1-758264540	S2-674739437,S2-224285585,S3-956191959,S3-160792582,S3-325115498
S1-758344750	S2-760599405,S2-401289995,S2-653266386,S3-884002317,S3-375651716
S1-758421196	S2-602726406,S2-642683002
S1-758504367	S2-334891097,S2-454544547,S2-365300502,S3-223232254,S3-450283228,S3-498981897
S1-758562835	S2-343509546,S3-430001136,S3-875385754,S3-973246266
S1-758588194	S2-548419322,S2-36723935,S3-945890403,S3-463584942,S3-1509215
S1-758858576	S2-939597382,S2-596598596,S3-776845665,S3-641458024
S1-758897336	S2-68753313,S3-428459359,S3-986342489,S3-234646562
S1-758938975	S2-573181569,S2-98007064,S2-445517263,S3-228967270,S3-51502478,S3-86820753,S3-90506997
S1-758974321	S2-918887497,S2-972369935,S3-958154628
S1-759016652	S2-874316397,S2-836498923,S3-681230148,S3-602729245,S3-113254611
S1-759020169	S2-351354905,S2-964542382,S3-378955265,S3-101939527,S3-704106461
S1-759027407	S2-661655562,S2-733329263,S3-202163694,S3-280775303,S3-321813116
S1-759037407	S2-862524140,S3-210208026
S1-759061681	S2-939151539,S2-689640152,S3-295182640,S3-577772375
S1-759153895	S2-791737294,S2-399321087,S3-603569722
S1-759277286	S2-869151624,S3-71426416
S1-759295199	S2-616636761,S3-207946731,S3-161499134,S3-596145843,S3-820700686
S1-759709725	S2-51318995,S2-686402985,S2-801947485,S2-912962722,S3-873686463,S3-984326321
S1-759803201	S2-499809281,S3-125517864,S3-43505026,S3-837959556
S1-75983491	S2-925451849,S2-822528628,S3-423137062,S3-779980540,S3-140179838,S3-251007361
S1-759874732	S2-687400318,S2-826941994,S2-841622980,S2-306913136,S2-778663836,S3-98193726,S3-61611722
S1-759921024	S2-547235591,S3-358173975,S3-381286735
S1-75992475	S2-994321473
S1-760000194	S2-194893335,S2-161465498,S3-357763821,S3-919794595
S1-76002595	
S1-760099414	S3-591348382,S3-553331871
S1-760110146	S2-878720166,S3-165515878,S3-552443301,S3-982733451
S1-760391693	S2-683442366,S3-323453666
S1-760495291	S2-145568178,S3-127937078,S3-884552838
S1-760590953	S2-43270951,S3-352240272,S3-452093269
S1-760595912	S2-465513151,S3-892188948,S3-228655967
S1-760630687	S2-389259242,S2-751273203,S2-691970324,S3-919820868,S3-517875255,S3-221674937
S1-760680202	S2-472259052,S2-948399350,S3-843603583,S3-993175812
S1-760715988	S2-7892574,S2-830273967,S3-903696283
S1-76072259	S2-427672604,S2-443480772,S2-311431740,S3-797312866
S1-760739720	S2-248921882,S3-720581736
S1-760895087	S2-754992991,S2-967048522,S2-832212773,S3-121165908,S3-480218283,S3-683243380
S1-760905633	
S1-760935698	S2-996383914,S3-336344287,S3-184373493,S3-3526727,S3-466727779
S1-76097412	S2-911134950,S2-632519704,S3-868868186
S1-761092628	S2-356060491,S2-918343465,S3-256013419
S1-761190446	S2-117678993,S3-998132414
S1-761214948	S2-205463780,S2-492778515,S2-281484913,S3-693167719
S1-761217731	S2-259445758,S2-810747109,S2-841322785,S3-901639475,S3-471032951,S3-104659378,S3-692569381
S1-761294371	S2-759639083,S3-101530664
S1-761341694	S3-741404951
S1-761368439	S2-941749530,S2-221772412,S3-125749124,S3-891534848
S1-761451842	S2-693205648,S2-592102203,S3-420411624
S1-761507268	S2-281446734,S2-209414918,S3-598887616,S3-13192746
S1-761596282	S2-604155920,S3-133937774
S1-761609922	S2-65759348,S3-106155843,S3-583346832,S3-791968443
S1-761673452	S2-961685567,S2-337444110,S3-313431012,S3-624217495,S3-747326574,S3-83300093,S3-81998663
S1-761724216	S2-150257374,S2-271825185,S2-822641485,S2-422974923,S3-796850277,S3-408489442,S3-48626793
S1-761750990	S2-461554204,S2-239424259,S3-536716766,S3-775061843
S1-761767824	S3-232068256
S1-761778230	S2-812391097,S3-315672936,S3-490113350,S3-355689169
S1-761816463	S2-471660185,S3-978607881,S3-264451314
S1-761874541	S2-519082507,S3-234503164,S3-993551876
S1-761887612	S2-371456974,S2-152754856,S2-262504699,S3-681254602,S3-743296262,S3-317080513
S1-761901190	
S1-762241152	S2-637691434,S2-962820421,S2-900881623,S3-63959743
S1-7623242	S2-718569151,S2-564397508,S2-688786896,S3-798195597,S3-30900196
S1-762344342	S2-310366508,S3-791710766,S3-129324247
S1-762351714	S2-631800824,S3-725736097,S3-434820472,S3-434265902,S3-158152569
S1-762429432	S2-899387738,S3-54522613,S3-780455984,S3-783600494,S3-960753016
S1-762537069	S2-220420955,S2-572929793
S1-762623324	S2-268619430,S3-614036197,S3-628253170
S1-762973330	S2-820999187,S2-241532094,S2-308960632,S3-307906026,S3-422014995
S1-763012205	S2-197613846,S3-324841792
S1-763146362	S2-726428676,S2-881150431,S3-633854182
S1-763189330	S2-722419326,S2-485253371,S3-839567280,S3-627101861,S3-623797206,S3-173103402
S1-763229250	S3-628360234
S1-763235012	S2-80862075,S2-465610365,S2-533501292,S3-330017762
S1-76326381	S2-853090436
S1-763368005	S2-525107264,S3-581324132,S3-614974253
S1-763398945	S2-607201173,S3-218978433
S1-763501477	S2-683226901,S3-431187984,S3-160466444
S1-7635049	S2-242465525,S2-86812975,S3-898755584,S3-27027971,S3-569254990
S1-763518300	S2-931244762,S2-432111637,S2-59965052,S3-166487482,S3-94596914,S3-284116060,S3-752232799
S1-763531795	
S1-763534574	S2-470548538
S1-763550938	S2-40041370,S2-225682926,S2-904977713,S3-430392035,S3-497288205
S1-763581404	S3-294697455
S1-763744129	S2-295964748,S3-236630775,S3-466699061
S1-763782536	S2-648461480,S3-470502949,S3-276776032,S3-779881600
S1-763933135	S2-339898869,S3-522442304,S3-837739530,S3-886521555
S1-764080900	
S1-764083517	S2-549908040,S2-522070520,S2-447862236,S2-281614614,S3-281306187,S3-764362746,S3-206104
S1-764109870	S2-191449543,S2-425418188,S3-743600723
S1-764110053	S2-652484069,S2-432264969,S2-337804284,S3-602154438,S3-965289856,S3-845212248,S3-9118627
S1-764250989	S2-696475710,S2-704835342,S3-814383486
S1-764293927	S2-197990164,S2-987366380,S3-212013068,S3-19326504
S1-764359119	S2-765726729,S3-66487966
S1-764497430	S2-685216793,S3-807120354
S1-764606932	S2-778843457,S2-757704673,S2-696686809,S3-732995843,S3-568090522,S3-123787116
S1-764723959	S2-654888207,S3-310327125
S1-764839903	S2-291160750,S2-932838477,S2-357690846,S3-297940883
S1-764973000	S2-222056869,S3-591393846,S3-464162889,S3-256331671
S1-764981449	S2-674603846,S3-143843200
S1-764993245	S2-761798281,S3-975074308
S1-764993892	S2-232145241,S2-253056684,S3-342218241,S3-129192635,S3-421144534
S1-765023763	S2-303618927,S2-102989080,S2-646274481,S3-533523309,S3-132677011,S3-69118427,S3-218808179
S1-765082422	S2-555745030,S3-819886403
S1-765086193	S2-958585242,S3-660994356
S1-765201330	S2-997648789,S2-210367386,S2-706856530,S3-706280846
S1-765202671	S2-818586464
S1-765231563	S2-820209312,S2-909633747,S2-861319736,S2-226585359,S3-419914758,S3-378077451,S3-105838276
S1-765246562	S2-520437527,S3-254258274
S1-765264111	S2-982532058,S3-930543485,S3-853955928
S1-765290330	S2-3378999,S3-468889423,S3-994325340
S1-765316035	S2-32504512,S2-93749674,S3-681205123
S1-765324133	S2-392357181,S2-653456414,S2-164548104,S2-695246991,S2-48824208,S3-746731672,S3-531044350,S3-956719966
S1-765360885	S2-64338035
S1-765383840	S2-993929725,S2-327948564,S3-459833029,S3-175873187,S3-791590744
S1-765408517	S2-892634609,S3-182630064,S3-408321534
S1-765532654	S2-289999399,S3-544042360,S3-656755362,S3-644351519
S1-765573419	S2-978030010,S2-345418791,S2-153843549,S3-266271133,S3-259202488,S3-431392802
S1-765640944	S2-234482201,S2-133286971,S3-189815852
S1-765690318	S2-800664104,S2-203429538,S3-215155033,S3-465782777,S3-734020216,S3-466696473
S1-765755222	S2-14476052,S2-599401228,S3-14884670
S1-765772603	S2-977552960,S2-882234710,S2-738694704,S2-386720671,S2-122969751,S3-289583556
S1-765827782	S2-62931213,S3-960496235,S3-88986642
S1-765831891	S2-995692211,S2-125470055,S3-883659031,S3-777514592,S3-395350382
S1-765893531	S2-391823052,S3-252619946,S3-955960866,S3-142437288
S1-765934001	S2-385173540,S3-689787336,S3-638310897,S3-390782880,S3-444174491,S3-851881943
S1-765936914	S2-821083277,S2-326250876,S2-250789322,S2-126372608,S3-418434337,S3-38740465
S1-765938885	S2-316136519,S2-939388959,S3-749600265,S3-810986475,S3-503412821
S1-766004786	S2-193929229,S2-265081350,S3-710210080,S3-109565846
S1-766156890	S2-982328235,S2-312616809,S2-157734740,S2-71795208,S3-800034855,S3-335744420,S3-597346996,S3-542063413
S1-766177133	S2-399637811,S2-355778339,S3-183933013,S3-998323758
S1-766321047	S2-417769654,S3-617633405
S1-766371505	S2-942286995,S3-224690878,S3-928665661,S3-621574867,S3-966900025
S1-766411559	S2-573348799,S3-95421073,S3-90523694
S1-766620080	S2-594562239,S2-664647708,S2-357571827,S3-960219159
S1-766743037	S2-593574419,S3-440393484,S3-449758732
S1-766875495	S2-538906174,S3-65105543,S3-549527559
S1-76702157	S3-287227264,S3-445716268,S3-169574740
S1-767124731	S2-411838072,S2-929298978,S3-580407960,S3-109704565
S1-767162600	S2-551607889,S2-809390242,S2-431613804,S3-216203232,S3-929715966,S3-663425822
S1-767196527	
S1-76722342	S2-557213318,S2-110357669,S3-932956718,S3-17328721
S1-767224722	S2-161593616,S2-107965305,S3-97818546,S3-173625978,S3-748299247
S1-767258684	S2-604407562,S2-19770503,S3-992562373,S3-876341027
S1-767291515	S3-270237528
S1-767472370	S3-303734548,S3-256284195
S1-767507243	S2-782895169,S2-400429658,S3-763043707
S1-767527783	S2-947111894,S3-687509429,S3-14128027,S3-370257913
S1-767600650	S2-624010362,S2-319572136,S3-692879157,S3-580684268,S3-284612714,S3-28963679,S3-882229898
S1-767605934	S2-84162583,S2-249251360,S3-542932560
S1-767637614	S2-643052851,S2-787551733,S2-546768636,S2-234979792,S2-718209,S3-36091236
S1-767654526	S2-838634060,S2-536118374,S3-34771708
S1-76769251	S2-799391655,S2-635137797,S2-228205259,S3-766670854
S1-767693588	S2-250109969,S2-936765592,S2-253334902,S3-555136240
S1-767740756	S2-997528933,S2-639727424,S2-304571458,S3-437272227
S1-76781709	S2-498675393,S2-309217462,S2-345698566,S3-558822398,S3-933512927,S3-425778293
S1-767817911	S3-663246582,S3-853586340,S3-367375304
S1-767821372	S3-694720402,S3-538390481
S1-767827843	S2-98447560,S3-640471260,S3-386432925
S1-767843660	S2-685754316,S3-514447277,S3-620914329
S1-767931594	S2-585659124,S2-297754963,S3-922976318
S1-767967694	S2-939375289,S2-125152478,S2-705328457,S3-422709056,S3-539868224
S1-767987299	S2-917024377,S3-358224867,S3-685093522,S3-168821688,S3-872680558
S1-768058687	S2-506859199,S3-335819319,S3-460688298
S1-768082849	S2-688366562,S3-372310538,S3-702631854
S1-768142635	
S1-768155024	S2-713669927,S2-584878336,S2-838294578,S3-390520329
S1-768216999	S2-429082637,S2-831546964,S2-766720055,S3-111490186,S3-178847484
S1-768221858	S2-957031405,S3-987321069,S3-835050477,S3-156388703,S3-241348304
S1-768336	S2-72535055,S3-886607598,S3-545030459
S1-768351990	S2-296244136
S1-768407955	S2-599273308,S3-460809255,S3-627225523
S1-768487403	S2-765809811,S2-141345179,S3-944776962,S3-769920884,S3-66040457
S1-768513039	S2-778186550,S2-826660216,S3-74408132
S1-768558078	S2-503355512,S2-773766154,S2-597884044,S2-868413846,S3-427743901,S3-6701114
S1-768561061	S2-863727388,S3-418505190
S1-768584119	S2-173829776,S2-834829712,S2-73118782,S3-135250958
S1-768709594	S2-489623602,S3-914933812
S1-768753951	
S1-768766166	S2-255694151,S3-27201092,S3-102124119,S3-453611465,S3-327259924
S1-768778959	S2-793502892,S3-731583131,S3-524946830,S3-439721835,S3-341749897
S1-768851397	S2-104552168,S2-624499142,S2-278541803,S2-992317463,S2-139422861,S3-326504169
S1-768927660	
S1-768934606	S2-152526764,S2-932814079,S3-86959322,S3-612020573,S3-217651601,S3-987982424,S3-235930136,S3-786212111
S1-769010766	S2-146517617,S2-81486769,S3-217379318,S3-945130882
S1-769064708	S2-434676493,S3-724366015,S3-807173449,S3-426005605
S1-769070221	S2-674640057,S3-91570458,S3-350475618
S1-769077208	S2-608696106,S3-197426566,S3-644109982
S1-769097548	S2-437948260,S2-194015883,S3-924111052
S1-769119641	S2-653442001,S3-46030235
S1-769120459	S2-627378885,S2-321552722,S3-306150015,S3-691611059,S3-109588363,S3-428274911
S1-769155138	S2-521905236
S1-769205889	S2-831822147,S2-453072515,S3-884563748
S1-769399553	S2-131417686,S2-916981682,S3-297194682
S1-769406676	S2-605694261,S3-829022505,S3-934596873
S1-769435360	S2-112120565,S2-289733867,S3-871422177,S3-549512353
S1-769485869	
S1-769501510	S2-558204408,S3-640411184
S1-769687932	S2-425719555,S2-114285561,S2-109227339,S3-961751527,S3-854075985,S3-578866268
S1-769776662	S2-946602375,S3-903274180,S3-586596807,S3-431103280
S1-769793910	S2-723770524,S3-128461361,S3-29627752
S1-769945367	S2-495453024,S2-850281324,S3-790718293,S3-824340661
S1-770100809	S2-905905162,S3-56302693,S3-162321584
S1-770132619	S2-123991013
S1-770180572	S2-358359939,S3-665545451,S3-550959055,S3-794548497
S1-770258126	S2-938293818,S3-601126855,S3-413724430
S1-770288547	S2-611567653,S2-85247020,S2-91159073,S3-152428856
S1-770318692	S2-267780742,S2-564787778,S2-680630238,S2-551542442,S3-198363966
S1-770448079	S2-433234657,S2-931960400,S3-945911694,S3-584366463
S1-77054709	S2-376752321,S3-6976762
S1-770589601	S2-647803088,S2-331276996,S2-623153525,S2-7114318
S1-770728166	S2-510235316,S2-280160621,S2-319137243,S3-812313888
S1-770806757	S2-391391722,S3-300898366
S1-770945665	S2-116358870,S3-857153577
S1-770967767	S2-617846373,S2-673137496,S3-472950893,S3-662737778
S1-770972324	S2-473626247,S3-713185131
S1-771021738	S2-99643209,S3-908751857,S3-671880622,S3-140126586,S3-955529052
S1-771039069	S2-31713553,S3-824216727,S3-756450256
S1-771054331	S3-293540766,S3-91797801,S3-442051275
S1-77106137	S2-532644826,S2-90713188,S2-968231327,S3-894779235
S1-771075492	S2-659197423,S3-931016185,S3-942876366,S3-415333939,S3-674925804
S1-771104704	S2-564317397,S2-377939194,S2-930590509,S3-418364949
S1-771152323	S2-34060090,S2-169257444
S1-771281185	S2-549155046,S2-664558147,S2-4996654,S2-54693274
S1-771362325	S2-109296815,S2-315053195,S3-958129117,S3-668570930,S3-204321462
S1-77149264	S2-960340425,S2-928712277,S2-441983695,S2-783685006,S3-720361457
S1-771521713	S2-676420043
S1-771554240	S2-537500011,S3-349093371,S3-599927978
S1-771569846	S2-958753219,S2-379114438,S3-751710128,S3-41419644
S1-771597895	S2-910960879,S2-763008374,S3-518949488,S3-408027459
S1-771642049	S2-43222247,S3-80935705,S3-85805059
S1-771658046	S2-250058383,S2-32815948,S2-963147350,S2-200771899,S3-928227322
S1-771658081	S2-392556163,S3-403702671
S1-771669984	S2-699169542,S2-976178430,S3-951110895
S1-771704351	S2-365751863
S1-771726608	S2-516258737,S2-63247648,S3-544975059
S1-77175051	S2-907860952,S2-415261621,S2-670593904,S3-698703093,S3-105047447,S3-773003085
S1-771750691	S2-645575065,S3-620626577
S1-771764328	S2-6119058,S2-842223793,S3-816517173
S1-771813018	S3-620720582,S3-144594084,S3-394992774
S1-771919009	
S1-771921733	S2-728863390,S2-227957740,S2-512092959,S2-692413498,S3-614779852
S1-771960951	S2-79487607,S3-708080739
S1-771964755	S2-842403224,S2-647742135,S2-69251702,S3-364575579,S3-571598836,S3-393879098,S3-438415363
S1-771967775	S2-237424681,S2-718241001,S3-739174999,S3-68156921,S3-649684336
S1-771984068	S2-274135327,S2-453070863,S3-352239153
S1-771991517	S2-534645085,S3-983072176,S3-376060382,S3-424752208,S3-47902213
S1-771991705	S2-45141634,S2-741706662,S3-590536407
S1-772014695	S2-41083159,S2-478835167,S3-625866057
S1-772028951	S2-127014281,S2-655568259,S3-29671671,S3-983676528
S1-772154469	S2-87275704,S3-163733520,S3-944904521
S1-772315120	S2-903822136,S3-826035615,S3-564342334,S3-860684147
S1-77233901	S2-166308450,S2-333378528,S2-533497219,S2-964996475,S3-73223897
S1-772441156	S2-629824301,S2-575878938,S3-750141554,S3-66980237
S1-772588884	S2-70055749,S3-418002295,S3-956401395
S1-772605234	S2-125694113,S2-777699442,S2-129585636,S3-557697976,S3-81951674
S1-772608726	S2-582957756,S2-543198684,S3-421765542,S3-200445848
S1-772662345	S2-286227451,S2-603074279,S2-843667661,S3-451234612,S3-327830919,S3-569115814,S3-64546445
S1-772715261	S2-746558179,S3-543753672
S1-772783816	S2-967907622,S2-414118324,S3-725374171
S1-772803731	S2-25268731,S2-696941395,S2-222417394,S3-342147541,S3-484688308,S3-99791095,S3-456461092
S1-772828169	S2-459079193,S2-553932980,S2-278635592,S2-970756027,S3-114721248,S3-182430079,S3-30842220
S1-772830355	S3-333813382
S1-772945359	S2-866660493,S3-411068941,S3-287040097,S3-933675143
S1-773111548	S2-887495525,S3-679757361
S1-773139646	
S1-773259587	S2-641295154,S3-477556131,S3-508917754,S3-147605447
S1-773270993	
S1-77330882	S2-407305934,S2-472055001,S3-742436444,S3-583561000
S1-773388223	S2-476580257,S2-756510692,S2-304388647,S3-935909943,S3-855751149
S1-773444095	S2-91900724,S2-628713159,S2-509521063,S3-386180498,S3-127111782,S3-854864770,S3-526460362,S3-283090886
S1-773519458	S2-105928749,S3-720582105
S1-773524813	S2-803640381,S2-774505483,S3-397492354
S1-773565090	S2-754510785,S3-150211387,S3-758859848
S1-773601378	S2-36344603,S3-855565471,S3-270267555,S3-643740550
S1-773643953	S2-419576445,S2-54125530,S3-111159956,S3-421939844
S1-773672843	S2-877579654,S2-607878945,S3-233336198,S3-872441735
S1-773762581	S3-694721992
S1-773785883	S2-774701331,S3-346941625,S3-109199745
S1-773799644	S2-871484580,S3-252918424
S1-773974584	S2-670979749,S2-788915366,S2-55141598,S2-748850687
S1-773985514	S2-778571245,S2-549402777,S2-56365437,S2-392196780,S3-555723298,S3-962714674
S1-774046581	S2-268040212,S2-176987460,S2-45872543,S2-600028152,S3-311203375,S3-596021865,S3-612609478
S1-774052356	S3-537752596,S3-17823493,S3-583335664
S1-774097205	S3-222006135,S3-471594144,S3-975957466
S1-774202412	S2-40300828,S2-146002820,S2-372556466,S3-474161447
S1-774206522	S2-92722293,S2-324556719,S2-618308348,S2-952891617,S3-361816373,S3-411060890
S1-774213868	S2-8809715,S2-21705233,S2-271714532,S3-283429174,S3-747125916
S1-774219097	S2-491285248,S3-674155500,S3-358623692
S1-774240678	S2-418740696,S2-89297941,S3-291425080,S3-89933980
S1-774250933	S2-875584170,S3-673218810
S1-774344925	S2-822997950,S3-155557242
S1-774351091	S2-643721536,S3-853349765,S3-882341166
S1-774458689	S2-584510688,S2-490662349,S2-421279862,S3-581844729,S3-467678621,S3-854067673
S1-774481186	S2-244785763,S2-341643986,S2-218097610,S3-919849596,S3-657485203,S3-196454751
S1-77456337	S2-404817848,S3-62620017,S3-968082648
S1-774569300	S2-396809448,S3-210687530
S1-774662667	S2-921916600,S2-76271403,S3-550501522,S3-828724809
S1-774683802	S2-3393421,S2-546882698,S3-276376342,S3-667805673
S1-774702183	S2-262576102,S3-474972802,S3-346803838
S1-774709125	S2-715368716,S3-529222863,S3-280188543
S1-774970064	S2-761382482,S2-872598582,S3-600332272
S1-77499446	S2-364862511
S1-775207324	S2-171865688,S2-296390970,S3-366886742
S1-775380769	S2-218045620,S2-589821500,S3-583569203,S3-968504691
S1-775408893	S2-654969666,S3-122447125
S1-775463451	S2-400942621,S3-608638205,S3-638686198
S1-775520390	S2-93533967,S2-452989779,S2-780308148,S3-420690606
S1-775571666	S2-351724051,S2-357997901,S3-238330185,S3-102879665
S1-775572552	S2-893999512,S2-765601575,S3-237979737,S3-369134343,S3-32942583
S1-775600509	
S1-77568010	S2-342545007,S3-848888807,S3-718350993
S1-775683665	S2-901023029,S2-835278104,S3-455671481,S3-702936396,S3-340997940,S3-510891835
S1-775768601	S2-916598949,S3-828485012,S3-775279786,S3-478219820
S1-775968275	S3-153971568
S1-775983878	S2-208675362,S2-919449723,S2-847835083,S3-95455736,S3-224270046,S3-622466205,S3-177267341
S1-776160836	S2-372896720,S3-237437358,S3-849581191
S1-776258533	
S1-776576167	
S1-776608778	S3-27517214,S3-548744378
S1-776681966	S2-643863504,S3-191624162,S3-349387896
S1-77668767	S2-966644861,S3-314234948,S3-532864303,S3-895282408
S1-776738197	S2-81506251,S2-217241981,S2-137890274,S3-81818987
S1-776819873	S3-676453757,S3-747134060,S3-258909876
S1-776876036	S2-955685855,S2-2232406,S3-683088686,S3-105884300,S3-368031739
S1-776892497	S2-783527455,S2-855910487,S3-639523644,S3-308508851
S1-776914751	S2-540679209,S2-364618875,S2-278048464,S3-735122554,S3-829662248
S1-776937472	S2-994977040,S2-394331894,S3-36551734,S3-567220027
S1-776959063	
S1-777053065	S2-913399581,S2-922773342,S2-147353261,S3-27763460
S1-777082735	S2-80038643,S3-62032868,S3-232014630,S3-384894343
S1-777101455	S2-875246145,S2-694558355,S3-893036681,S3-849169950,S3-293353403
S1-777246123	S3-662786717,S3-28654539
S1-777283329	S2-682043834,S2-429928183,S2-917835040,S2-717879229
S1-777333210	S2-225234409,S2-284472124,S3-528671077,S3-120631306,S3-468337432
S1-777398041	S2-44704120,S3-794228985,S3-824001034
S1-777443509	S2-79207194,S3-143292116,S3-165809267,S3-835415455,S3-533828568,S3-217660674
S1-777460687	S2-394943236,S3-398735672,S3-312783428,S3-185470134
S1-777525786	S2-482553121,S3-355944229
S1-777642530	S3-490042925
S1-777657730	S2-633541872,S3-770822623
S1-777684575	S2-845530071,S2-336404859,S2-162741314,S3-523945396,S3-191896718
S1-777695243	S2-740272908,S2-200489887,S2-782597894,S3-212852403,S3-840119430,S3-996618287
S1-77779046	S2-474899774,S3-521790784
S1-777793382	S2-774074918,S3-595384417
S1-777796292	S2-284032045,S2-916375645,S2-801730947,S3-689807275,S3-71737493,S3-986908086
S1-77809911	
S1-778108499	
S1-778109946	S2-575343670,S2-524610136,S3-26714971,S3-687220828,S3-882733945,S3-514422574,S3-110749617
S1-778125390	S3-383195813,S3-78471660
S1-778285418	S2-880535456,S2-462899278,S2-783267740,S3-932919423,S3-356659831,S3-757009491
S1-778291313	S2-176882439,S2-268070398,S2-239384709,S3-141345398,S3-523711794
S1-778462682	S2-776888179,S3-917389316,S3-929499173
S1-778590118	
S1-778592120	
S1-778602998	S2-519619637,S2-442193495,S3-135408719,S3-967927845,S3-132237250
S1-778703567	S2-129463393,S3-20044312,S3-652172337
S1-778798783	S2-327240813,S2-337990945,S3-554092567
S1-778898029	S2-83029700,S3-411724442
S1-778906622	S2-764772657,S2-404643296,S3-607675873,S3-440853974
S1-779025803	S2-773630629,S2-310170099
S1-779088146	S2-912435652,S2-178051834,S3-895950953
S1-779088580	S2-314876506,S3-894764679
S1-779136627	S2-471683386,S3-462238804,S3-695246030
S1-779242027	S2-582505528,S2-691443740,S3-320044017
S1-779323744	S3-592916000,S3-589052852
S1-779543532	S2-473786366
S1-779597672	S2-496989361,S2-852851542,S3-366385839,S3-311461953,S3-357518153
S1-77963822	S2-447702111,S2-300247037,S3-417362364,S3-671654192
S1-779707465	S3-665166648,S3-592003522
S1-779715327	S2-833455780
S1-779770206	S2-916094104,S3-686394303,S3-301514712
S1-779778332	S2-169848677,S2-356857709,S2-850699071
S1-779863413	S2-154897428,S3-867416383,S3-379360247
S1-780104624	S2-503356072,S3-108272478,S3-79285468
S1-780247345	S2-275873419,S3-950804045,S3-439652837
S1-780343849	S2-802039724,S3-839426586,S3-850002549
S1-780395686	S2-102085054,S2-954190043,S2-857214888,S2-268311986,S3-78270588,S3-626267343
S1-780434450	S2-685413796,S2-503958019,S3-301201249
S1-780476943	S2-912436898,S2-415609531,S2-315986418,S2-272854043
S1-780599936	S2-555951604,S2-675128399,S3-193633205,S3-377802294,S3-698992274
S1-780610908	S2-627909654,S2-388262026,S3-899887910,S3-171348742,S3-718010839,S3-441653084
S1-780671931	S2-411360819,S2-632916385,S3-23447567,S3-470139242,S3-514003000,S3-587895415
S1-780685809	S3-521806707
S1-780810626	S2-518831398,S3-587553148,S3-583145774
S1-780813120	S2-429991036,S2-893692056,S3-439690450
S1-780928627	S2-778962738,S2-208360881,S2-337009436,S3-704438261,S3-685837865,S3-331534393
S1-78093422	S2-178484464,S2-131014956,S3-208895096,S3-388012680
S1-780980070	S2-710301621,S3-299338523
S1-781041388	S2-293128397,S3-901010711
S1-781041709	
S1-781053172	S2-904282802,S3-603878421
S1-781064747	S2-307133129,S2-735991268,S2-805610360,S2-312424144,S3-324595243
S1-781101266	S2-745597577,S2-139178816,S3-309121095,S3-170016497
S1-781173990	S2-71209270,S2-257765971,S2-757668171,S3-554802091
S1-781174803	S2-779021062,S2-848972057,S2-226404371,S2-628971059,S3-392429938,S3-81825075,S3-507163586
S1-781200120	S2-738910891,S3-573856222,S3-392260470,S3-833793815,S3-957039193
S1-781215843	S2-882043903,S2-101701380,S2-14647153,S3-502369227,S3-648257612,S3-416208192
S1-781232403	S2-670716145,S2-395452743,S2-99108463,S2-118868686,S3-569451581,S3-692820297,S3-10543264
S1-781243951	S2-990641424,S2-232409690,S2-540471779,S3-27373325,S3-187820469
S1-781267309	S2-313833749,S2-234365067,S2-865388841,S3-301702074
S1-781308677	S2-236024317,S3-563614434
S1-781351117	S3-939215958,S3-107465296
S1-781387145	S2-258391728,S2-228370160,S3-139550637,S3-695450448
S1-781435131	S2-648414457,S3-511797979,S3-545721486
S1-781441548	S2-460971384,S2-595506877,S2-46226285,S3-736477841,S3-138985287,S3-776420444
S1-781464454	S2-986154479,S2-381236832,S2-811076984,S3-445963038,S3-785689030,S3-291910403
S1-781491686	S2-457284517,S2-459238768,S2-523858724,S3-520535433
S1-781526612	S2-902470198,S3-275444640,S3-149413489,S3-192823617,S3-787504067,S3-631677322
S1-781593115	S3-588010563,S3-133945850
S1-781634059	S2-964976986,S3-725942734,S3-61759837
S1-781642650	S2-730025678,S3-741865001,S3-67223977,S3-722517142
S1-781674185	S2-310664777,S2-380657896,S2-685167524,S3-573195604,S3-737468782,S3-712506226
S1-781693384	S2-627216653,S3-22425594,S3-316743213,S3-91101211,S3-167320942
S1-781717884	S2-722652761,S2-371436530
S1-78172779	S2-752086095,S3-965464763,S3-417764199
S1-781790956	S2-824620298,S2-705189459,S2-891865040,S3-874472049
S1-781824032	S2-253718911,S2-30449337,S3-63647313,S3-411701745
S1-781899532	S2-154793870,S2-661456949,S3-500893054,S3-528075226,S3-333078193,S3-564651532
S1-781912048	S2-885538008,S2-776331212,S2-821839912,S3-413552007,S3-824760257
S1-781958892	S2-348406161
S1-781969137	S2-53660691,S2-17092988,S3-966593838
S1-782038847	S2-477041450,S3-810997657,S3-463148682,S3-18699429
S1-782089956	S2-913161222,S2-250002074,S3-480178637
S1-782114126	S2-360552129,S2-970016499,S3-948692628,S3-409573897,S3-955194800,S3-375965208
S1-782187577	S2-877648399,S2-678563834,S3-358863652,S3-674380731,S3-49821665,S3-525793036,S3-74417063
S1-782241515	S2-670201918,S2-412963017
S1-782311325	S2-816563648,S3-546749706
S1-782368705	S2-714314304,S3-231140534,S3-160580480,S3-789786532
S1-782476205	S2-135856728,S3-768645182
S1-782628055	
S1-782751359	S2-381468981,S2-474441061,S3-542991714,S3-183226747
S1-78282773	S2-769326675,S2-173593320,S3-897144896
S1-78283291	S2-762614030,S2-611787204,S2-324209356,S3-929874339,S3-600850564,S3-511819488
S1-782845147	S2-787398230,S2-630156533,S2-310077767,S2-106963580,S3-192973221,S3-381335734
S1-782987829	
S1-783049284	S2-308063840,S3-681035927,S3-923655826,S3-563989994,S3-442254351,S3-864408470
S1-783069197	S2-223018472,S2-962152782,S3-380137378,S3-773329880
S1-783163646	S2-780178088,S3-430759710
S1-783212326	S2-576178215,S2-169526378,S2-339081629
S1-783255180	S2-585268555,S3-133366930,S3-535451318,S3-922622227
S1-783261638	S2-82271406,S3-952461321
S1-78332970	S2-309907949,S2-345846703,S3-6791292,S3-164591188
S1-78347656	S2-981289944,S3-555540133
S1-783484747	S2-351066468,S2-907447893
S1-78349048	S2-715251143,S2-360854599,S3-685896939
S1-783533926	S2-587735160,S3-59848474
S1-783574781	S2-450695815,S2-628257901,S2-380646585,S3-946585692
S1-783611599	S2-674281097,S2-935854421,S3-120423503,S3-923126243
S1-783632256	S2-286613805,S3-134748993,S3-628188764
S1-78370048	S2-545029162,S2-136198293,S2-514198159,S3-69222150,S3-490343167
S1-783702629	S2-466096945,S2-515361474
S1-783858671	S2-581581255,S2-247102861,S3-434058618,S3-632966753,S3-794866992
S1-783914074	S2-964209363,S3-719137644
S1-78392346	S2-97371031,S3-27889075,S3-827934184,S3-5361516,S3-620742270
S1-783994420	S2-285109800,S2-930966994,S2-33388965,S3-785859861,S3-656676307
S1-784007385	S2-811976925,S3-704141260,S3-342538241,S3-23737486,S3-544429147
S1-784017016	S3-300333418,S3-948307138,S3-625392851,S3-22858953
S1-784181175	S2-11721384,S2-634646921,S3-697738450,S3-284673371,S3-872890615
S1-784189932	S2-701183750,S3-785720685,S3-380959450,S3-536501082
S1-784281436	S3-24601392,S3-610179918
S1-784423793	S2-417897719,S2-690444703,S2-973678835,S3-638101753,S3-168020396
S1-784439771	S2-697399094,S2-556720796,S3-991044268,S3-370089605,S3-679250771,S3-771320201
S1-784620571	S2-255688170,S3-729650508,S3-222205008,S3-416665355
S1-784686250	S2-310029898,S2-747365857,S3-813063833,S3-202131531
S1-784711688	S2-130324984,S2-409267257,S3-561364610,S3-698170480
S1-784791365	S2-947044640,S3-348843607,S3-660184974
S1-784859917	S2-448477919,S3-589248576,S3-155648734
S1-784873116	S2-659966770,S3-598847313,S3-29939344,S3-35907967
S1-784889312	S2-611310100,S3-655482144,S3-890446983,S3-115158322,S3-473414455,S3-594886209
S1-785045286	S2-72326255,S2-115868100,S3-82072442,S3-640539007,S3-166873375
S1-785146581	S2-928379309,S3-436595070,S3-844973170
S1-785267621	S3-256311945
S1-785277965	S2-776992729,S3-164642964,S3-163016107
S1-785329583	S2-397280868,S2-354393669,S2-922722785,S3-667410703,S3-404861798,S3-364455656,S3-470942213,S3-525738568
S1-785368898	
S1-78539639	S2-241392560,S3-913583274
S1-785475165	S2-510265361,S3-160880949,S3-842167011,S3-732220565
S1-7854767	S2-299749080,S2-327713833,S3-401817421,S3-580740232
S1-78549860	S2-568155265,S2-878424356
S1-785518225	S2-209120548,S2-858956716,S3-339906712
S1-78557163	S2-433200319,S2-609973349,S3-848300321,S3-178769874,S3-104701160,S3-867209358
S1-785588619	S2-990503135,S2-951926803,S3-544625871
S1-785662976	S2-495602393,S3-182648018,S3-583246174
S1-78570639	
S1-785753891	S2-352684658,S3-118793005
S1-785766450	S3-819203311,S3-898746281
S1-785841276	S2-290556539,S2-7460513,S2-19331966,S3-310624173,S3-592707153,S3-307371430
S1-785858479	S3-334231287,S3-682644580
S1-785972416	S2-718782784,S3-229729127
S1-786057684	S2-297188386,S2-293052472,S2-118640248,S3-831085353,S3-909468207
S1-786180345	S2-528210491,S2-667049679,S2-510563930,S3-141711122
S1-786198239	S2-656912126,S3-663055427,S3-8800017,S3-686224301,S3-440240199,S3-572585515
S1-786203844	S2-583463142,S2-744689840,S2-190695495,S3-855734647,S3-50518215
S1-786210154	S2-25674596,S2-883121264,S2-165538002,S3-156144318,S3-776901778,S3-641920748
S1-786263232	S2-489794962,S3-822367050
S1-786344789	S2-331635845,S2-205961377,S3-902917481
S1-786383808	S2-494508462,S2-514279907,S2-311024690,S3-330969332,S3-347624434
S1-786443396	S2-46560613,S2-622913964,S2-989305153,S2-957372893,S3-644009222
S1-786503977	S2-899870484,S2-615294925,S2-754999733,S2-549203672,S2-671589398,S3-203531743,S3-678685925
S1-786598663	S2-838365351,S2-210956618,S3-54982698,S3-985813411,S3-363191831
S1-786703383	S2-314432220,S3-460019294
S1-786739497	S2-941672860,S2-134922785,S3-552242282,S3-958469710
S1-786787178	
S1-78688708	S2-861346800,S2-981210188,S2-667801424,S3-184266397,S3-652031050
S1-787025102	S2-247912713,S2-346727008,S3-320025715,S3-775829127
S1-787025472	S2-384556066,S2-617844135,S2-828972155,S2-947094228,S3-163063080,S3-44466056,S3-225197989,S3-293217845
S1-787202217	S2-121658415,S3-363573510,S3-497958210,S3-107216540
S1-787245844	S2-816796815,S2-126135882,S3-6518807,S3-525025969
S1-787292346	S2-220806835,S3-255652353,S3-131089732
S1-787300108	S3-800403928
S1-787418301	S2-68392008,S2-146987658,S3-581493521
S1-787486704	S2-909329656,S3-735899941
S1-787538962	
S1-787543786	S2-936522892,S2-189995233
S1-787549011	S2-198826958,S2-268510551,S2-968408352,S2-155973631,S3-251396716
S1-787579193	S2-186347997,S3-210139390,S3-90751714
S1-787657881	S3-470007465,S3-229668397
S1-787715047	S2-246359793,S2-871997199,S3-763459586
S1-787899058	S2-926106858,S3-206530860
S1-788103911	S2-467670897,S2-930158693,S3-49960248,S3-377361656,S3-5351777
S1-788168936	S2-538777612,S2-786660831,S2-680248597,S3-555622472
S1-788175134	S2-271842546,S2-426732347,S2-736357178,S2-942106431,S3-497417756,S3-284488426,S3-188810116,S3-741157582
S1-788187922	S2-336922224,S2-845403245,S2-40803135,S3-915279194,S3-699257501,S3-975097512
S1-788212148	S3-579550439,S3-337030213,S3-312149197,S3-998732411
S1-788424178	S3-19197955,S3-417903063,S3-614785980,S3-929529433,S3-237286702
S1-788587374	S2-866948136,S3-399532650,S3-980223745
S1-788608437	
S1-788695917	S2-886032240,S2-931751078,S2-303086929,S3-531035083
S1-788727858	S2-209140660,S2-582521892,S2-794226990,S3-626836278,S3-256966149,S3-985317038
S1-788856813	S2-660632711,S2-811107312,S3-934496912
S1-788950049	S2-699276471,S2-571166164,S2-63606969,S3-177754272,S3-536190612
S1-788952108	
S1-789011801	S2-906164180,S3-347349783
S1-789034740	S2-133320994,S3-258721278,S3-869586868
S1-789178657	S2-1680809,S2-153022144,S3-267598549,S3-883307678
S1-789219499	S2-485881016,S3-813222611,S3-936543126
S1-789290849	S2-128362477,S3-861833212,S3-38706806,S3-265715431,S3-804433157
S1-789408799	S3-71066501,S3-543305294,S3-408513123
S1-789415409	S2-239880781,S2-464331147,S2-12608256,S3-390405889,S3-392736875,S3-560259868,S3-876694150
S1-789680716	S2-699264172,S3-953877460,S3-106017040,S3-724853479
S1-789735385	S2-951493589,S3-265167774,S3-734456953
S1-78980067	S2-466264685,S3-188300699,S3-844487805
S1-789830199	S2-597260362,S2-409533506,S2-277790739,S2-441963382,S3-915270478,S3-415142141,S3-54168830
S1-789901614	S2-731729079,S3-696086293,S3-945308693
S1-789925795	S2-430085100,S3-62505089,S3-527715545
S1-789957853	S2-503267786,S2-546364131
S1-790091672	S3-734296413,S3-29147723
S1-790119730	S2-855342452,S2-37098262,S2-819308429,S3-969219342,S3-396331270
S1-790126164	S2-664863276,S2-805360988,S2-34892374,S3-856476848
S1-790185630	S2-550835917,S3-94573091
S1-790196291	S2-989675518,S3-101086573,S3-906192988,S3-333434701
S1-790222403	S2-331619687,S2-846384434,S3-348033019
S1-790311442	S3-31197111
S1-790315814	S2-898099680,S2-721347299,S2-700008214,S3-477484752
S1-79046209	S2-103690118,S3-939013329,S3-334458158,S3-678249843
S1-790572417	
S1-790652562	S2-370998987,S2-30997080,S3-441732204,S3-427353088
S1-79066926	
S1-790754565	S2-289697808,S2-313122914,S2-955753562,S3-460239233,S3-114049452
S1-790800050	
S1-790807840	S3-697922172,S3-54495440,S3-894686618,S3-901692921
S1-79084748	
S1-790852665	S2-681227223,S3-805528025
S1-790868858	
S1-790869583	S2-559742351,S2-951600491,S3-291793448
S1-790899444	S2-173526535,S2-742962108,S3-212496998
S1-790920154	S3-289522863,S3-963799064,S3-459555598,S3-468228795,S3-855833055
S1-791221275	S2-230893172,S2-881771901,S3-199890505,S3-521621170
S1-791227830	S2-202322678,S3-329382037,S3-735704553
S1-791230543	S2-811760306,S2-402530774,S2-466702584,S3-838228510,S3-606736830,S3-79539639
S1-791276796	
S1-791451288	S2-565134276,S2-721377347,S3-684109596,S3-986537158
S1-791488211	S3-392204058,S3-275921908,S3-7597920,S3-582521058
S1-791497923	S2-540842183,S3-788587148,S3-385804661
S1-791544453	S2-838541565,S2-512486786,S3-712615232,S3-823074662
S1-791590583	S2-308295158,S2-658786678,S3-546126578
S1-791649043	S2-485405165,S2-563021473,S2-584502660
S1-791676112	S2-372091746,S3-347683079
S1-791691792	S2-285438618,S2-842943751,S2-385085183,S3-688765616
S1-791726341	S2-4302990,S3-685037983,S3-537816806
S1-791732037	S3-175043068,S3-442236401
S1-791736609	S2-300562618,S2-77278826,S2-18070246,S2-62981004,S3-405171352
S1-791824298	S2-219289130,S2-161686767,S2-339300591,S2-620976925,S2-18163245,S3-771603783,S3-790188805,S3-635085479
S1-791847557	S3-612481445,S3-523565477
S1-791941692	S2-727575696,S2-738589180,S3-451944949
S1-791945905	S2-921307051,S2-419758219,S2-741085511,S3-837232742,S3-742513351,S3-776391369
S1-791961168	S2-84777487,S2-354175141,S3-326118453,S3-82099885
S1-792009426	S2-596372607,S3-573383919
S1-792013719	
S1-792039357	S2-989445826,S2-725979159,S2-991006610,S2-829709405,S3-254767081
S1-792078542	S2-53989980,S2-908653397,S2-392371355,S2-946111679,S3-623601960
S1-79217661	S2-325777483,S3-289866059
S1-792226350	S2-602708439,S2-563747068,S2-718503864,S3-679603820
S1-792298543	S2-772233774,S2-536011912,S2-787567293,S3-438443283,S3-330034200,S3-804991770,S3-411471083
S1-792332387	S2-404084542,S2-711187055,S3-217318845,S3-379978602
S1-79235404	S2-785173508,S2-536061889,S3-331469227,S3-63337541,S3-254343635
S1-792355806	
S1-792471947	S2-396228804,S3-567625791,S3-165429348
S1-792481679	S2-992636294,S2-300039308,S3-205437389,S3-73203666,S3-574118785,S3-316025129
S1-792522292	S2-887971343,S2-72172775,S2-817198758,S3-721712337
S1-792561612	S2-360558176,S2-946129227,S3-138146871,S3-974306804
S1-792567192	S2-711838036,S2-622731437,S3-57483702,S3-867708138,S3-96396785
S1-792744487	
S1-792751290	S2-203192128,S3-474223302,S3-477470100,S3-695865292
S1-793198575	S2-402921334,S2-252884855,S3-521914774,S3-639309893,S3-726856538,S3-467091965,S3-130580253
S1-793205745	S2-228442612,S2-668484756,S2-241246162,S3-309141715,S3-426142106,S3-378268859
S1-793254494	S2-629441168,S2-69573557,S3-245534902
S1-793274492	S2-181978103,S2-344755005,S2-792764904,S2-647585954,S3-157655409,S3-951668673,S3-39524422,S3-424425530,S3-900850112
S1-793549558	S2-103464918,S3-472183454
S1-793601173	S2-785989148,S3-829554626,S3-10430196,S3-860374334
S1-793948635	S3-18719902,S3-415283030
S1-794040471	S2-5456017,S2-950531794,S2-689034062,S3-742900114,S3-380199,S3-541549850
S1-794107121	S2-432477055,S3-988980254,S3-931603230,S3-940738351,S3-897750169
S1-79414196	S2-537147668,S2-34037577,S2-519126398,S3-928763619,S3-627918656,S3-479465107
S1-794217665	S2-389497348,S3-552216658,S3-256113010,S3-647855133,S3-100794172,S3-55602130
S1-794241566	S2-981552565,S3-597690722,S3-160744902,S3-464525690
S1-794256368	S3-374243805,S3-799239301
S1-794294410	S2-533159621,S2-578056461,S2-984032394,S2-590268237,S3-686665921
S1-794338736	S3-52186159
S1-794349038	S2-70643622,S2-686853285,S3-122775067
S1-794538140	S2-30710050,S2-284717307,S3-793507495,S3-657929427
S1-794621941	S2-791283848,S3-662434861,S3-193228247
S1-79471695	S2-990433734,S2-440587954,S2-300660106,S2-159088209,S3-912705862,S3-233734146,S3-970418625
S1-794717587	S2-166660868,S3-886690085
S1-794720941	S2-851669153,S2-465737401,S2-922178781,S3-691380410
S1-794724051	S2-20455116,S3-515401522
S1-794748146	S3-534427381
S1-794777401	S2-834916901,S2-323056492,S2-436226953,S3-557354801
S1-794883904	S2-189560044,S3-737461832,S3-292143009
S1-795282629	S2-487358315,S3-380640451,S3-851518065,S3-646518652,S3-321120800,S3-825616210
S1-795312730	S2-689384847,S2-581333995,S3-388766448,S3-851596439
S1-79540286	S2-833573067,S2-955545479,S3-192980470,S3-491383946,S3-581179763
S1-795443984	S2-8193188,S2-28269825,S3-677499742,S3-272381522,S3-196757022
S1-795529844	S2-965804057,S2-86077829,S3-650523806,S3-789904500
S1-795589430	S2-198322644,S2-624076325,S3-280588866
S1-79567324	S2-228426126,S2-324790018,S2-955533477,S3-279076197
S1-795679405	S2-7964785
S1-795728135	S3-694162058
S1-795745097	S2-913489891
S1-795755934	S2-40504666,S2-126834280,S2-127549222,S2-991174914,S3-639771550
S1-795756553	S2-835474401,S2-4313630,S3-38731143,S3-481257844
S1-795817793	S2-894937009,S3-442492243,S3-508324906
S1-795867850	S2-230263948,S2-377587179,S3-434204244
S1-795876103	
S1-795914055	S2-849826276,S2-55055070,S2-400457112,S3-345505196
S1-796024574	S3-500308813,S3-636340179,S3-340580788
S1-796039854	
S1-796065580	S2-612511142,S3-341517406
S1-796075456	S2-853877637,S2-631332485,S3-578586230,S3-661402753,S3-786152754
S1-796138571	S2-361437783,S3-409149034,S3-330711995
S1-796294658	S2-948943920,S2-967539837,S3-999806510
S1-796304094	
S1-796318702	S2-154077146,S2-55208368,S2-115113093,S3-81599648,S3-230425680
S1-796322633	S2-51275475,S2-809180173,S2-150948462,S2-623926508,S3-363870070
S1-796360533	S2-441606006,S3-398944205,S3-825739349
S1-79648979	S2-329872871,S3-707177635,S3-195493196,S3-609027695,S3-412220675
S1-796539619	S2-370505932,S2-325164574,S3-815627189,S3-638450109
S1-79654097	S2-80462391
S1-796581867	S2-756597215,S2-955200463,S3-193373083,S3-626402022
S1-796589795	S3-281826071,S3-207706006,S3-840238326
S1-796625028	S2-789677130,S2-601052855,S2-436126052,S2-989307829,S2-665465286,S3-985373089,S3-123877367,S3-168399212
S1-796659609	S2-467041064,S2-203697504,S2-54356929,S2-89504615,S3-537212891,S3-373070195
S1-796667706	S2-309993465,S3-965006858,S3-669455614
S1-796750862	S2-947451564,S2-254767538,S2-439487027,S3-494503290,S3-857047954,S3-420669423
S1-79676158	S2-944565527,S2-633396628,S3-701607025
S1-796779390	
S1-796858219	S3-341838515,S3-468010321
S1-796918734	S2-607983352,S2-251139316,S3-534548939,S3-698303827
S1-796924064	S2-452832279
S1-796970085	S2-285383172,S2-468838009,S2-53377225,S3-502029857
S1-797027400	S2-242097091,S2-877657987,S2-701115822,S3-384012233,S3-897456747
S1-797058183	S2-513792237,S2-461004334,S3-371879949
S1-79719530	S2-921030991,S3-354084654,S3-128183585,S3-92828168,S3-139565917
S1-797221274	S2-506634130,S2-197053470,S3-638829823,S3-674941343,S3-957094986
S1-797254344	S2-378694113,S2-113655002,S3-932451518,S3-411236962,S3-508231868
S1-797363514	S2-56039863,S2-577053569,S3-274295337
S1-797427780	S2-34492834,S3-689974773
S1-797451879	S2-901712568,S2-581632607,S2-364283208,S3-425414652
S1-797472745	S2-301710329,S2-984103283,S3-192153124
S1-797566773	S2-667962027,S3-717158814,S3-688371182
S1-79758627	S2-198350966,S2-434190236,S2-432027349,S3-678022384,S3-394763572
S1-79761808	S2-247046971,S2-404509730,S3-644572415,S3-308856794,S3-290264917,S3-58606240
S1-797637767	S2-950918985,S2-114403581,S2-32643415,S2-327593243,S3-209449712,S3-806801064,S3-866705489,S3-237800347
S1-797790613	S2-504397580,S2-49281432,S3-181194953,S3-174261659,S3-464553116
S1-797990646	S3-331827075,S3-515402778,S3-83162928
S1-798023339	S3-967326220
S1-798089136	S2-894643327,S2-530224912,S3-881893627,S3-359904054
S1-798249546	S2-32869383,S3-134003699
S1-798266589	S2-920389007,S2-876982193,S2-566229878,S3-175097929,S3-734762083,S3-693607250,S3-152832744
S1-798283903	S2-584309180,S2-734490900,S3-834642157,S3-793448034
S1-798327899	S2-81314092,S2-598036546,S3-522488594
S1-798416992	S2-606029749,S2-544929231,S3-243918771,S3-308944837,S3-818308045,S3-509467052
S1-798446407	S2-654767300,S3-267281533
S1-798489225	S2-324878551,S2-981629152
S1-798489372	S2-387378380,S2-11017221,S3-226501893
S1-79851839	S2-876648780,S2-370222466,S3-947677122,S3-366881332
S1-79856980	S3-744298257,S3-511888395
S1-798581038	S2-768629410,S2-948136823,S2-956619060,S3-355270790,S3-922030332
S1-798609350	S2-182278690,S2-27408508,S3-943276804,S3-875084036,S3-810912594,S3-158744370
S1-798781208	S2-462561557,S3-785383467,S3-365233097
S1-798847123	S2-532664426,S2-690419642,S3-768512697,S3-526282476
S1-798847722	S2-135527308,S2-546749507,S3-586327061,S3-346677429
S1-79908170	S2-882420389,S3-729679899,S3-799133663,S3-135000029,S3-262532217
S1-79908982	S2-450308181,S2-269572660,S3-578106199
S1-799141932	S2-321588091,S2-164180335,S3-853851099,S3-54059736,S3-277867470
S1-799302927	S2-448159503,S3-705561140,S3-220177536
S1-79932928	S2-690109901,S2-919512066,S3-393756384
S1-799389724	S3-150760916,S3-376975814,S3-146402570
S1-799411800	S2-321313035,S2-561201763,S2-71348243,S3-356009381,S3-526913939
S1-799425359	S2-66499801,S3-934007015
S1-799609000	
S1-799636507	S2-304562890,S2-793522019,S2-477723165,S2-276196822,S3-34622499,S3-109490526,S3-900846401
S1-799693812	S2-317471015,S3-314087398,S3-965996669
S1-799930487	S2-563071804,S2-300249405,S2-512755949,S3-604214095,S3-884226442,S3-653005536
S1-799954522	S2-940380998,S2-685150757,S3-747882842
S1-800099707	S2-55738208,S2-354222468,S3-569723778
S1-800102325	S2-214470412,S2-126275728,S2-333568709,S3-681414629
S1-800104004	S2-494131204,S3-783245548,S3-954331896,S3-367428330
S1-800129576	S2-299633038,S3-298750927
S1-800241839	S2-524520445,S3-9880603
S1-800304731	S3-98683026,S3-421846647,S3-931504202,S3-599349337
S1-800305569	S2-290365808,S3-69920808
S1-800318211	S2-433790135,S3-881033966
S1-800327457	S2-480320465,S2-40609967,S3-445878280,S3-649988041
S1-800388616	S2-146029611,S3-348333464
S1-800404974	
S1-800591685	S2-871887829,S3-582010722,S3-942446777,S3-171901473
S1-800619115	S3-62683148,S3-952802017,S3-5144659
S1-800633628	S2-84457631,S3-583743023
S1-800646160	
S1-800755730	S2-750486867,S2-619681031,S2-20758558,S3-113033807,S3-497274874
S1-800789014	S2-509369977,S3-953757262,S3-540084492,S3-867293343
S1-80086445	S2-613765165,S2-920536460,S3-694492601,S3-659357077
S1-800885110	S2-712749145,S2-265227573,S3-825206856,S3-478386146
S1-800968838	S3-950544268
S1-80097686	S2-133422823,S2-470369224,S3-101338764,S3-985250249
S1-801026901	S2-573578682
S1-801027691	S2-469226602,S3-506612402
S1-801041518	S2-755156637,S2-381416319,S3-561525141
S1-80111379	S2-164094494,S2-487807973,S3-523745911,S3-198638579,S3-172811692
S1-801119559	S2-944520738,S3-922230546,S3-399704058
S1-801170646	S2-925136364,S2-454235575,S3-567645589,S3-210952603
S1-801227504	S2-281344578,S2-751778840,S3-580094621,S3-38032408
S1-801277207	S2-465930996,S3-759585234,S3-475107729
S1-801307012	S2-191942070,S3-607789057
S1-801353864	S3-882605454
S1-801385046	S2-363589511,S3-114870791
S1-801401504	S2-483713404,S2-393412661,S2-309891352,S2-304593723,S3-358904331,S3-990505949,S3-699119756
S1-801429683	S2-171137598,S2-982359033,S3-867249829
S1-801431028	S2-649770605,S3-821926326,S3-96161359
S1-801495222	S2-535314393,S3-819160523,S3-803628777
S1-801605759	S2-936467178,S3-899940127,S3-165672274,S3-177473719
S1-80166779	S2-392271011,S3-845360151,S3-592022531,S3-779735574
S1-801668845	S2-817152872,S3-738037557
S1-801669782	S2-13122296
S1-801670081	S2-355802925,S2-283730180,S2-455882319,S3-283697085
S1-801745894	S2-449349656,S3-426012079,S3-462906515,S3-625483218
S1-801805233	S2-559229921,S2-613635731,S3-426877005,S3-39417386
S1-801944517	S2-27601439,S2-152043375,S3-668291240,S3-496911639,S3-391717705,S3-573025246
S1-801951534	S2-985072685,S2-204802497,S3-988592253
S1-801993412	S2-626700147,S2-245949783,S3-745547937,S3-870403086,S3-291810479
S1-802002917	S2-785590864,S3-999945253,S3-349692593
S1-802028857	S2-552612599,S2-509568839,S3-934588974,S3-881663744,S3-479303567
S1-802135501	S3-607884126,S3-30255151,S3-557469869
S1-802158769	S2-777065279,S2-69490147,S3-446798895,S3-6693457,S3-35304984
S1-802168731	S2-626962657,S2-126998632,S3-517121452,S3-133527459,S3-627769908
S1-802184497	S2-527592784,S3-523205951
S1-802211364	S2-251976163,S3-529694187,S3-410174990
S1-802232466	S2-596757614,S2-30852054,S3-817338799,S3-905402242
S1-802271264	S2-204864533,S3-398962333,S3-130087804
S1-80229090	S2-668430154,S2-984006485,S2-146415193,S2-527197499,S3-685083036,S3-563329909
S1-802357763	S2-961341485
S1-802370552	S3-731391853
S1-802457951	S2-98448692,S2-665422297,S2-350303852,S3-171498855,S3-178016171,S3-74165447,S3-686400624
S1-802489686	
S1-802490903	S2-51584462,S2-980992762
S1-802667144	S3-848267194
S1-802678398	S2-765949433,S2-656476248,S3-481378021
S1-802728567	S2-771746840,S3-901673172,S3-149079252,S3-596646094
S1-802918689	S2-241256373,S2-101186085,S2-210061385,S3-333322675,S3-887354389,S3-551858058
S1-802989797	S2-392081173,S2-378941304,S3-879928864,S3-710817614,S3-455394192,S3-422947395
S1-803012455	S2-16468834,S2-882863873,S2-876491894,S3-617063420,S3-445027935
S1-803029112	S2-311433104,S3-263218822,S3-129385402
S1-803029384	S2-761812409,S2-601641188,S3-563126747,S3-597861700
S1-8030498	S2-216665247,S2-358514596,S2-227297774,S3-36956281
S1-803105599	
S1-803141805	S3-427005793
S1-803209290	S2-598123771,S2-41330550,S2-634747392,S3-217740
S1-803227725	S2-793422210,S2-802580706,S2-976219610,S3-207473912,S3-563553593
S1-80323312	S2-74231945,S2-195228204,S2-306845824,S2-793999819,S3-575559032,S3-25733957,S3-125836711
S1-803269522	S2-956891605,S2-119819900,S3-286514639
S1-803348435	S2-529181405,S2-379768017,S2-198366498,S2-738974398,S3-658516994,S3-995913641
S1-803464985	S2-524435525,S2-524078086,S3-832786488
S1-803466335	S2-726954745,S3-111664748
S1-803526219	S3-682215427,S3-349206669
S1-803541019	S2-761662253,S2-761208790,S2-508105291,S3-305283061
S1-80356650	S2-159020953,S3-190313741
S1-803677660	S2-228648237,S2-995897279
S1-803728681	S2-296668294
S1-803822962	S2-117774492,S3-637701611,S3-674347236,S3-776314908,S3-34413058
S1-804051316	S2-175575862,S2-10853098,S3-517874220
S1-804091870	S2-82467687,S2-795344227,S2-929120575,S2-348566119,S3-437006854,S3-706783041
S1-804167454	S2-128661237,S2-190270126,S3-831503867,S3-61049906,S3-790141874
S1-804217061	
S1-804225349	S2-915577108,S2-273464669,S3-541794074,S3-235537975
S1-804234359	S2-3007769,S2-666628004,S2-542373326,S2-772251625,S3-382165523,S3-458789663,S3-58430560
S1-804486411	S2-181448494,S2-991009872,S2-74252214,S3-169382805
S1-804562189	S2-288848740,S2-205678682,S2-17482553,S3-176848731,S3-778869642,S3-63386597
S1-804582028	S2-963708525,S3-401197905
S1-804587091	S3-183986139
S1-804861001	S2-503373148,S2-12330179,S2-686170935,S3-92206588,S3-908189369,S3-768622040,S3-599376865
S1-804903397	S2-293640313,S3-702605792,S3-916760084,S3-199586760,S3-259704106
S1-804905950	S2-674744523,S2-505738893,S3-839222345,S3-51133763
S1-804961043	S2-169509264,S2-99506017,S3-363372602
S1-805088441	S2-57599901,S3-984025462
S1-805132571	S2-669759912,S2-585420002,S2-784491002,S3-449346536
S1-805176368	S2-822903349,S3-162131769
S1-805217576	S2-218232999,S3-888028694,S3-228160051
S1-8052256	S2-883378810,S2-931975149,S3-93944277,S3-516461525,S3-916647216
S1-805233279	S2-268833924,S3-866386542,S3-757537070,S3-981099020
S1-805252794	S2-339761868,S2-46398282,S3-22877734
S1-805288466	S2-284918242,S3-785183471,S3-916058734,S3-839807194,S3-402033783
S1-805320770	S2-368798970,S2-709488422,S2-686141630,S2-926630284,S3-98767845,S3-638837482,S3-750606025
S1-805353253	S2-385755429,S2-329472276,S3-483838246,S3-744638026,S3-260746746
S1-805373309	S2-781264662,S2-167598735,S2-825511524,S3-103174415,S3-595976373
S1-805452930	S2-863699702,S3-849662824
S1-805484029	S2-128787174,S2-585174175,S2-269316889,S3-668083352
S1-805494228	S2-881210471
S1-805530677	
S1-80554884	S3-775633234,S3-633500481,S3-993808410
S1-805575695	S3-284405571,S3-128376487
S1-805626307	S2-608681954,S2-777341211,S2-311789399,S2-615640187,S3-848402294,S3-197752656
S1-805649278	S2-3534149,S2-628963927,S3-303358830
S1-805655249	S3-766172183,S3-785340034
S1-805664094	S2-446931979,S3-725468338,S3-742482068
S1-80578212	S2-776992472,S3-799931851,S3-486668657
S1-805802451	
S1-805861333	S2-203616751,S3-3294907
S1-805873795	S2-183950314,S2-243484957,S2-577475516,S3-692818395,S3-615287156
S1-80592571	S2-433257938,S2-911360354,S2-725491412,S2-54842266,S3-668361570,S3-634762981
S1-805947554	S2-218494304,S2-426077208,S3-376748202
S1-805996380	S2-92818158,S2-646366332,S2-101108070,S2-223165459,S2-626857358,S3-511232234
S1-806034401	S2-796989512,S2-104308013,S2-481402013,S2-520726584,S2-416038767,S3-253302496,S3-444403943,S3-748927404
S1-806041759	S2-329129158,S3-233779223,S3-702426774,S3-499258716
S1-806123299	S2-945295008,S3-12679976
S1-806305486	
S1-806306863	S2-150638395,S3-358079875
S1-80630842	S2-164546033,S2-918042719,S2-529062241
S1-806315777	S2-857607583,S2-472084348,S3-5740708
S1-806323827	S2-152920966,S2-895286191,S2-422192334,S3-475976820
S1-806331985	S2-799691991,S2-718629379,S3-160106474
S1-806339491	S2-684350403,S3-525422578,S3-903116203,S3-90568757
S1-806356057	S2-907212225,S3-341885224,S3-113360159
S1-806481849	S2-665035424,S2-190668982,S3-920301809,S3-104858660,S3-731805670
S1-806521097	S2-567173109,S2-770563488,S3-41912576
S1-80658235	S2-688887703,S3-721447720,S3-979693317
S1-806669027	S2-229136409,S2-784287913,S3-148740010
S1-806851122	S2-361153494,S3-527572135,S3-513251943,S3-262370584
S1-806856361	S2-58557217,S3-538439847,S3-997409386
S1-806886015	S2-305695987,S2-936529485,S2-117317232,S3-921400032
S1-806934151	S2-325003083,S2-358291508,S3-217320876,S3-419435102,S3-735909455
S1-806946851	S2-754843172,S3-324504979,S3-805125275,S3-731494134,S3-493248806,S3-76916980
S1-806951834	S2-283733383,S2-672037098,S3-27505490,S3-12483272
S1-807026088	S2-900642176,S2-826617349,S3-344987504
S1-807050607	S2-822244846,S2-114544284,S3-843165957,S3-549643451
S1-807098686	S2-361387226,S2-123963315,S2-881884340,S2-381380067,S2-961311933,S3-636594462
S1-80715963	S2-3252373,S2-289905850,S3-806646042
S1-807369785	S2-750516777,S2-301792652,S3-904824146
S1-807418221	S2-657367888,S2-569413484,S2-290778913,S3-421864143,S3-376391958
S1-807429091	S2-130747614,S2-731740667,S2-880819475,S3-229092892
S1-807451767	S2-443178402,S3-123052641
S1-807453870	S2-688397289,S3-775650935
S1-807456784	S2-194996401,S2-969887666,S2-771185513,S3-642159673,S3-691628079
S1-807503287	S2-318721718,S2-777678439,S3-955146775,S3-449478022
S1-807516616	S2-337610094,S3-167646955
S1-807531505	S2-336800614,S3-979481191,S3-799215850
S1-807534464	S2-697138016,S3-575048494,S3-694179158,S3-93961039
S1-807605019	S2-892478152,S2-991881071,S2-232180287,S2-949062465,S3-725181532,S3-675295442
S1-80769202	S3-942800535,S3-718022948,S3-834071811
S1-80769519	S2-611812727,S3-934381932
S1-807725480	S3-597858976
S1-807869740	S2-314440193,S2-291518256,S2-675917039,S3-62169839
S1-807883314	S3-113607571,S3-514140232
S1-807888842	S2-761265091,S3-673297574
S1-807957776	S2-542527623,S2-858032743,S3-432352095,S3-480069566
S1-80797809	S2-892404246,S3-683516625,S3-196710043,S3-85378038
S1-808117279	S2-569971473,S3-297331047
S1-808244281	S2-356635499,S3-877048958,S3-635715687,S3-396510296,S3-741015445
S1-808252770	S2-791068133,S3-774894785
S1-808268944	S2-784330850,S2-229677740,S3-824401610,S3-839514689
S1-808294353	S2-485792029,S3-320643938,S3-122009866
S1-808374290	S2-278405863,S2-585201332,S3-922399354,S3-197990044
S1-808440608	S2-783090621,S2-556845495,S3-991880375
S1-808549014	S2-43571025,S2-533020022,S3-816620131,S3-369889327,S3-811684109
S1-808606917	S2-472609967,S2-396469455,S3-471887483,S3-435972189,S3-227101764
S1-808649454	S2-769751324,S2-934465538,S3-108041841,S3-16400017,S3-2288854
S1-808724130	S2-396098731,S2-383073905,S2-322550341,S3-352263250
S1-808729062	S3-814514759,S3-38234742,S3-740880140
S1-808745917	S2-299380730,S2-150699380,S2-16832679,S3-717594393,S3-950428152
S1-808793358	S2-663089469,S2-344295172,S3-132523079
S1-808851326	S2-433063212,S2-376674678,S2-141581895,S3-520717210,S3-236349794
S1-808879866	S2-949361712,S2-483617636,S2-336487501,S2-140328953,S2-237975146,S3-517575911
S1-808886177	S2-662335107,S2-391777887,S3-313575934
S1-808920286	S2-949715234,S3-31925054,S3-76926901
S1-808979545	S2-799263621,S2-5803078,S3-869218049
S1-809071543	S2-885631755,S2-629457203,S3-513473020,S3-815894772
S1-809093886	S2-121745736,S3-7114294
S1-809165464	S2-482182025,S2-220008690,S3-955340372,S3-918606053,S3-90830132
S1-809247058	S2-737261578
S1-809252674	S2-358997571,S2-143666935,S3-368111086
S1-8093191	S2-37898748,S3-567804226,S3-598267847,S3-529055240,S3-88796211
S1-809366960	S2-186741943,S2-46334716,S2-153006515,S3-592705373
S1-809401008	
S1-809536960	S3-84032945
S1-809576001	
S1-809622950	S2-68737539,S3-152097232,S3-812177233
S1-80965797	S2-2999911,S3-724455986,S3-916541921
S1-809673322	S2-215349448,S2-967433983,S3-327032023,S3-193109554
S1-809729212	S2-498057248,S2-336552617,S3-777454870,S3-273494380,S3-40339197,S3-149021348
S1-809768174	
S1-809866526	S2-961290947,S3-747840543
S1-809941861	S2-857136145,S3-755302271
S1-810028126	S2-483983658,S3-535318556
S1-810029728	S2-624883293,S3-179950275,S3-956429676,S3-698155344,S3-538574917
S1-810041829	S2-112314133,S2-854958415,S3-838804211
S1-810060403	S2-712139839,S2-919368452,S3-271497418,S3-149966174
S1-810109518	S2-842701124,S2-694179755,S3-590688658
S1-81013103	S2-802121071,S2-859009303,S3-503314376,S3-178599364
S1-810297941	S2-942460545,S3-637233851
S1-810309781	S3-394330941,S3-515130311
S1-810341858	S3-489002275
S1-81044420	S2-980148206,S2-207747966,S3-961505633
S1-810484455	S2-711422870,S3-187841437
S1-810487643	S2-814427997,S2-72391940,S2-90414060,S3-212898828,S3-869211695,S3-132854052,S3-288484352
S1-810553899	S2-110397176,S2-752324269,S3-329267295
S1-81061514	S2-524326396,S3-362678490,S3-531801976,S3-887690718
S1-810727068	S2-982032407,S3-153736843
S1-810756029	S2-374820881,S2-708987381,S2-408908063,S3-52481509,S3-40342934
S1-810770532	S2-98517685,S3-54953742,S3-469112152,S3-978678993,S3-360215875
S1-810854628	S2-947035967,S2-278616129,S3-826671897
S1-810952582	S2-784283035,S3-482270017,S3-407551768,S3-107539695,S3-440365482
S1-810962195	S2-682256805,S2-210042122,S3-237172019,S3-395251559
S1-810992214	S2-845882360,S3-291952040,S3-691066009
S1-811029998	S2-789840164,S3-440354742,S3-250371076
S1-811064511	S2-802929735,S3-669936618
S1-811069187	S2-660281906,S3-649267818
S1-811177120	S2-219774075,S3-364638582
S1-811228194	S2-985677362,S2-306921177,S3-776662500
S1-811385298	S2-797591589,S2-431993738
S1-81157123	S2-168513227,S2-310638260,S3-792109212
S1-81157299	S2-787199722,S2-811846797,S2-675912069,S2-750016446,S3-288401203
S1-811600661	S2-492847865,S3-400599168,S3-86870785,S3-535019293
S1-811636023	S2-175735223,S3-470961811
S1-812056149	S2-796471485,S3-640612469
S1-812075780	S2-127728485,S2-466559893,S2-222592323,S3-937095098,S3-513814029
S1-812156788	S2-482470499,S2-217562181,S3-355289175,S3-76760652
S1-812173972	S2-652348619,S3-589645376
S1-812179340	
S1-8121800	S2-912208195,S2-103595658,S3-694926401,S3-207782007
S1-812220939	S2-972686198,S2-9192337,S2-427432395,S3-311715278
S1-812278342	S2-798640460,S2-217616700,S2-825913361,S2-52923852,S3-852811950,S3-675447710,S3-345126265,S3-391572881,S3-222416541
S1-812329418	S2-971146978,S3-707139643,S3-219887818
S1-812376809	S2-207379361,S2-730584769,S3-917954906,S3-267451724,S3-405527371
S1-812577615	S2-924188638,S2-244837657,S3-846530955
S1-81279707	
S1-812909495	S2-86096348,S2-360662390,S2-840995152,S3-931587403,S3-870950320,S3-931179896,S3-624885777,S3-770350771
S1-813065186	S2-11691553,S2-120881989,S3-727290591
S1-813075782	S2-392531879,S2-479429916,S2-730480115,S3-91996595,S3-712396454,S3-337955268,S3-15989845
S1-813187863	S2-202950410,S3-822336685,S3-138406798
S1-813190099	S2-53836268,S2-210761941,S2-195084973,S2-615746247,S2-368217195,S3-917302643,S3-307236126
S1-813191084	S2-34618919,S2-170342098,S3-306888830,S3-683827834
S1-813207836	S2-508728695,S2-542124058,S2-92355715,S3-573063268
S1-813284158	
S1-81331320	S2-541067739,S2-805426716,S3-335188016,S3-177276658
S1-813342381	
S1-813510632	S2-726394350,S3-727717539
S1-813518055	S2-790770735,S2-144750743,S3-135951746
S1-813546290	S2-720613895,S2-276920624,S3-455233328,S3-531162670
S1-813857490	S2-833884741,S3-918146448,S3-985886323
S1-813889205	S2-89340493,S2-223949804,S2-271376059,S3-984739772,S3-237668496,S3-90813631
S1-813978682	S2-184250617,S2-692184668,S3-234566379,S3-936351173,S3-385035033
S1-81422268	S2-430360159,S3-18552627
S1-814352173	S2-899066256
S1-814377173	S2-762200333,S3-410379464
S1-814517735	S2-934581343,S2-516293584,S3-259598300,S3-680945139
S1-814534257	S2-53666179,S2-204488641,S2-728594286,S3-480073405,S3-364147574,S3-749508341
S1-814546582	S2-371777954,S3-466225566,S3-279411950,S3-968473282
S1-81456481	S3-966529576
S1-814603406	S2-938271020,S2-290361506,S3-339287038,S3-300673651,S3-340125738
S1-81466373	S2-828480260,S2-565210087,S2-110950950,S2-561254833,S3-655138606,S3-412802316
S1-814676099	S2-947752085,S3-863951466
S1-814684195	
S1-81469251	S2-111481215,S2-267289841,S2-845793627,S3-636300622,S3-468912058,S3-173144795
S1-814719837	S2-722208148,S2-517564153,S3-557097351
S1-814754214	S2-743015153,S2-143935109,S2-120472409,S2-621540896,S3-315478080,S3-111647906
S1-814898360	S2-524217685,S3-168768569,S3-801348259
S1-814902016	S3-717934456,S3-712108498
S1-814950261	S2-639963455,S3-597919078
S1-814968299	S2-686716237,S3-564611346,S3-641939847,S3-149906603
S1-815037692	S2-66300799,S2-406896526,S3-36287746
S1-815076599	S2-793509729,S3-725741592,S3-776418446,S3-812950549,S3-398868345
S1-815077778	S2-455267953,S2-315703236,S2-360066447,S2-900167938,S3-420988213,S3-503786604
S1-815086133	S2-435296960,S3-590422938,S3-859181452
S1-815135982	S2-280106973,S2-799360464,S3-398151966
S1-815151995	S2-911233367,S3-987802407
S1-815351912	S2-508120537,S3-609283854
S1-815363904	S2-788679445,S2-423409343
S1-81548958	S2-941051552,S3-874363935
S1-815571845	S2-226424431,S2-623184216,S2-7670561,S3-263393510,S3-561950273,S3-352414894
S1-815598461	S2-300564490,S3-218496353
S1-815887988	S2-548699542,S2-944791491,S2-957352574,S3-334146392
S1-815982510	S2-12757944,S2-17699030,S3-120612320
S1-816012765	S2-67040781,S3-653969591,S3-646360556
S1-816097687	S3-302816212
S1-81610313	S2-169728917,S3-384594443
S1-816118339	S2-906295407,S3-51830839,S3-226499037
S1-81612202	S2-190454420,S2-29110121,S2-80753445,S2-33412590,S2-645672843,S3-900482401
S1-816132952	S2-710941277,S2-886620924
S1-816309103	S3-75587099,S3-46152941,S3-843017934
S1-816396738	S2-479252403,S2-189500278,S2-957292826,S2-594171584,S3-914884197
S1-816437282	S2-933926424,S2-990630009,S3-549241894
S1-816658000	S2-141483357,S2-837451438,S3-445358756
S1-816838478	S2-511404787,S2-496696339,S3-742964879
S1-816875238	S2-269969121,S2-909153233
S1-816953422	S2-390572808,S2-497780084,S3-811516167,S3-184806886
S1-816995965	S2-931009375,S3-88443849,S3-694032066,S3-113364600
S1-817020976	S2-933647459,S3-366015246
S1-817089425	S2-536980684,S3-685812826,S3-234408215
S1-817138598	S2-30649895
S1-817242860	S2-537858519,S2-660454188,S2-319025234
S1-817279540	S2-547340885,S2-540403798
S1-817292605	S2-725202875,S3-379751437,S3-740926016,S3-588720820
S1-817328196	S2-931032185
S1-817457538	S2-89663741,S2-715085521,S3-388640741,S3-620641601,S3-613564498
S1-817476064	S2-257491390,S2-239433373,S2-673767129,S3-630424471,S3-982912933
S1-817531130	S2-145924090,S2-821951444,S2-690157114,S3-373317179
S1-817547253	S2-44940219,S2-877616001,S3-91259819
S1-817615691	S2-912744628,S2-317634118,S2-575996869,S3-758545105
S1-817862192	S2-305411840,S3-770122305,S3-672571201,S3-575827391,S3-312190859
S1-817964709	S2-279437868,S3-271429845,S3-578858424
S1-817995283	S2-79009618,S3-554866513
S1-818029474	S2-148568890,S3-744863076,S3-806129743,S3-569094413
S1-8180798	S2-519594653,S3-327490171,S3-573014867,S3-468452047
S1-818131898	S2-706455279,S2-695692207,S3-351622756
S1-818141748	S2-727173882,S3-222862143,S3-230075767,S3-637553340
S1-818161551	S3-190454640,S3-354575502
S1-818220938	S2-765752432,S2-812566330,S3-196183984,S3-519454497,S3-41405323,S3-921760828
S1-818341660	S2-914596303,S2-654919843,S2-171726421,S2-834245500
S1-81838491	S2-379680801,S2-726823522,S2-2289074,S3-86680597
S1-818391522	S2-265507878,S2-181756606,S3-1028018,S3-911433708,S3-556790923
S1-818418800	S2-281155275,S3-581022355,S3-421772789
S1-818499653	
S1-818522604	S2-278499707,S3-583035871
S1-818540730	S2-732081644,S2-329216822,S3-329032341
S1-818556369	S2-320014010,S2-922635142,S3-463071783
S1-818557837	S2-389999907,S2-583378965,S3-626161756
S1-818581277	S2-141983736,S2-48233987,S3-46732432
S1-818757433	S2-355958657,S2-941539711,S3-17614345,S3-290039575,S3-577369887
S1-818884314	S2-675283100,S2-147620221,S2-423722364,S2-777237477,S2-433999805,S3-584545136,S3-165790924
S1-81890607	S2-941362355,S2-657451082,S3-935845015,S3-789681069,S3-570230114,S3-303525586
S1-818912923	S2-935912496,S3-693780775,S3-124242278,S3-283154793
S1-818930792	S2-182899057,S3-192820402,S3-112225314
S1-819074059	S2-938044015,S2-744538052,S2-612869779,S3-170247846
S1-819095933	S2-323859989,S3-710075825,S3-37355616
S1-819125602	S2-665091688,S2-766558958,S2-821381647,S2-447099412,S3-874013486,S3-226094711,S3-311910835
S1-819137978	S2-22406197,S2-114111323,S3-310370362,S3-692330997,S3-539420805,S3-201500303
S1-819265288	S2-323838525,S2-135920350,S2-29182740,S3-435754138,S3-909967720
S1-819352461	S2-124821958,S2-55624510,S3-77906440,S3-652494482
S1-81939398	S3-822487855,S3-706475875
S1-819406170	S2-435941822,S2-615910972,S3-275633386
S1-819449200	S2-247863858,S3-355208548,S3-940199224,S3-45522828
S1-819514469	S2-91020820,S2-435469594,S3-325228761
S1-819522233	S2-998424576,S2-423841056,S2-492277059,S2-718261531,S2-313743495,S3-960899310,S3-608385381,S3-568128798,S3-203843141
S1-819630187	S2-665429348,S2-794767061,S3-790293106
S1-819645912	S2-713415890,S3-513242340
S1-81968478	S2-838559126,S2-450590755,S2-285535637
S1-819693907	S2-653819301,S3-148160608,S3-625508553
S1-819772333	S2-547819120,S3-233545464,S3-984241133,S3-747680984
S1-819799160	S2-560413139,S3-947171828,S3-520756511,S3-67253965
S1-819954361	
S1-819961964	S2-355729333,S2-226373756,S3-137704355
S1-820080006	S3-62801902
S1-820158399	S2-895931170,S2-194260608,S3-661603994,S3-614317245
S1-820184290	S2-903014622,S3-472687018,S3-73222265,S3-887813673
S1-820186230	S2-933805333,S2-531252479,S3-349299640
S1-820208400	S2-86057931,S2-510277777,S2-134801860,S3-832054934,S3-841828554,S3-583300097,S3-473915641
S1-820270689	S2-214012612,S2-107907752,S3-427690268,S3-592243579
S1-820301243	S2-981699850,S2-976063829,S3-784980568,S3-548241605
S1-820416098	S2-211273059,S2-391594856
S1-820505353	S2-682080430,S2-109216608,S2-145813742,S3-103708781
S1-820556191	S2-734908331,S3-321550285,S3-643436082
S1-820619176	S2-971588292,S2-622510701,S3-468054176,S3-77639151,S3-432859814
S1-820619630	S2-481221593,S2-722884575,S3-27232473,S3-540763329,S3-979648048
S1-82062196	S2-392120577,S2-559875203,S2-30922768,S3-168250535,S3-573328788,S3-612941730
S1-820679326	S3-260986873,S3-59401071,S3-285287728
S1-820742291	S2-93647938,S2-437990027
S1-820793591	S2-19625294,S2-514155234,S2-351722724,S3-553900682,S3-858245345,S3-147234454
S1-820802888	S2-834326582,S3-604942478,S3-988067219
S1-820810819	S2-455409921,S2-906988964,S2-463901492,S3-72731802
S1-820816705	S2-701113150,S3-768717680,S3-197323292
S1-821051433	S2-842090543,S3-244233445
S1-821051531	S2-482051,S2-897688321,S2-199367023,S3-361919533
S1-821137176	S2-813147790,S3-700768304,S3-267712243,S3-830674435
S1-82119821	S2-794583885,S3-157384394
S1-821232072	S2-486791537,S3-860009469,S3-386611903
S1-821257365	S2-311875328,S3-454544933,S3-254103711
S1-821258921	S2-450522750,S2-354576246,S2-395549603,S3-997068238,S3-956153366
S1-821280442	S2-488808297,S2-954896781,S2-436012444,S3-532416320,S3-911759468
S1-821284845	S2-685775692,S2-87252855,S2-770710422,S2-950400454,S3-244769524,S3-454881012
S1-821299077	S2-554406406,S2-835242945,S3-376513559
S1-821359307	S2-810331643,S2-976847041,S2-553497587,S2-932414219,S3-795322706
S1-821427048	S2-241818821,S2-780954419,S3-98298719
S1-82143343	S2-79287182,S3-777410191,S3-762422110,S3-948124360
S1-821434759	S2-362205923,S2-621483877,S3-523050370,S3-725513867
S1-821457302	S2-40574099
S1-821505795	S2-627502465,S2-849809566,S3-58656707,S3-448301223
S1-821580259	S2-873441686,S2-699383393,S3-873919366,S3-594106654,S3-406164758
S1-821651708	S2-378158977,S3-730325727,S3-711100346
S1-821666376	S2-427019411,S3-768263266
S1-821676361	S2-592696472,S3-194210905
S1-821739240	S2-514189606,S3-257597252
S1-821757212	S2-102688419,S3-496405748
S1-822204830	S2-943578696,S2-734085650,S3-611729476
S1-822331345	S2-595240155,S2-57580042,S2-846719258,S3-892890891
S1-822445507	S2-504511543,S2-624872220,S3-555962313
S1-822526909	S2-247749057,S2-78944639,S2-498621544
S1-822541564	S2-478544454,S3-721564319,S3-766314383
S1-822585514	S2-50933881,S3-254689056,S3-216589749
S1-82266477	S2-803270020,S2-542588993,S2-516896465,S3-218952801
S1-822696286	S2-122126170,S2-848309973,S3-245366042
S1-822733144	S2-483384959,S2-283512468,S2-228795420,S2-108588875,S3-259248090,S3-606357632
S1-822797574	S2-120232507,S3-508406591,S3-546870705,S3-666154547,S3-629263643,S3-135738941
S1-822882866	S2-171520183,S2-823606943,S2-156416942,S3-58435361,S3-598451117,S3-392757099
S1-822913199	S2-211472584,S2-83291026,S2-153340843,S3-527831252,S3-36224717
S1-822988161	S2-163274001,S2-654202182,S3-807216658,S3-691411315
S1-823014592	S3-54255182,S3-380960681
S1-823064540	S2-74332908,S2-158068177,S2-742382028,S2-775033118,S3-240836386,S3-786047415,S3-48845113,S3-625223596
S1-823112517	S2-361146347,S2-988404149,S3-482110035
S1-823151032	S2-292587702,S3-643033869,S3-885771408,S3-571025913
S1-82320616	S2-643233692,S2-923477663,S3-507763178,S3-57582607,S3-193860714
S1-823222037	S2-795707187,S2-21217131,S3-984739124,S3-815956577
S1-823423827	S2-108726427,S2-165942931,S3-125279569
S1-823449173	S2-347364552,S3-384810325
S1-823472263	S2-137119516,S2-942688299,S3-958372561
S1-82352954	S2-57664283,S2-270620695,S2-48793388,S3-863878236
S1-823769831	S2-83125564,S3-894820758,S3-661932821,S3-425914535
S1-823832523	S2-50228242,S3-265639897,S3-161139387
S1-823850049	S2-629107122,S3-819444014,S3-706154975,S3-6145363
S1-823887509	S2-113902595,S3-327790662,S3-650377634
S1-82396780	S2-89376608,S2-760122360,S3-615621674
S1-824168072	S2-994023769,S2-516833895,S3-703809612,S3-598565961
S1-824222834	S2-798618006,S3-198151213
S1-824249451	S2-946349115,S3-251886739,S3-718655349
S1-82427308	S2-834998686,S2-202645854,S2-527206483,S2-230603861
S1-824371928	S2-753635123,S3-773976828,S3-845224875,S3-157521175
S1-824413850	S2-564449267,S3-961137811
S1-824433584	
S1-824445718	S3-125245132,S3-832032224,S3-570262994,S3-470099686
S1-824490129	S2-815522053,S3-268078034,S3-437762322,S3-452464691
S1-82449045	S2-774710390,S3-938061607,S3-542234531
S1-824628726	S2-795062626,S2-534748469
S1-824690477	S2-255026818,S3-789478245,S3-786326108,S3-983307607
S1-824696654	S2-867416005,S2-933237501,S2-490795123,S2-147398465,S3-382765040,S3-957648796
S1-824710667	
S1-82475940	S2-911808028,S3-653671468,S3-761909565,S3-508376873,S3-226761260
S1-82476429	S2-150738299,S2-374011491,S2-136302776,S3-633049939,S3-367156885
S1-824877024	S2-897785096,S2-730500596,S3-372589603
S1-824889010	S2-624476981,S3-932350937,S3-448629997
S1-824905401	S2-306700318,S2-215944138,S3-808615918,S3-46204676,S3-12988449
S1-825047430	S2-616666110,S3-554923972
S1-825096206	S2-145038656,S3-921727192,S3-636115209,S3-58671181
S1-825180801	S2-83312499,S2-125359570,S2-210931787,S3-867574352,S3-22719298,S3-124073743
S1-825210096	S2-445259667,S2-760524812,S3-520446942
S1-825294246	S2-518763471,S2-704957702,S2-41361546,S2-228817502,S3-375954187
S1-825335734	S2-458047843,S2-544417755,S3-266829903,S3-423133986,S3-245561831
S1-825358292	
S1-825495096	S2-347095834,S2-338002462,S2-717479333,S3-465923756,S3-53596460,S3-894945063
S1-825578765	S2-249847212,S2-624541825,S3-903069604,S3-392524251
S1-825646039	S2-877688280,S3-39813755,S3-27282276,S3-951579810
S1-825829601	S2-667371770,S3-408970852,S3-100723510,S3-464972735
S1-82588287	S2-161506034,S2-541017592,S3-705568062
S1-82590574	S3-196821461,S3-20991878,S3-116372919
S1-825940934	S2-574072693,S3-178179211,S3-296103746
S1-825982110	S2-317613611,S3-375991319
S1-825984470	S2-114532021,S2-512631841,S3-47216907,S3-859907750
S1-825997198	S2-760190897,S2-199361438,S3-437764791,S3-533236577
S1-826063853	S2-911111449,S2-963398958,S3-389046000,S3-98856069
S1-82612750	S2-281477679,S3-265399700
S1-826170444	S2-217321515,S2-847294762,S2-887855469,S3-908310332,S3-389686397,S3-705735468
S1-82617308	S2-970491255,S2-517265149,S3-835884260,S3-79070630,S3-776210449
S1-826222139	S2-710102473,S2-943531508,S2-994496349,S3-592373005,S3-178157562,S3-969279205,S3-877700906
S1-826328764	S2-659252806,S2-605268560,S2-311287725,S3-210842208
S1-82638178	S2-480122639,S2-283740142,S3-310142695,S3-489004981,S3-219594801,S3-607550689,S3-328025441
S1-826400237	
S1-82640347	S2-355168756,S2-362464121,S3-407803787
S1-826459021	
S1-826609925	S2-480690294,S2-879833261,S3-997957242,S3-358610914,S3-723783821,S3-638484914,S3-126812473
S1-826633960	S2-677854926,S2-49168606,S2-916663483,S3-841792718
S1-826658708	S2-432157422,S2-827050755,S2-881502707
S1-826708565	S3-377446640
S1-826721393	S2-761643665,S2-988315350,S3-8133375,S3-507595228,S3-244585598
S1-826732765	S2-913558865,S3-521779833,S3-948597504
S1-826787475	S2-527012905
S1-826865666	S2-513187165,S3-413328037
S1-826923291	S2-578160845,S3-590798373
S1-827102573	S2-69779611,S2-538642629,S3-348052580
S1-827223862	S2-821238181,S2-762083415,S3-918610529
S1-827316807	S3-400552046,S3-76145527,S3-38701923
S1-827325511	S2-638493299,S3-681160542
S1-827401873	S2-736654581,S2-424389412,S2-435934616,S2-358334338,S3-538618216
S1-82743058	S2-168561826,S2-409419799,S2-783102933,S3-12686032,S3-301130489,S3-528390385
S1-827470095	S2-236774323,S3-667071561,S3-323259262
S1-827484874	
S1-827529047	S2-790440224,S2-873021563
S1-827539892	S2-758320766,S2-287034097,S3-829123311
S1-827591975	S3-66683493
S1-827596092	S2-209684567,S2-322784354,S2-735527731,S3-85798193
S1-827642520	S2-405336798,S3-927787998,S3-496130939,S3-754177595
S1-827682323	S2-323758337,S3-439813183,S3-748546246
S1-827739692	S2-286585209,S2-213586102,S3-949202874
S1-827741694	S3-440151876
S1-827748618	
S1-827778507	S2-430992854,S3-91733179
S1-827783728	S2-888913110,S3-913995264
S1-827812753	S2-224736877,S2-759877439,S3-762060618,S3-717716291
S1-827832652	S2-462777155,S3-945171695,S3-126516569
S1-827897473	S2-781943571,S2-982043407,S3-112448303
S1-828141277	S2-291197196,S3-322632406,S3-501612438,S3-794661810,S3-806045502
S1-828191451	S2-347746269,S3-604662112,S3-111015762,S3-755912868
S1-828225966	S2-333238981,S3-44343256,S3-871716035,S3-973849497
S1-82843510	S2-3841135,S2-863466251,S2-445011886,S2-466814720,S3-796553486,S3-179802900,S3-690905062,S3-414841284,S3-626275978
S1-828467187	S2-702668863,S3-214240471,S3-376696990
S1-828591394	S2-725936803,S2-244762661,S3-266884999,S3-811086521,S3-255716256,S3-865904084
S1-828628151	S2-773760748,S2-588022297,S3-78183421
S1-828675149	S2-197716185,S2-987662066,S3-287958437,S3-866785125,S3-899973764,S3-178991441
S1-828904454	S2-811552008,S3-55181453
S1-828939878	S2-859221375,S3-873158314
S1-828975530	S2-609757807,S2-214580016,S2-428938334,S2-708258298,S3-441613552,S3-672088925
S1-829151155	S2-360302059,S3-556784997,S3-292673739
S1-829232354	S2-471456079,S2-990002063,S2-998115765,S3-461651678
S1-829286227	
S1-829352939	
S1-829368291	S2-626864284,S2-418181422,S2-666837800,S3-247049699
S1-829414201	
S1-829469412	S2-5287029,S2-859958169,S3-995557999,S3-305721728
S1-829500407	S3-124939144,S3-563134255,S3-203164295
S1-829501753	S2-96487952,S3-69370883,S3-127684936
S1-829528641	
S1-829604701	S2-612156049,S2-702920202,S2-445343605,S2-316917072,S3-731025724,S3-964920309,S3-604759793
S1-829700977	S2-574507632,S3-306175270
S1-829758775	S2-986390774,S2-432730896,S3-323334378,S3-363063113
S1-829842503	S2-66410961,S2-370529409,S3-617561364,S3-878587951
S1-829902575	S2-170268123,S2-181783854,S3-107572424,S3-879763039
S1-829936531	S2-423477849,S2-978540025,S2-964550314,S3-738509840,S3-380744430,S3-632726828
S1-829949245	S2-225637587
S1-829969408	S2-5674982,S2-162377071,S2-690323701,S3-798359056,S3-101022972,S3-375630624
S1-83009551	S2-204666185,S3-274969909,S3-978121213
S1-830112268	S2-7522614,S2-164603794,S2-671644853,S3-569210854,S3-835175042
S1-830136445	
S1-830148273	S2-828938510,S2-552139802,S3-84601046,S3-220329587
S1-830158218	S2-425722460,S3-720797257,S3-58836257,S3-769422278
S1-830178371	S2-555694170,S2-858840525,S2-405865273,S3-293195098
S1-830195786	S2-945005531,S2-438918490,S3-254692416,S3-748953273,S3-151160431
S1-830252237	S2-925543476,S3-914262883
S1-830281150	S2-330644307,S3-846617798,S3-453309090,S3-815703682
S1-830281531	S2-590747466,S2-786589616,S2-880897150,S3-52961555,S3-797439317,S3-166648428
S1-830431886	S2-699255630,S2-36358392,S3-828551268
S1-830519209	S2-158699250,S3-667369213
S1-83073238	S2-836269848,S2-906939003,S3-845082049
S1-830830514	S2-187093832,S2-191030302,S2-442650128,S3-93095180,S3-197504404
S1-830864804	S2-582308392,S3-538423899,S3-741305109
S1-830869838	S2-768393440,S3-597278644
S1-830963629	S2-669682233,S2-548087537,S2-533298131,S2-550773314,S3-457449224,S3-96905148,S3-69882516,S3-451608645
S1-830986639	S2-673042405,S2-331819587,S3-84309006
S1-831004948	S2-856837579,S2-178585193,S3-781588198
S1-831110749	S2-816670560,S2-820850639,S3-854868811,S3-73927895,S3-659076698,S3-422565043
S1-831234424	S2-663155839,S3-677146883
S1-831288394	S2-518547860,S2-757505289,S2-867800133,S3-586246942
S1-831305743	S2-887576845,S3-461028489,S3-108032581
S1-831347042	S2-718759936,S3-468196056
S1-831357960	S2-228632338,S2-842474570,S3-756385126
S1-831391472	S2-554804006,S3-274811146
S1-831431009	S2-777793351,S2-699868074,S3-858929678,S3-929756556
S1-831433014	S2-846648103,S2-317383056,S3-510410031,S3-576725268
S1-831443270	S2-855327844,S3-800509228,S3-69173322
S1-831517092	S2-587260057,S2-208367692,S3-660117346,S3-10733393
S1-831582402	S2-930462540,S2-982087243,S3-139612724
S1-83160171	S2-89977440
S1-831617768	S2-438097152,S2-557678194,S2-394203277,S3-777523512,S3-590031348
S1-831661984	S2-573141563,S2-897411897,S2-250295875,S3-816744043
S1-831717010	S2-389132646,S3-158334585,S3-926398545
S1-831752485	S2-886596968,S2-145173454,S3-59369639,S3-449409821,S3-410657014
S1-831809275	S2-184296488,S3-267887739,S3-703355914,S3-634731409
S1-831888090	S2-253092412,S2-503204725,S2-567783830,S2-548083944,S3-877176828,S3-965145499
S1-831934054	S2-804993326,S3-82183143,S3-511855777,S3-669368244
S1-831938108	S2-521271961,S3-378713689,S3-638117125,S3-443116566
S1-832060441	S2-321062800,S2-924843202
S1-832116460	S2-36830030,S2-718092342,S2-625854110,S2-206116458,S3-180366202
S1-832290098	S2-470705611,S2-793504990,S3-451722092,S3-742686979
S1-832368055	S2-959707470,S3-681945079
S1-832504458	S2-673175445
S1-832513102	S2-452256109,S2-627407858,S2-771610087,S3-367780557,S3-311932522
S1-832543829	S2-750546957,S3-253748075
S1-832587885	S2-545155683,S2-291136146,S3-857748965,S3-141187876,S3-719224844,S3-221285187
S1-832866338	S2-440041660,S2-247312579,S3-733279500
S1-832873637	S2-225646891
S1-8329686	S2-937182355,S3-804730728,S3-711696207
S1-833005138	
S1-833016290	S2-701904975,S2-869864324,S2-452631965,S3-902853171,S3-571965553
S1-83311893	S2-266423510,S2-417100100,S2-715247670,S3-180425651
S1-833127550	
S1-833201118	S2-983479913,S2-651635116,S3-886889332
S1-833290093	S2-394559790,S2-347520471,S3-439864062
S1-833460022	S2-455643344,S3-577933426,S3-325370854
S1-833668738	S2-323068247,S3-262977057,S3-541695205
S1-833745196	S2-417807254,S2-93670541,S2-620094249,S3-157016387
S1-833750313	S2-527459454,S3-939760186,S3-320314163,S3-733690571
S1-833884436	S2-573765210,S3-513363992
S1-833888195	S2-754159242,S3-19593357
S1-833955068	S2-360466724,S3-306473761
S1-834004347	S2-520147037,S3-653669570
S1-83406044	S3-809806261
S1-83408114	S2-528276787,S2-926775854,S3-957991981,S3-613351260
S1-834297979	S2-421607307,S3-60570149
S1-834349061	S2-990460050,S3-839614119
S1-834364716	S2-881628182,S2-751979167,S3-320848862
S1-834411909	S2-19853257,S3-997030293,S3-542791156
S1-834448845	S2-943328789,S3-227669244
S1-834481949	S2-822513175,S3-821151456,S3-885471905
S1-834485684	S3-103596485
S1-834619444	S3-205189929,S3-134849028,S3-319196657
S1-834643828	S2-51859488,S2-198699174
S1-834689632	S2-692829510,S2-351236088,S3-650015576,S3-726896719,S3-357234584
S1-834957694	S2-395230151
S1-835064618	S2-953051202,S3-37357550,S3-33124112,S3-209416510
S1-835163200	S2-747596373,S2-124334945,S3-800504664,S3-436640832,S3-747348827
S1-835171798	S2-327678779,S2-163946079,S3-794594393,S3-291776715
S1-835239124	S2-331796459,S3-700276654,S3-146593423
S1-835291780	S2-196292576,S2-854947653,S2-97913820,S3-85157193,S3-412481750
S1-835315631	S2-760160474,S3-67237296
S1-835341477	S2-548108574,S3-507341231,S3-133186376
S1-835391953	S2-155085724,S3-186564015,S3-71974431,S3-977678276
S1-835446138	S2-395481968,S3-370420680,S3-114973545,S3-597939733,S3-850130209,S3-214345722
S1-83547030	S2-57734257,S2-358768039,S2-769624451,S2-472179719,S3-510129663
S1-83547177	S2-663520709,S2-736286878,S2-825256990,S3-435753616,S3-780781649,S3-216644700,S3-562295428
S1-835540739	S2-442860770,S2-124991,S3-222126117,S3-650627593,S3-187756481
S1-835647472	S2-832667110,S3-549352192,S3-259153675
S1-835668180	S2-139333053,S2-297916256,S2-858556173,S2-13037307,S3-838205149,S3-663478936,S3-135458569,S3-740709992
S1-835686206	S2-199938933,S3-88013112
S1-835706190	S2-791793281,S2-559752169,S3-580208653,S3-785213737
S1-835715505	S2-724123217,S3-626912875
S1-83575226	S2-132018103,S3-49568948
S1-835848635	S2-797432708,S2-668485680,S3-849446575
S1-835891150	S2-697288680,S2-850573665
S1-835938703	S2-928819505,S2-37012645,S3-630572742,S3-696124522,S3-719588173
S1-836121867	S2-371437747
S1-836175068	S2-901785770,S3-35345069,S3-824684970
S1-836221881	S2-244505113,S2-711309909,S3-678798325,S3-232616994,S3-414130540
S1-836241485	S2-414198476,S2-709324994,S2-636693581,S3-307562606
S1-836259925	S2-846330942,S2-136185747,S2-533338728,S3-106426502
S1-836285586	S2-128604645,S2-403329589,S3-425963522,S3-626059419,S3-964162150,S3-50153590,S3-976219218
S1-836316258	S2-447292256,S3-536791756,S3-811694250
S1-836331593	S2-676266004,S2-44851340,S3-331361259,S3-144447126,S3-632440400
S1-836405169	S2-331304005
S1-83655301	S2-805307633,S3-669234191,S3-138547568,S3-524976755
S1-836632669	S2-414323290,S3-475698099
S1-836691783	S2-502502880,S3-774514828,S3-493049727
S1-836716292	S2-32950877,S3-526677,S3-388865160,S3-424157286,S3-342779640
S1-836733828	S3-682219411
S1-836734552	S2-143051321,S2-606862241,S2-348385371
S1-836835831	S2-374451341,S2-608247423,S2-548768456,S3-935227209
S1-836890641	S2-814655748,S2-710892928,S2-572534692,S2-451704628,S3-76875923,S3-688143006,S3-88384798
S1-836912408	S2-92989844,S2-972146903,S3-106118772
S1-836928023	S2-515770894,S3-461429202,S3-311596548
S1-836985496	S2-63910826,S3-908692488,S3-193512594
S1-837000790	S2-941654124
S1-837331164	S2-309425511,S2-210523124,S2-773749691,S2-96099185,S3-415369754,S3-326154949
S1-837352089	S2-342347388,S3-379414199
S1-837356577	S2-989369094,S3-542004193
S1-837366430	S2-744053980,S3-647115089,S3-773893326,S3-637050997
S1-837374522	S2-95737985,S2-808604243,S2-562438009,S3-805953558,S3-250129509,S3-418093674
S1-837597383	
S1-837662838	S2-212351331,S2-859506919,S3-225032195
S1-837721134	
S1-837775939	S2-962107139,S2-859471357,S3-834836360,S3-450090606
S1-837854460	S2-882264467,S2-560840189,S3-94399503,S3-821162161
S1-837883118	S2-337299711,S2-88561878,S3-512464866,S3-18598556
S1-837923004	S2-869960554,S2-209388343,S3-266366015,S3-620047829
S1-837950672	S2-613477670,S2-594720896,S3-73576286
S1-838035454	S2-132446681,S2-556439527,S3-125393086
S1-838040928	S2-928100178,S2-455330304,S3-862450746,S3-545319475
S1-838048712	S2-63832258,S2-575571555,S3-763697333,S3-329038666,S3-751787076,S3-528517515
S1-838102439	S2-441202901,S2-745055056,S3-411613523,S3-214962467
S1-838104456	S2-472127845,S3-915443047,S3-68378114
S1-838112138	S2-765276614,S2-229339530,S2-920114198,S3-62944862
S1-838127295	S2-92654284,S3-527129358
S1-838146812	S2-298532653,S2-997359625,S3-950321708
S1-838157206	S2-699287057,S3-499056401
S1-838223204	S2-963905936,S2-28278317,S3-82962676,S3-721536476
S1-838262926	S2-86521614,S3-172722666,S3-691705459,S3-858320407,S3-896828839
S1-838271112	S2-938373831,S2-472769954,S3-371284020,S3-878882135
S1-838313161	
S1-838478620	S2-391123970,S3-399009054,S3-569446484,S3-536455849
S1-838538628	
S1-838548288	S2-734212521,S3-454984069,S3-640344193,S3-491483790
S1-838552605	S2-184204596,S2-921321477,S2-563668971,S2-789081043,S3-474849841,S3-590811226,S3-903807683,S3-238849391
S1-838559668	S2-713844102,S3-557346768,S3-609685383
S1-83864410	S2-479075870,S3-405870167,S3-220934583
S1-838670215	S2-673968243,S3-751148384
S1-838739464	S2-165735133,S2-486865597,S3-614327086
S1-838910169	S3-902493079,S3-389311666
S1-838947114	S2-692034163,S2-567844614,S2-239620637,S3-536023871,S3-448631630,S3-249117793
S1-838959291	S2-542552499,S2-130949534,S2-498947853,S3-949064488,S3-171514302,S3-390745214
S1-83898590	S2-2447679,S2-385021410,S3-710774791
S1-83905470	S2-594126313,S2-117662872,S3-655124346,S3-487076578
S1-83907381	S2-562862642,S2-48780835,S3-620635510
S1-839159762	S2-602325816,S2-581219276,S2-401428767,S3-719213385,S3-653851154,S3-39694841
S1-839198510	S2-394453229
S1-839208808	S3-781333022,S3-593404744
S1-839360627	S2-442559416,S2-544421830,S2-171839308,S3-926239601
S1-839386652	S2-527108919,S3-872339432,S3-586243227
S1-839412169	S3-441121599,S3-280352934,S3-65642973
S1-839430066	S2-835065266
S1-839451285	S2-452721765,S2-16072945,S2-20447940,S2-16988237,S3-25876818,S3-638737549
S1-839471601	S2-616830491,S3-692123059,S3-319836944,S3-729501581,S3-622039712
S1-839809370	S2-684199001,S3-223869132,S3-815929683,S3-136457482
S1-839919721	S2-139440357,S3-288297170
S1-840229101	S2-291181,S3-999522065,S3-935000203
S1-840288455	S2-488609828,S2-816088886,S2-135831758,S3-219730130
S1-840290958	S2-851827214,S2-47109021,S2-930643956,S3-70873819,S3-892313235,S3-501792539
S1-840360457	S2-728300426,S2-834487134,S2-228971405,S2-373425305,S3-489117723,S3-620676665
S1-840371695	S3-947486624
S1-840389727	S2-348566802,S3-4632506,S3-982402344
S1-84042848	S2-820120992,S2-786048709,S2-969654620,S3-885074342
S1-840429766	
S1-84043437	S2-279526599,S2-535336065,S3-494834442,S3-642243223,S3-896065219,S3-895148011
S1-840701272	S2-435143871,S3-580619535,S3-109529055,S3-94308988
S1-840784763	S2-723660144,S2-476780776,S2-958111732,S3-671210400,S3-781779251
S1-840848828	S2-652481365,S3-777073337,S3-455083805,S3-630804543
S1-84085837	S2-949424175,S2-301135916,S3-639474925,S3-331920758
S1-841019332	S2-602841330,S2-942937900,S2-899125236,S2-596620641
S1-841051215	S3-98790280,S3-551981293
S1-841103342	S2-76482945,S3-292929961,S3-847071511,S3-645552890,S3-188223051
S1-841134114	S2-470106337,S3-684359602,S3-834337035
S1-841230287	S2-108607543,S2-490726095,S3-725648977,S3-6353148
S1-841230577	S2-930482275,S2-1693675,S2-939654138,S3-24214559,S3-863416054,S3-608247152
S1-84130426	S2-399329168,S2-845530402,S2-322473554,S3-678858880,S3-804916155,S3-617834378,S3-601206277
S1-841353019	S2-771066873,S2-431758402,S2-322442210,S3-883724199,S3-935569844
S1-841372310	S2-132592427,S2-748297606,S3-592236683,S3-678830935
S1-841436263	S2-838767411,S2-121097323,S3-943468907,S3-884099907
S1-841448075	S2-458383882,S3-909494683,S3-300224146
S1-841450263	S2-720673251,S2-538646891,S3-410232506
S1-841522675	
S1-841575677	S2-376761698,S3-422377973,S3-270624242,S3-239824933,S3-719083203
S1-841660638	S2-665802955,S2-358520153,S2-82396106,S3-370833504
S1-841704778	S2-831987336,S3-500881793,S3-129250318,S3-841135939,S3-404774915
S1-841708449	S2-643708645,S2-766441968,S3-996258994,S3-714384908
S1-841746478	S2-432129901,S2-772799875,S2-25352052,S3-481321436
S1-841771933	S2-420457516,S3-128659459
S1-841787251	
S1-841810295	S2-10186545,S2-897078860
S1-841822769	S2-992573596,S3-258746666
S1-841824820	S2-458434382,S2-22246091
S1-841912393	S2-421199368,S3-763837743,S3-83565693,S3-603703273
S1-841966813	S2-453954630,S2-871530804,S3-552779593
S1-841975280	S2-580607479,S2-464741194,S3-546885722,S3-666775582
S1-841992200	S3-87871450,S3-881069450,S3-143141140,S3-314763921
S1-842166556	S2-967900853,S2-850176014,S2-228012307,S2-983580074,S3-37437336,S3-527484329
S1-842209119	S2-125214686,S3-381285628
S1-842337268	S2-16819572,S3-146546922,S3-738486078,S3-279611829
S1-842475779	S2-29048897,S2-798553074,S2-70170293,S3-956432605,S3-689677869,S3-785153393,S3-620453413,S3-639909932
S1-842499440	S2-59347754,S2-506438049,S2-632522993,S2-641218694,S3-961599325
S1-842567459	S2-280576847,S3-586897379,S3-495603983,S3-399831280
S1-842681413	S2-214088585,S2-616746791,S3-634111260,S3-566133,S3-534708330,S3-956353813
S1-842690126	S2-142538564,S2-676366363
S1-842704530	S2-660259777
S1-842749209	S2-651565461,S3-881431997
S1-842749814	S3-300754191
S1-842779855	S2-916724804,S2-485686189,S2-438321659,S3-697264540
S1-842779875	S2-207849510,S2-542388086,S3-874051501,S3-251370235
S1-842814469	
S1-842825091	S2-75462055,S3-47463543,S3-180224278,S3-326197426
S1-842881175	S2-930891307,S2-523911840,S3-659989303
S1-842927008	S2-890993319,S2-206580073,S3-312379873,S3-30870686
S1-84297210	S2-333507843,S3-553425241,S3-999434032
S1-843005056	S2-517105604,S2-416334234,S2-221427845,S3-889288124
S1-843040274	S2-242789987,S3-443723703,S3-462405522
S1-843051236	S2-602613032,S2-226868756,S2-749934767,S2-830784952,S3-129480003,S3-840821294
S1-843057898	S2-577551426,S2-69931164,S2-950738724,S2-29237907,S3-741820513
S1-843213944	S2-320185453,S2-751928883,S3-942879546,S3-176375731,S3-409542532
S1-843228682	S2-57584721,S2-600507635,S2-913647561,S2-835662773,S3-56524544
S1-843263546	S2-52025738,S3-98847731
S1-843350183	S2-114805333,S2-996629872,S2-99332450,S3-694449002,S3-543549643
S1-843360751	S2-645885908,S2-60295340,S2-380381459,S3-997141648,S3-661214599
S1-843401667	S2-474426472,S3-746208746
S1-843446706	S2-451361919,S3-724821255,S3-45756408
S1-843616776	S2-709648905,S3-471745240,S3-718508090,S3-15868444
S1-843854251	
S1-843955525	S2-903084442,S2-533868012,S2-219628348,S2-117505529
S1-843959529	S2-606146096,S2-404310649,S3-909258314,S3-427481732
S1-844022452	S2-51797139,S3-894617568
S1-844066547	S2-246469923,S3-515936156,S3-483513150
S1-844067282	S3-197311749
S1-84420546	S3-485553430,S3-104814770
S1-844217502	S2-567291030,S2-194922280,S3-780047453,S3-355325744
S1-844229811	S2-283445653,S2-780622005,S3-818952135
S1-844268045	S2-987114240,S2-484205544,S2-386201397,S3-618241287
S1-844273543	S2-553754996,S2-50739656,S3-884761398,S3-865590281
S1-844355628	S2-323496310,S3-670576769
S1-844362921	S2-878297096,S2-242289392,S2-407677495,S3-983872428
S1-844409914	S2-50737036,S2-759565683
S1-844434749	S2-184138834,S3-438413821
S1-844520139	S2-648855120,S3-518401680,S3-951945332,S3-481579686,S3-19125532
S1-84463695	S2-213875936,S2-218892082,S3-69304170
S1-844653086	S2-863443312,S2-950149943,S2-357938508,S3-627706256,S3-979349242
S1-844707121	S2-156894041,S2-897630926,S3-259265180,S3-269554089
S1-844715952	S2-246953336,S2-589576125,S3-859259993,S3-389574101,S3-474705241
S1-84478524	S2-170324342,S2-240850261,S3-57697032
S1-844824166	S2-536958011,S2-713046983,S2-931291245,S3-771205551,S3-260273762,S3-856357815,S3-75366233
S1-844831173	S2-24795733,S2-424446794,S3-193328169,S3-544886082
S1-844844016	S2-27712363,S2-725257519,S3-374083878
S1-84484813	S2-731550594,S2-261279738,S3-742573238,S3-271600457
S1-844851958	S2-399979175,S3-137698202,S3-359671705,S3-340992591
S1-844924463	S2-774140668,S3-976524885
S1-845123249	S3-196724743,S3-204714050,S3-545822469
S1-845125261	S2-950591219,S3-872374717
S1-845250131	S2-461796835,S2-561905782,S3-736557115
S1-845393093	S2-238662753,S2-593984001,S2-468375629,S3-731447988
S1-845482381	S2-21459078,S2-515240308
S1-845524160	S2-555396084,S3-443944753,S3-673462477,S3-168087812
S1-845544164	S3-273452819,S3-430555274
S1-845548340	S2-67570281,S2-335674298,S3-378968188
S1-845637659	S2-542210181,S2-814127583,S2-880919714,S2-695467346,S2-993014487,S3-929699006,S3-773898100
S1-84564271	S2-64668911,S2-881787468,S3-916793828,S3-448542593
S1-845650192	S2-544591141,S2-557832917,S3-464331231,S3-864425966,S3-877130934
S1-845658619	S2-937580995,S3-667120680
S1-845680434	S2-817352417,S3-954082121
S1-845771866	S2-630010862,S2-567033936,S2-521622031,S2-523367831
S1-845836373	S2-650773211,S2-164073147,S3-630044336,S3-11571812
S1-846111228	S2-532057683,S3-540200668
S1-846114959	S3-156155000,S3-157193930
S1-846160046	S2-970318829,S2-984465453,S2-317639475,S2-141968429,S3-946834585
S1-84620296	
S1-846206928	S2-614437397,S3-639738743,S3-605881965
S1-84623829	S2-423070773,S2-240181320,S3-820881960
S1-846284001	S2-538730249,S2-484092252,S3-127313536
S1-846308748	S2-75708251,S2-267021709,S3-516662239
S1-846372274	S2-619131955,S2-281558724,S3-432063803,S3-818215686
S1-846524215	S2-427578390,S3-862434469,S3-720626603,S3-398618046
S1-846531727	
S1-846558183	S2-443591947,S3-724493936,S3-184584941,S3-484920813
S1-846603254	S2-246995146,S2-124391006,S3-716523064
S1-846665684	
S1-846771152	S2-867535128,S2-474755354,S3-880946185,S3-915195337,S3-102970810,S3-96989708
S1-846811082	
S1-846822252	S2-44359754,S3-437984460,S3-272069994,S3-23460662
S1-84691449	S2-56994960,S2-346008249,S2-584047795,S3-537440341,S3-112173932
S1-846985916	S2-42053277,S2-838948759,S3-509304914
S1-847112221	S2-159811426,S3-232295695,S3-173040891
S1-847182337	S3-467452820,S3-654081606
S1-847193744	S2-262857219
S1-847220122	S2-921795134,S3-585555300,S3-310936491,S3-931716237,S3-346830901
S1-847295981	S3-406415347
S1-84730035	S2-505791791,S2-961911970,S3-226414238,S3-906717789
S1-847348250	S2-794764869,S2-868764244,S3-468344500
S1-84734957	S2-363004100,S3-917853234
S1-847372647	S2-595170164,S2-515343189,S3-994803021
S1-847445083	S2-951085531,S2-263872078,S2-271993931,S3-412222858,S3-784248556,S3-231366485
S1-847452448	S2-90170899,S3-64036870
S1-847490430	S2-498869975,S3-849251663
S1-847617373	S2-495573221,S2-110553046,S3-358743531
S1-847642657	S2-952718583,S2-878011566,S2-979347025,S2-695992817,S3-39993039
S1-847664585	S2-62592275,S3-429402230,S3-587998223,S3-757907676
S1-84777223	S2-262991543,S2-772586779,S2-858455185,S2-265399553,S3-244740898
S1-847787016	S3-307275361,S3-246113399
S1-847798710	S2-863565580,S2-653270992,S3-545054988,S3-71799669
S1-847926385	S2-416048812,S2-19207087,S2-392156096,S3-534929632
S1-847986758	S2-918467610,S3-455274358,S3-585642763
S1-848013587	S2-145810142,S2-655352752,S3-255036304
S1-848094955	S2-801252458,S2-912373163,S3-785011533
S1-848117019	S2-885933940,S2-276784770,S3-820372484,S3-833697382,S3-286034214
S1-848163329	
S1-848260728	S2-702450612,S3-899334978,S3-130696533
S1-84840801	S2-537167520,S2-675437673,S2-769430027,S2-190161834,S3-997496298,S3-157106473,S3-538560923
S1-84848384	
S1-848513509	S2-287868923,S2-119644024,S2-477745616,S3-737787989
S1-84851600	S2-53333372,S3-510865020,S3-688232020
S1-848674888	S2-928121817,S3-472129306,S3-785978243,S3-123264659
S1-848742634	S2-626051303,S3-109721319,S3-416104768,S3-969654733
S1-848877628	S2-243397415,S2-814851573,S2-399192779,S3-925467659
S1-848879282	
S1-848889173	S2-276492273,S3-367210783
S1-848989781	S2-941871788,S3-88091882
S1-849013087	S2-216091553,S2-404139178,S3-387024431,S3-444407232
S1-849068392	S2-176779007,S3-751658597
S1-849089359	S2-822978402,S2-701126390,S2-113221245,S3-743652548,S3-710121654,S3-765164056
S1-849238691	S3-739543080,S3-653784700,S3-971222218
S1-849260989	S2-140193211,S2-160602037,S3-410469924,S3-215938994
S1-849278785	S2-39199284,S2-529961986,S2-383412867,S3-399572309,S3-243482874
S1-849326563	
S1-849450203	S2-499799358,S2-545167153
S1-849450653	S2-942488951,S3-71614069,S3-774679629
S1-849494421	S2-146239362,S2-282808999,S3-525647462,S3-490343822,S3-701640785
S1-849525650	S2-523098972,S2-129024962,S3-785517754,S3-36024948,S3-609464298,S3-311559048,S3-98376267
S1-849561408	S2-917256638,S2-436163258,S2-741128498,S2-52758196,S2-572207265,S3-501695118,S3-209832423
S1-849572883	S2-67932822,S2-522116042,S3-827110383,S3-791304565,S3-362949005
S1-849741788	S2-306664915,S2-650625656,S2-728894595,S3-420053378
S1-849784330	S2-553280678,S3-912798299,S3-420961574
S1-849935193	S2-66583447,S2-372306045,S2-921445438,S3-716617891,S3-628147236,S3-322086022
S1-850154419	
S1-850387202	S2-900619304,S2-881966132,S3-775365545
S1-8503983	S3-866827882,S3-175125243
S1-850471494	S2-820095041,S2-930778372
S1-85055154	S2-549189629,S3-879883524,S3-549503538,S3-394094455
S1-850718296	S2-635958746,S2-430131435,S3-742370165
S1-850869875	S2-706990446,S3-744164482,S3-590743266,S3-711090832
S1-850887600	
S1-85093450	S2-828640076,S2-67420080
S1-850936939	S2-648705604,S2-435749179,S3-997992246,S3-469409727
S1-850942653	S2-938253691,S3-988431472,S3-226656997,S3-870031942,S3-845033782
S1-851071728	S2-45719206,S2-400500502,S2-749716325,S2-826772265,S2-492272539,S3-869888741,S3-479539691
S1-851111052	S2-658025964,S3-69352410
S1-851260129	S2-544804330,S2-645851168,S3-185522225,S3-822845443,S3-612076952,S3-659315103
S1-851284736	S2-833078801,S2-830973435,S2-542997001,S3-799623437
S1-851294451	S2-632886208,S2-22922790,S2-454639565
S1-851430567	S2-806921951,S2-527381654,S3-222919921
S1-851571468	S2-807730073,S2-411148272,S3-123563085,S3-787225241
S1-851592654	S2-185670237,S2-688248881,S3-354979226,S3-30385968
S1-851615635	S2-587827162,S2-296294327,S3-627761905
S1-851664862	S2-346038683,S3-513137860,S3-134423826,S3-861716926
S1-851715477	
S1-851861520	S2-350028847,S2-25766445,S3-342340114,S3-78167059
S1-851887754	S2-63763796,S2-179878369,S2-257128257,S3-366317359,S3-745186033
S1-851914288	S2-65432885,S2-736415779,S2-25187121,S2-979450018,S3-677519383,S3-787353151,S3-951511789
S1-852060772	S2-868373789,S3-470533862,S3-767473715
S1-852089267	S2-169031131,S2-848099646,S2-618517732,S3-771099481,S3-977557593
S1-852115953	S2-704592576,S3-697933109,S3-673871632
S1-852184357	S2-669398218,S2-458932358,S2-715451895,S3-198336269,S3-907700404
S1-852223615	S2-448578973,S2-798119488,S3-631507653,S3-205601564,S3-57444562,S3-678888876
S1-852243126	S2-580073791,S3-126573487
S1-852375717	S2-117778547,S2-897415113,S2-221962310,S3-693443609
S1-852543206	S2-516252091,S3-750140746,S3-97469956,S3-128515461
S1-852579672	S2-679179974,S3-860734098,S3-303706106
S1-852616419	S3-412673883
S1-852775346	S2-68861266,S2-676786266,S3-299926721,S3-253754685
S1-852839049	S2-354254228,S2-951307547
S1-852847928	
S1-852938877	S2-796439341,S2-463471456,S2-135882152,S3-421143608,S3-437400993,S3-513498044
S1-85297727	S2-205899276,S3-222637981,S3-990577966
S1-853039098	S2-730536966,S2-962946638,S2-935349915,S3-849863048,S3-696612868
S1-853099110	
S1-853137291	S2-50241945,S2-181448860,S2-652582140,S3-804584235,S3-897545931,S3-594015552,S3-835574813
S1-853282340	S2-790619030,S3-896806330,S3-642417810
S1-853324580	S3-295785977
S1-853394570	S2-347652819,S2-269072119,S2-267754683,S3-598276926,S3-556310483,S3-935934226
S1-853394816	S2-864711797,S2-753900530,S3-709959216,S3-592161220
S1-853427980	S2-654893312,S2-219890434,S3-468198897,S3-587397556,S3-109840539
S1-853435092	S2-739948568,S2-99935023,S2-45498281,S3-117113310
S1-853478701	S2-884034570,S2-19098179,S2-952912685,S3-679075562
S1-85349688	S2-530360269,S2-880177716
S1-853662249	S2-56808236,S3-855820434,S3-271162500,S3-630536717
S1-853672223	S2-222208817
S1-853692877	S2-842679095,S2-492198755,S2-638740467,S3-16495728,S3-296039741
S1-853723036	S2-80295754,S3-480117283,S3-619660463,S3-350771677,S3-711845122
S1-8537596	S2-598412563,S3-801514307,S3-582577516,S3-557639772
S1-853926658	S2-590568477,S2-161994923,S3-347704825
S1-853934546	S2-675957332,S2-686372355,S2-313491603,S2-517933758,S3-493436544
S1-853935566	S2-920850450,S2-696020807,S2-174312768
S1-853952573	S2-473038256,S3-62221479,S3-215113520,S3-22406631
S1-853970102	S2-949022319,S2-948348805,S3-915756233
S1-854082262	S2-321814125,S3-231436871
S1-854290535	S2-831627713,S2-667319641,S2-841375518,S3-94406959,S3-216337665
S1-854314023	S2-834458803,S2-524040198,S3-523745746
S1-85432790	S2-240263006,S3-580723184
S1-854382974	S2-719299935,S2-219007898,S3-737564580,S3-289156739,S3-795101188
S1-854442122	S2-197160315,S2-884315462,S2-747971133,S3-769850181,S3-400660962
S1-854463244	S2-288690505,S2-176621432,S3-644024524,S3-924316405,S3-954150738
S1-854488888	S2-858691756
S1-854573057	S2-862647195,S2-385097390,S2-417433833,S3-745489650
S1-854644905	S3-176072336,S3-803803253
S1-854645540	S2-294231503,S3-641635383,S3-347922118
S1-85473170	S2-999643865,S3-618148451,S3-282341278
S1-854781490	
S1-854789017	S2-776755075,S2-644031144,S3-515788860
S1-854825166	S3-411223512
S1-854836461	S2-971774662,S2-569690965,S3-289378290,S3-860510444
S1-854841418	S2-271606443,S3-581282049,S3-715192999,S3-219230943
S1-854857288	S3-715116490,S3-956198353
S1-854858148	S2-477247807,S3-458394495
S1-854878302	S2-161396453,S3-729540180,S3-749111414
S1-855017113	S2-482646282,S3-520390069,S3-246314118
S1-855030373	S3-277497875
S1-855049338	S2-457311462,S2-608200520,S3-869699321
S1-855095706	S2-550747743,S2-759317396,S3-877473511,S3-801303458
S1-85515261	S2-614076130,S2-817416335,S3-118229945
S1-855172942	S2-274641861,S3-343622102,S3-580267781
S1-855195575	S2-229239480,S2-211158916,S2-524707564,S3-909719250,S3-947190389
S1-855351145	S3-947436566
S1-855367839	S2-156705830,S2-140937042,S3-635268047,S3-578837086
S1-855367886	S2-184338747,S3-346599904
S1-85546566	S2-653373486,S2-963727735,S3-520227855
S1-855578788	S2-825859870,S3-917957029,S3-804848450,S3-560279471
S1-855624936	S2-280564099,S2-767934604,S2-699817039,S3-229755305,S3-604114519
S1-855758029	S2-424152654,S2-973293149,S3-641088371,S3-667002824
S1-855774041	S2-691551276,S2-687700689,S3-200780730,S3-700591627
S1-855856941	
S1-855869221	
S1-855871215	S2-500339442,S3-416979777,S3-243008579
S1-855882517	S2-603383383,S3-427518289,S3-575699540,S3-610020791,S3-487053025
S1-85590331	S3-706468418
S1-855946035	S3-976469525,S3-505836314,S3-384104693
S1-8559523	S2-43431125,S2-392860341,S3-143884493
S1-855991886	S2-769730917
S1-856090614	S2-563143878,S2-264621046,S2-738925509,S3-827345239
S1-856255101	S2-555552381,S3-436714172,S3-615728523,S3-241820442,S3-63271514
S1-856304464	S2-657229725,S3-887389396
S1-856325933	S2-167167891,S2-91133870,S2-70590124,S3-921996311,S3-287732726
S1-856360569	S2-373979576,S3-453780694,S3-167949746,S3-481892381,S3-418666362
S1-856383632	S2-273100911,S2-253121245,S3-383690678
S1-856479749	S2-220689983,S3-87296858,S3-879245277
S1-856668091	S2-963460511,S2-925357348,S3-622548118,S3-198280507
S1-856696223	S2-980331508,S2-579658951,S2-385118767,S2-667944643,S3-448695117,S3-17556506
S1-856700560	S2-692184965,S3-433410819,S3-926486897,S3-503015979,S3-48379355
S1-856741305	S2-668010732,S2-172976270,S3-673320415
S1-856770798	S2-835756216,S2-536137604,S3-332441452,S3-535979643
S1-856876011	S2-835365139,S3-924521804,S3-302129579,S3-377811328,S3-15745756
S1-856924818	S2-415055166,S2-394084149,S3-636311826
S1-856943965	S2-273663532,S3-109553459,S3-410132248,S3-775789399
S1-856983931	S2-465152181,S3-587537389
S1-856987322	S2-275974980,S3-930873511
S1-857000043	S2-761768642,S2-518732342,S3-960714460,S3-441836719
S1-857022301	S2-495512988,S2-644360749,S2-253759714,S3-44169589,S3-902614651,S3-285329878
S1-857150673	S2-356738942,S3-796708388,S3-936407668,S3-79330288,S3-814118941
S1-857178731	S2-789015470,S3-811936038
S1-857195632	S3-465871166
S1-857266932	S2-235755636,S2-673043589,S2-84957704,S3-906544545,S3-984405415,S3-651041298
S1-857334782	S2-594719363,S2-521776814,S2-789900300,S2-537621510,S3-397205812
S1-857338184	S2-184424336,S2-565664420,S2-200284818,S2-354606623,S3-656973577,S3-185130393,S3-958725257
S1-857379560	S2-113394599,S3-360307906,S3-869026507,S3-642656191,S3-211043631
S1-857387924	S2-110080177,S2-755832079,S3-162160647,S3-661019696,S3-993702305,S3-449533373,S3-192168540
S1-857389865	S2-527941076,S3-952544441,S3-130450948
S1-857439773	S2-36349828,S2-181121618,S3-71972021,S3-396545247,S3-485403502,S3-372575968
S1-857455621	S2-836747312,S2-295708831,S2-992904664,S3-240776143
S1-857554989	
S1-857590099	S2-209686386,S3-374909663,S3-918286631
S1-857625312	S2-577329956,S3-714313466,S3-885348327,S3-706328947
S1-857641327	S2-41532500,S2-744773700,S2-726285122,S2-93374753,S3-708867812
S1-857666109	
S1-8577318	S2-168342316,S3-97217916
S1-857749147	
S1-857754652	S3-249519887
S1-857776408	S2-100248114,S3-673208569,S3-902747808
S1-857838067	
S1-8578404	S2-823577652,S3-274828215,S3-104033404,S3-981154027,S3-260400309
S1-857844733	S2-454545344,S2-621159210,S2-550440748,S3-411432485
S1-857874761	S2-329167127,S3-994375518,S3-220904363,S3-784153027,S3-735926362
S1-857941406	S2-497398203,S3-607856028,S3-230558113
S1-858074664	S3-207039994
S1-858119545	S2-35201749,S3-403532931,S3-114122704
S1-858149180	S2-146527879,S3-487420209,S3-159065982,S3-709023915,S3-753232054,S3-151855344
S1-858177444	S2-526873730,S3-424464677,S3-517958114,S3-140766914,S3-478804148
S1-858213239	S2-596400562,S2-378934077,S3-602800862
S1-858335336	S2-210986682,S2-993474948,S3-144900592,S3-171472775,S3-437512904
S1-858434377	S2-291677752,S3-300712640,S3-8472724,S3-383888041
S1-858504878	S2-82680243,S3-458785358,S3-813566389,S3-919954121
S1-858681377	S3-281798736
S1-858691532	S2-563183786,S2-987500436
S1-858737616	S2-745643740,S3-116854494,S3-239359944
S1-858814744	S2-69699069,S3-760252208,S3-351873713,S3-98563063
S1-858892790	S2-574981737,S3-266718108,S3-268699703
S1-858906553	S2-964458394,S2-228923315,S3-54816004
S1-858909445	S3-875463891,S3-603692250,S3-475361897
S1-858945303	S2-80461049,S2-833252235,S3-579592675
S1-85900954	S3-380899408
S1-859050515	S2-907210424,S2-671333105
S1-859095038	S2-22787011,S3-761459666
S1-859125799	S2-190816836,S2-76000851,S3-449501352,S3-19258542
S1-859141971	S2-670723578,S3-201130706,S3-82201487
S1-859178892	S2-178165118,S3-996167038,S3-602215652
S1-859193779	S2-656975148,S2-690842698,S2-993813565,S3-870881993,S3-980713462,S3-547944941
S1-859249016	S2-310688376,S3-884955193,S3-968222857
S1-859302855	S2-943324860,S3-634251460,S3-64409708
S1-85937592	S2-554215236,S2-950998127,S3-711879732
S1-859396752	S2-388409450,S2-866754482,S3-261412935,S3-164256198
S1-859407608	S2-558100630,S3-880704314,S3-509462452
S1-859450913	S2-423364819,S3-53890384,S3-581962533
S1-859494248	S2-408059243,S2-542198137,S2-998202520,S3-92929344
S1-859504416	S2-635810886,S2-996141746,S2-173764068,S3-38185489
S1-859508316	S2-644248280,S2-625880988,S3-16751166
S1-859517317	S2-366428695,S2-560024202,S3-968944833,S3-183480395,S3-435803012
S1-859610825	S2-545213464,S3-42231934
S1-859634270	S2-31371815,S2-995306590,S3-668773108,S3-571938464,S3-708110588,S3-693762685
S1-859647344	S2-6960714,S3-780005980
S1-859689007	S3-698220196,S3-746223167
S1-859764574	S3-15751520,S3-582206207,S3-596821846
S1-85983319	S3-531196370
S1-859842751	S2-735091271,S2-577015953,S2-86893377,S2-334263112,S3-462645853
S1-859849218	S2-699300538,S2-396446526,S3-217506251
S1-859929846	S2-482715434,S2-266052704,S2-241365518,S3-279129308,S3-613924515,S3-867881880
S1-859971724	S2-778861695
S1-860011923	S2-825583143,S2-490143385
S1-860031987	S2-980827352,S3-649359621
S1-860147168	S3-529579592
S1-860215931	S2-394783604,S2-383633789,S3-443971182,S3-196876788
S1-860443659	S2-654253526,S2-345521013,S3-579781386
S1-860648361	S2-954120275,S2-487804890,S3-679704585,S3-549780644
S1-860688895	S2-722809905,S2-868096494,S3-291972273
S1-860719037	S2-756381543,S3-230396832
S1-860841734	S2-638216720,S2-882737457,S3-421784766,S3-920675304
S1-860866286	S2-636890499,S3-356875071
S1-860878625	S2-73542620,S2-265507866,S3-460084043,S3-275062085,S3-33005007,S3-966088046,S3-258902753
S1-861062984	S2-199594368,S2-685041985,S2-614138679,S3-847088549,S3-209822532,S3-291997460,S3-660429814
S1-861091226	S2-696621574,S3-176163055,S3-898497594
S1-861207888	S2-410987816,S2-833167034,S3-695625727
S1-861233245	S2-514965532,S2-863840378,S2-500623814
S1-861262111	S2-288767730,S3-773595804,S3-560322756
S1-861266923	S2-321821231,S2-574384180,S2-232638563,S2-540290384,S3-132464436,S3-351188990,S3-671999189
S1-86132614	S2-105369032,S2-193832624,S2-778919318,S3-510510111
S1-86139912	S3-527519185,S3-363279512
S1-861460070	
S1-861508208	S2-962442814,S2-445638286,S2-398484115,S2-157623291,S3-30504288,S3-465697882
S1-861675418	S2-363222492,S2-677017496,S2-369359518,S2-127270484,S3-138693473,S3-881581336,S3-278394768
S1-861715860	S2-856309360,S2-715732222,S3-513889915
S1-861716074	S2-683524068
S1-86175105	S2-462522070,S2-444557147
S1-861774047	S2-339649722,S2-732975610,S3-829835546,S3-865154104,S3-416028307
S1-861777987	S3-251421464
S1-861795887	S2-200565879,S2-59170570,S2-277232883,S3-638162768
S1-861803105	S2-409916290,S3-67414994,S3-20669365,S3-197628283
S1-861825800	S2-229999534,S3-486572101
S1-861854198	
S1-861973508	S2-36775255,S3-494650222,S3-188846442,S3-354430612
S1-862004395	S2-166550744,S2-609536375,S3-146205730
S1-86204447	S2-646499964,S3-222465
S1-862055949	S2-881508288,S3-923113228
S1-862065343	S2-939196025,S3-823108644,S3-159410817,S3-64704306
S1-862126500	S2-66334365,S2-702245949,S2-400045746,S3-507363222,S3-781761138
S1-86226658	S2-651818672,S2-543428733,S2-321437304,S3-428297885,S3-273860322
S1-862364967	S2-876903252,S2-119000613,S2-744327096,S3-2996539,S3-903231305
S1-862436243	S2-814105143,S3-894386307,S3-636460933,S3-643116635
S1-862441228	S2-822086404,S3-648908600
S1-86255213	S2-747871341,S3-40441939,S3-889542961
S1-862844725	S2-784764122,S3-760816136,S3-716781640
S1-862854125	S2-842486866,S2-391445555,S2-360746804,S3-844177055,S3-637466349,S3-927282839
S1-862861494	S2-407321561,S2-805742715,S3-135944230
S1-862973291	S2-998033330,S2-740598837,S3-659612376,S3-439612513
S1-863002559	S2-379906698,S2-63069355,S2-15006202,S3-537622429,S3-41963920,S3-496829379
S1-863068799	S2-415409761,S3-743665042
S1-863199773	S2-565943429,S2-236800548
S1-863322702	S2-98521551,S3-392513028
S1-863347620	S2-241289585,S3-881996926,S3-542345909,S3-160632766
S1-863356564	S2-675375812
S1-863365038	S2-964154005,S3-138994236,S3-549113828
S1-863367422	S2-336024415,S3-904875932,S3-608574390,S3-845371691
S1-863427211	S2-967503139,S3-561853041,S3-587512290
S1-863439327	S2-59444050,S2-659276840
S1-863671525	S2-568501685,S2-855322594,S3-725883874
S1-86373887	S2-900891085,S2-385714552,S3-912755576,S3-433804168,S3-106978071
S1-863742673	S2-107578184,S3-544063697,S3-123635274,S3-277645951
S1-863824104	S2-332860343,S2-201403596,S3-11222550
S1-863833311	S2-80107329,S3-63119488
S1-863859848	S2-876347215,S2-255297642,S3-745946671,S3-898006018
S1-8639162	S2-955765616,S3-971731105
S1-863994635	S2-482520653,S3-247470237,S3-561170137
S1-86412936	S2-126042401,S2-726525286,S2-513057632,S3-244119385
S1-864146894	S2-211384953,S2-86710016,S2-576457709,S3-245067270,S3-698580278,S3-517201207,S3-801701835
S1-864537289	S2-943852680,S2-45097074,S2-74716348,S3-693095502
S1-864586632	S2-942187271,S2-15984208,S2-491355106,S3-753614376,S3-932968977,S3-722629056,S3-224538702,S3-817558376
S1-864615947	S2-347389404,S2-281428750,S2-253034348,S2-954386763,S3-405509597,S3-599080090
S1-864661594	
S1-864674544	S2-288429624,S3-981073369,S3-831675268
S1-864734643	S2-994605041,S2-515538536,S3-342144181
S1-864747563	S2-95498046,S2-613840860,S2-973391359,S3-727561424
S1-864797461	
S1-864851802	S2-56113464,S2-601695956,S2-595171478,S2-353124313,S3-449130971,S3-472477824,S3-579187454
S1-864930573	S2-250728123,S3-351112173,S3-902505547
S1-864979957	S2-575290978,S3-810418792,S3-135098051,S3-74717472
S1-864999236	S2-230786039,S3-593990563,S3-202623266,S3-49729671,S3-329406687
S1-865030185	S2-705124969,S2-695725294,S3-176405907,S3-598514240
S1-865099747	S2-567590877,S3-79761277,S3-384962662
S1-865133057	S2-569650902,S3-819730119
S1-8651414	S2-436932794,S2-563566994,S3-857435098,S3-140320882,S3-329043189,S3-817235934,S3-331736675
S1-865144505	
S1-865165925	S2-385623179,S2-87556287,S3-53475236,S3-829269326,S3-660609260,S3-864325735
S1-865178970	S2-125934893,S3-83076333,S3-562888336,S3-218388992
S1-865255558	S2-77214368,S2-780868123
S1-86536232	S2-387337212,S3-349641421,S3-245578978
S1-865408882	
S1-865578467	S2-332434010,S3-880808008,S3-138885145
S1-86563206	S2-550352808,S3-64573659,S3-694714274
S1-86568868	S2-323430181,S2-889898237,S3-748688628
S1-86568938	S2-759166069,S2-158158301,S2-921163391,S3-688311385
S1-865693632	S2-712855528,S3-570826323,S3-188603486
S1-865703549	S2-616959720,S3-368303430
S1-865708326	S2-681492918,S2-824808091,S2-727104065,S2-750988945,S3-600505846,S3-456689361
S1-865822799	S2-325327329,S3-492810933,S3-340135989,S3-750168108,S3-413545293
S1-865872248	S2-640838591,S3-374739299,S3-807746535,S3-450253212
S1-865899463	S2-474602225,S2-627324621,S2-584259690,S2-862096719,S3-175507803,S3-7760684
S1-865993632	S2-793817229,S2-661332015,S3-907660721
S1-866073358	
S1-866094734	S2-678070101,S2-121263697,S3-125580593,S3-395318625
S1-866104913	S2-580211432,S3-107208711
S1-866217259	S2-234356405,S3-554907587
S1-866220097	S2-40115084,S3-428373187
S1-866229819	S2-35554040,S2-692366069,S3-773223703
S1-866316019	S2-643724413,S2-394489221,S3-75639607,S3-568643674,S3-230762595
S1-866433277	S2-649028884,S2-465128513,S3-428453410,S3-611170543
S1-86649469	S2-316826200,S3-776950012,S3-223173951
S1-866505697	S2-630303285
S1-866577191	S2-816777417,S3-794107743,S3-219533687
S1-866708899	S2-143224746,S3-713955893,S3-206748983
S1-866713534	S2-693677467,S3-827900891
S1-866771210	S2-222869131,S2-954788251,S3-526594050
S1-866812512	S2-519165801,S3-931085480,S3-823575077,S3-662998156
S1-866918076	S2-534611324,S2-451080217,S3-960221301,S3-711087555,S3-297583002,S3-193238633
S1-866999043	S2-367195912
S1-867060268	S2-376841088,S3-846865813
S1-867078617	S2-624688842,S2-265774927,S2-36568495
S1-86708217	S2-889686064,S2-705040251,S3-644932607,S3-809000069,S3-753048164
S1-867169697	S2-330854133,S3-560157240,S3-599731141
S1-867197930	S2-243605478,S2-330301673,S3-691986995
S1-867212762	S2-539596292,S2-319106336,S3-6526660,S3-691758562
S1-867237965	S3-153821798
S1-86727586	
S1-867337952	S2-967213341,S3-361177426,S3-738413756
S1-867550791	
S1-867559922	S2-799411150,S3-176345751,S3-587947717,S3-501302725
S1-86762083	S2-687354380,S3-335504238
S1-867634028	S2-637784156,S3-220665827,S3-361807850,S3-892543799
S1-86767331	
S1-867675012	S2-112981205,S2-581201303,S3-941081198,S3-340113242,S3-416779362
S1-867829449	S2-797728768,S2-297979930,S3-585858031
S1-867830713	
S1-86788433	S2-422988803
S1-867910217	S2-892332649,S2-262748372,S3-256945803,S3-738066882,S3-353321390
S1-868017082	S2-413711508,S3-459778161,S3-914541293
S1-868039980	S2-788259112,S2-686826407,S2-671656158,S3-238354598,S3-765195905,S3-229541272,S3-476603403,S3-340969134
S1-868191215	S3-360725863
S1-868261378	
S1-868263095	S2-310061630,S3-463979354,S3-264823077
S1-868263279	S2-177574074,S2-382096756,S2-63862629,S3-162168667
S1-868327351	S2-968647418,S2-741454463,S2-583149269,S3-376509340
S1-868388733	S2-36950100,S2-289378921,S3-891655890,S3-609748957
S1-868549954	S2-947631350,S2-172317877,S3-861419234
S1-868608225	S2-38317224,S2-736026570,S3-858352210,S3-349313911
S1-868619953	S2-623847321,S3-324324427,S3-928130492,S3-707993490,S3-836698589
S1-868709707	S2-982849950,S2-866039448,S2-814443132,S3-426765714,S3-77124617,S3-856221477,S3-202782595,S3-842391868
S1-868735759	S2-606614999,S2-105133672,S2-623110885,S3-383496638,S3-885092417
S1-86873652	S2-831561127,S2-698349378,S3-453338399,S3-721499015,S3-934869593
S1-868777313	
S1-868852793	S2-287775944,S2-843919996,S3-730750425
S1-868927847	S2-518618684,S2-184957598
S1-869112185	S2-754167427,S3-102468280
S1-869190929	S2-826405230,S2-8714408,S2-269281577,S3-397685578,S3-936935886
S1-869223432	S2-734808877,S2-986845930,S2-512917313,S3-661179310,S3-777428737
S1-869271771	S2-575401200,S3-282155739
S1-869301646	S2-530775302,S2-557468322,S2-2342564,S3-941340729,S3-243784942,S3-91925330
S1-869327617	S2-352263842,S2-635539997,S3-514671227,S3-289783603,S3-749783794,S3-71825625,S3-737112009
S1-869457017	S2-567376460,S3-369285571,S3-679251253,S3-698802627
S1-869459168	S2-727584664,S2-396210047
S1-869527869	S2-364304400,S3-51619313,S3-549733383
S1-869610847	S2-157927026,S2-691145576,S3-130343575,S3-646829511
S1-869877783	S2-10927389,S2-848679092,S3-370352274,S3-477530953
S1-869955719	S2-105926690,S2-905097508,S2-257540696
S1-869979726	S2-89749738,S2-99621913,S3-345848323,S3-528331997,S3-782885173,S3-494021477
S1-869985989	S2-792783525,S3-392457330,S3-49686893,S3-315197496
S1-870026824	S2-209054004,S2-114206799,S2-114987284,S3-457247126
S1-870053322	S2-45164962,S2-408558153,S2-903519427,S3-294883508,S3-517108162
S1-87006783	S2-43181666,S3-86484938
S1-87026229	S2-100363061,S2-687044813,S3-251981782,S3-701959496
S1-870353034	S2-433042114,S2-219648054,S3-60860050
S1-870422626	S2-18743730,S3-326633997
S1-870428401	S2-843223598,S2-611037672,S3-255527731,S3-701469381,S3-437897427,S3-167367750
S1-870529002	S2-340149883,S2-737523234,S2-771182931,S3-767596305,S3-316199304,S3-137030565
S1-87053523	S2-88322545,S2-322948228,S3-163315270
S1-870643264	S2-598331578,S2-455192796,S3-986200652,S3-104092293
S1-870646806	S2-286147269,S2-34646731
S1-870662934	S2-877598213,S3-808742670,S3-215902664,S3-216693833,S3-151376222
S1-870764269	S2-572696906,S2-197746899,S3-501839154,S3-274530346,S3-862785679,S3-522517182,S3-511346508
S1-870919230	S3-958973403,S3-454043888
S1-871103173	S3-800852343,S3-10919322,S3-713029720,S3-56718549
S1-871123333	S2-296435070,S2-633531656,S3-400466381,S3-56435751,S3-998368416,S3-697679458
S1-871137478	S2-944327447,S2-636672253,S3-960598216,S3-775164117,S3-947430751,S3-727999010,S3-745696058
S1-871142674	S2-9019410,S2-314610282,S3-34330861,S3-754983479
S1-87117987	S2-454225779,S3-703492720,S3-797806025,S3-653782933
S1-871287567	S2-98163772,S2-799495691,S3-665278169
S1-871321093	S2-706756313,S2-926892035,S2-586288409,S3-825100091,S3-134510054
S1-871435891	
S1-871467775	S2-41546159,S2-440780839,S3-442741721,S3-146250866
S1-871658916	S2-247964258,S2-823137233,S3-304272913,S3-54608177
S1-871766113	S2-58951984,S2-969633145,S2-827696324,S3-888013436,S3-474812282
S1-871797544	S2-560030742,S2-220162549,S2-83945646,S3-16888180,S3-773651845,S3-530350892
S1-871872901	S3-874192129,S3-979089477
S1-872009107	S2-827994188,S3-955006129,S3-758011101
S1-872044621	S3-105130815,S3-623862976
S1-872105606	S2-180091052,S2-755197709,S3-3413426,S3-388356988,S3-779599816
S1-872166979	S2-492208105,S3-658397658,S3-265602897,S3-613074156,S3-801997350
S1-872285599	S2-498259324,S2-107711918,S2-574672151,S3-492004822,S3-135037709
S1-872294520	S2-197055125,S2-131440508,S2-984394398,S2-513933150,S3-681176559,S3-238115769
S1-872331006	S2-286775532,S2-305908110,S3-238144049,S3-778693045,S3-840356526,S3-827674349
S1-872416217	S2-662187934,S3-960688517
S1-872522506	S2-806141871,S2-478160464,S2-132000716,S2-69683080,S3-276251765,S3-884042498,S3-117348364
S1-872643773	S2-110618180,S2-35132448,S2-894735368,S3-701435146,S3-788514653
S1-87271106	S2-57627922,S3-423270195
S1-872736073	S3-56910105,S3-754609289
S1-872759802	S2-354771388,S2-36633403,S3-851332040
S1-872784329	S2-519416554,S2-982846693,S3-82493405,S3-682027161
S1-872786333	S2-196167775,S2-406232628,S2-560338304,S3-809152598,S3-944942421
S1-872818713	S2-913060091,S2-579435022,S3-256063992,S3-400023207,S3-451734671
S1-872869558	S2-277176768,S2-771359770,S2-177720041,S3-918125308,S3-241495488,S3-125222275
S1-872871733	S2-828134282,S3-922079864,S3-570563057
S1-872926560	S2-383261187,S2-251999513,S3-88913167,S3-497221324
S1-872935614	S2-567807678,S2-297128435,S2-63528762,S3-523395011
S1-872989766	S2-857668366,S3-612461202,S3-479640678,S3-469523525,S3-697346756
S1-873007661	S2-606322413,S2-759422977,S2-782134095,S3-497071697
S1-873231967	S2-441164361,S3-694571576,S3-2645277
S1-873256161	S2-382711351,S2-62966770
S1-873257817	S2-460237815,S2-909435064,S3-63495357,S3-160685545,S3-519607078
S1-873269781	S2-842350016,S3-693714764,S3-373113793,S3-54430624
S1-873271358	S2-93773759,S2-398841688,S2-180858676,S3-220295380,S3-964998372,S3-855732869
S1-873341409	S2-888111820,S2-697812732,S2-805650059,S3-434669498,S3-245176925,S3-670126722,S3-71187345
S1-873414698	S2-298846102,S3-722967861,S3-252032922
S1-873556968	S2-121316443,S2-657712508,S3-66106914,S3-320688752
S1-873581000	S2-676452878,S3-60165318,S3-851295412
S1-873589678	S2-84696791,S3-142985661
S1-873667435	S2-945543567,S3-767315063
S1-87372370	S2-895424319,S2-805338787,S2-508854958,S3-819946850,S3-581146705
S1-873826224	S2-246970184,S2-351145339,S3-430523800
S1-873998153	
S1-873999132	S2-396674809,S2-355666704,S3-6175246
S1-874006006	S2-714730055,S3-451878178
S1-874035262	S2-657216674,S3-482624745,S3-229283057
S1-87404516	S2-288427553,S2-428255478,S3-65306499,S3-110387836,S3-234826655
S1-874245257	S2-538372457,S3-61775958,S3-244609228,S3-191041533
S1-874291885	S2-128522384,S3-65019556,S3-867196920
S1-874297645	S2-252110290,S3-310683393
S1-87430002	S2-370904239,S3-326780874,S3-513686849,S3-121286472
S1-874313570	S2-743683872,S2-322804681,S2-389608056,S3-180544584,S3-966186320
S1-874322886	S2-664875226,S2-714517681,S3-420415357,S3-785368949
S1-874342424	S2-891944276,S2-705467725,S2-92242797,S3-601678792
S1-874368060	S2-424888316,S3-218286665,S3-179592708,S3-995331306,S3-785006219
S1-874456314	S2-797540222,S3-551153803,S3-205853929,S3-485198588
S1-87447096	S2-624177469,S3-136200595
S1-8745298	S2-993674111,S2-749640798,S3-554976899,S3-328779829,S3-459053030,S3-94151493
S1-874577164	S2-159084529,S3-709334455,S3-116796276,S3-320693599
S1-87458651	S2-518178313,S2-645666868,S2-529517560,S3-120993794,S3-41587128,S3-493999995
S1-874832866	S3-38175022,S3-258837543,S3-7630540
S1-874988735	S2-47946627,S2-560464339,S3-172750771
S1-874989260	S2-13292574,S2-151423816,S2-34064405,S2-618905797,S3-997423466
S1-875143575	S2-605868832,S2-981618729,S3-200813873,S3-199203490
S1-875185026	S2-460106245,S2-779119125,S2-332346197,S3-563120154,S3-185192222
S1-875235373	S2-186083690,S3-30683716
S1-875305824	S2-67347142,S3-863619130
S1-875440096	S2-139522365,S2-229880222,S3-518436609,S3-204692190,S3-767137702
S1-875447031	S2-356073548,S3-353774348
S1-875453979	S2-263425268,S3-704546239,S3-413717958,S3-838510961,S3-295075852
S1-875540358	S3-306812111,S3-845106887,S3-121185870
S1-875599055	S2-697172162,S3-300721482,S3-7779123,S3-441322248,S3-558095618,S3-989711866
S1-875661637	S2-8927599,S3-963968524,S3-155939525
S1-875716469	S2-24203072,S2-608747803,S2-720129528,S3-269084679
S1-87576947	S2-918366465,S3-769843006,S3-988930445
S1-875802590	S2-608764848,S2-702101089,S3-822490952
S1-875822850	S2-798803257
S1-87584551	S2-482500830,S3-656147613
S1-875983572	S2-397840511,S2-969851157,S3-793299261,S3-324416184
S1-876070170	S2-823763662,S2-228349559,S3-546277807
S1-876072819	S2-460698884,S3-543676502
S1-876108757	S2-660712106,S2-194755920,S3-854545947,S3-718280179
S1-876254635	S2-637695058,S2-562849843,S3-956482071
S1-876287594	S2-31757508,S2-425761977,S3-615182206
S1-876349012	S2-367136275,S2-111658677,S2-914805599,S3-312922094,S3-374021814
S1-876434626	S2-311413177,S2-482185172,S2-471109689,S2-673653994,S3-834799394,S3-643648847,S3-739926217
S1-876697190	S2-373648852,S3-416719114
S1-876771601	S3-947549046,S3-175047718,S3-954496632,S3-832117028,S3-994421296
S1-876805589	S2-185972408,S2-833262853,S2-670130621,S3-240529153,S3-330696249
S1-876832286	S2-118775067,S2-649064210,S2-115174220,S3-928595938
S1-876853598	S2-926338541,S2-777523621,S3-383468002
S1-876929674	S2-392013232,S2-286542234,S2-739128789,S3-368822154,S3-409225617,S3-888509847,S3-832134729
S1-876943446	S2-843223186,S3-180031983,S3-27273040
S1-876954241	S2-664371414,S2-348959106,S2-513129760,S2-94660205,S2-700072511,S3-241872448,S3-484934178,S3-551944108,S3-396833787
S1-876996835	S2-972130751,S3-881501070
S1-876997777	S2-748832862,S3-497875653,S3-542695453
S1-877001875	S2-118375950,S2-549177416,S3-158870495,S3-536017700
S1-877028174	S2-417863512,S3-234583140
S1-877066275	S2-335144216,S3-275927766,S3-138974875
S1-877119174	S2-684303883,S3-603253934,S3-380061220,S3-712988401,S3-605262686
S1-877137676	S2-564987301,S2-575746768,S3-326009132,S3-300126409
S1-877378025	S2-455981923,S2-432628838,S2-288820492,S3-986446676,S3-261100790
S1-877408783	S2-645130803,S3-491535306,S3-506799291
S1-877419999	S2-902823888,S3-322119128
S1-877430599	S2-801928185,S3-366654009,S3-442315765,S3-50316444
S1-877434305	S2-96957151,S2-992392532
S1-877533127	S2-296247936,S3-353818742
S1-877660081	S2-902256491,S2-169513999,S2-790432444,S3-288760054
S1-877701972	S2-413087384,S2-373186386,S3-494885946
S1-877702151	S2-697409642,S2-440299023,S2-366845924,S3-72755758,S3-982434865,S3-756483009
S1-877716373	S2-661801014,S3-258804234,S3-518494695
S1-877752382	S2-729496248,S2-70297951,S3-278859276,S3-997564837,S3-888123639
S1-877824096	S2-143257670,S2-423281630,S3-591734206,S3-231057872,S3-348757962
S1-877917370	S2-383515471,S3-54554828,S3-977177647,S3-942062446,S3-92865058
S1-878128299	S2-925802459,S2-356981419,S3-603353314
S1-878214446	S2-351697767
S1-878214778	S2-716150331,S2-435661429,S2-218616156,S3-347770672
S1-878240671	S2-297647412,S2-816811924,S3-111561697,S3-753099240,S3-657159507,S3-71698835
S1-878247687	S2-995659946,S2-789303791,S3-336321847,S3-201798681
S1-878316361	S2-565372972,S3-272761597,S3-912143771,S3-66420235
S1-878325307	S2-23683971,S3-259614277,S3-241146663,S3-872264902
S1-878343471	S2-716765105,S3-811475829
S1-878351680	S2-986449354,S2-637081506,S3-975741028,S3-635809240,S3-780061090,S3-170749456,S3-195658379
S1-878412817	S2-16728720,S3-511540667,S3-418076205
S1-878502441	S2-144589534,S2-953625025,S3-195512217
S1-878598722	S2-892526127,S2-283401176,S2-580373570,S2-222957203,S3-851059072
S1-878617013	S2-80315605,S2-221072767,S3-899752220,S3-945248987,S3-954493176,S3-662116446,S3-309085247
S1-878617066	
S1-878622315	S2-806902190,S2-501149874
S1-878622738	S2-346187656,S3-913313589
S1-878653843	S2-685362084,S3-143121809
S1-878659922	S2-114834659,S3-349441133
S1-878738429	S2-45558450,S2-635748321,S2-524019449
S1-878822398	S2-536774631,S3-698156087
S1-878956320	S2-180738068,S3-103910839,S3-773879838,S3-836792301
S1-8790128	S2-349762866,S3-2290225,S3-5668606
S1-879079121	S3-874868973
S1-879081584	S2-537893489,S3-511571041,S3-414293751
S1-879090689	S2-593800963,S2-258547890,S3-116671553,S3-891969513,S3-388257458,S3-956871455
S1-879102317	S3-28221834,S3-11105924
S1-879120794	S2-752979278,S2-56414259,S2-173782641,S3-79148464,S3-913978794,S3-522869391
S1-879162695	S2-120908474,S3-148029190,S3-722580948,S3-552064447
S1-879320544	S2-743957606,S3-11284251,S3-54952381
S1-879323657	S2-708591937,S2-779183994,S3-534201190
S1-879339663	S2-861013603,S2-153009079,S3-953759217,S3-899821978,S3-444254145
S1-879414334	S2-247451473,S3-61591470,S3-970831118,S3-902541900,S3-52216536
S1-87943912	
S1-87948234	S2-395448941,S2-591492168,S3-928558008,S3-851393196
S1-879528497	S2-581879662,S2-440958602,S3-433632139
S1-879528818	S2-664013903,S2-101321973,S2-128933708,S3-285632521
S1-879565332	S3-65238383,S3-278361695
S1-879750683	S2-657302594,S2-861192268,S3-510800377
S1-879793185	S2-556064450
S1-87993661	S2-774160386,S3-192472886,S3-299405504
S1-87996419	S2-895012397,S3-705362317,S3-842516277
S1-880070255	S2-935192670,S3-199795755
S1-880137731	S2-572372870,S2-875835843,S3-579651776,S3-657603248
S1-88020847	S2-502171240,S2-284347579,S2-281555281,S3-24133172,S3-834452532
S1-880242902	S2-551676052,S2-790713103,S2-778592010,S2-308372431,S3-748218908
S1-880288707	S2-672498048,S3-718527677,S3-535383502,S3-193671318
S1-880312744	S2-564191339,S3-322701093,S3-753803230
S1-880334576	S2-11023533,S2-442976255,S2-701431823,S3-557581457,S3-534110839
S1-880485935	S2-624256937,S3-859455361,S3-109601155,S3-391739400,S3-834620570,S3-78195957
S1-880487363	S2-848151567,S3-161265528,S3-18069432
S1-880521231	S2-441127695,S2-201023480,S3-145396821,S3-327033728,S3-822315449
S1-8807272	S2-194257513,S3-737972611
S1-880759081	S2-981567941,S3-722477951,S3-731773305
S1-880766137	S2-973810761,S2-49778475,S2-79711066,S2-501906426,S2-147231299,S3-712439860,S3-531643940,S3-124463629,S3-716171482
S1-880849250	S2-282157861,S3-419891269,S3-268535504,S3-704879226
S1-880898309	S2-955923529,S2-664804613,S2-549808702,S3-229732061,S3-251108556,S3-172349120
S1-880949388	S2-625064631,S2-997809515,S3-351921154,S3-319794538,S3-42941247,S3-669550887
S1-880957371	S2-901273566,S2-263325828,S2-685208359,S3-628607190,S3-110865811
S1-880975464	S2-152095443,S2-838083992,S3-12165463,S3-640091783,S3-291828859
S1-881185749	S2-220857086,S2-338514646,S3-564796553,S3-178056695
S1-881239372	S2-682072329,S3-911410897,S3-436631968,S3-133101937
S1-881261635	S3-440010728,S3-282781728,S3-913433796
S1-881324145	S2-262717233,S3-15743632
S1-881339767	S2-707582399,S3-635628376,S3-330197172,S3-940489803
S1-881361517	S2-254224492,S3-622024428,S3-660887886,S3-263815790
S1-881373252	S2-58308165,S2-352600091
S1-881376136	S2-130159405,S2-581982102,S2-83640605,S3-847195295,S3-627131742,S3-204832268
S1-881441454	S2-732233570,S3-431928703
S1-88167573	S2-809007596,S3-80784025,S3-660796252
S1-881696438	S2-98783028,S2-831816030,S3-81927400
S1-881697806	S2-945811756,S3-497538432,S3-449579665
S1-881748006	
S1-88175907	S2-615539051,S2-395345263,S2-19503848,S2-487643106,S2-297042721,S3-403597074,S3-521443771
S1-88179140	S2-804303865,S2-474130448,S3-242973484,S3-609100323
S1-881810644	S2-142816585,S3-735528281,S3-605827214
S1-881853153	S2-777197162,S2-282015692,S3-264836739
S1-881870148	S2-823228875,S3-101453925,S3-4252001,S3-145473447
S1-882040353	S3-849601220
S1-882337097	S2-930894671,S2-776996532,S2-313497359,S3-99999988
S1-882374456	
S1-882400153	S2-510606060,S2-9071108,S3-751397146
S1-882453513	S2-958537966,S3-200591484
S1-882538882	S2-554056550,S2-662421353,S3-787601266
S1-882581226	S2-497753893,S2-610281564,S3-649742149,S3-924716318
S1-882648602	S2-293934421,S2-333991262,S2-56057683,S3-917299209
S1-8826663	S2-280658770,S3-435113179
S1-882684029	S2-276527832,S2-382585445,S2-60470488,S2-949639997,S3-599776623,S3-769842800,S3-689124660,S3-648253506
S1-882692660	S2-5581256,S3-191195889
S1-882920828	S2-566222492,S2-291509747,S3-569175966,S3-836057433
S1-882997338	S3-592487680,S3-91581723
S1-883108018	
S1-883133227	S2-569956189,S2-897776615,S2-160557975,S2-667518345,S3-21314468,S3-556745642
S1-883243318	S2-603873251,S2-260737299,S2-597198832,S3-87384129,S3-133871199
S1-883261381	S2-418329643,S2-688621847,S2-832215525,S3-900712347,S3-542687582
S1-883268806	S2-991225011,S2-722556044,S3-685894601,S3-216263720,S3-498340126
S1-88342293	S3-505228941,S3-330794551
S1-88358204	S2-612224289,S2-44627119,S3-740488480,S3-933965080,S3-78089124,S3-124016483
S1-88358872	S2-496771461,S2-161111877,S3-440763691,S3-183175271
S1-883620700	
S1-883689129	S2-503836203,S2-142039996,S2-760660474,S3-179419123,S3-40393819
S1-88370256	S2-82827807
S1-883809392	S2-31480813,S2-6736391,S3-283487798,S3-368750742,S3-454106722,S3-737496348
S1-88383643	S2-788684345,S2-645570615,S3-90008680,S3-992473388,S3-716597541
S1-883913028	S2-573928331,S2-569878260,S3-775905220
S1-883973644	S2-346262429
S1-883973802	S2-881428405,S3-39414383,S3-177096921
S1-883997062	S2-612031825,S3-743122389,S3-177293425,S3-725656449,S3-87413961
S1-8840505	S2-480055218,S3-214530711,S3-579095455,S3-501654457
S1-884053133	S2-268675921,S2-953808818,S2-612457257,S3-609172117,S3-304996775,S3-623248384,S3-926272432
S1-884078827	S2-549976717,S3-291994342,S3-424797632,S3-218796441
S1-884105816	S3-805082911,S3-475454084
S1-88410751	S2-18646246,S3-881429395,S3-410818135
S1-884121276	S2-7817899,S3-139334144,S3-71045131
S1-88421071	S2-939082698,S2-140229711,S3-437421509,S3-114943998,S3-270486673
S1-884296927	S2-835478570,S3-364282480,S3-236811022
S1-884373504	S2-460626971,S3-179492405
S1-884509897	S2-86368873,S2-915736461
S1-884623969	S2-604913022,S2-365372340,S2-254879176,S3-940338828,S3-215079724,S3-977561734
S1-884649103	S2-320537509,S2-673523109,S3-36964289
S1-88465017	S2-316965442,S3-70850596,S3-231588653,S3-49362279,S3-783583825
S1-884655524	S2-807326650,S2-535933222,S3-280485483,S3-177465560,S3-268827831
S1-884681645	S2-57587447,S3-263888131,S3-322646827
S1-884762238	S2-370606643,S2-720452305,S2-651988935,S3-52227506,S3-277943006
S1-884855193	S2-407125366,S2-13523397,S3-122205397
S1-884917819	S2-738316640,S2-495663691,S3-385316804,S3-528143219
S1-884999973	S3-967573531
S1-885003105	
S1-885009148	S2-889799089,S3-406185810,S3-33238909,S3-955986535,S3-24642205,S3-433243258
S1-885017864	S2-939520301,S2-694452190,S3-648297895,S3-282060435,S3-590310051
S1-885154544	S2-555449353,S3-295418223
S1-885173653	S2-629735896,S2-922538149,S2-364347044,S3-760326656
S1-885210694	S2-881483597,S2-982915049,S2-4009821,S2-103879882,S2-867371401,S3-133326066
S1-885378065	S2-426464521,S2-774549327,S3-15066611,S3-381482154,S3-228456206,S3-322196407
S1-885418473	S2-638530927,S3-806352410,S3-777631541
S1-885434830	S2-807352255,S3-998225372,S3-58264943,S3-794098033,S3-559753937
S1-885444373	S2-180095187,S2-69228815,S3-231574763,S3-215950483
S1-885486806	
S1-885527772	S2-512405642,S2-967620693
S1-885555485	S2-812041807,S3-232558074,S3-835058570
S1-885602001	S2-987198606,S3-134435384,S3-35336884
S1-885629773	S2-724873611,S2-744170440,S2-257564441,S2-23353040,S3-609417583,S3-133130430
S1-885985848	S2-963438712,S3-224801522
S1-885994451	S2-959401772,S2-105954354,S3-861205555,S3-721706678,S3-217922157
S1-886019404	
S1-886041960	S2-643535167,S2-602809624,S3-617993792,S3-184002078
S1-88619521	S2-321484058,S2-617680982
S1-886198496	S2-797901406,S3-969617409,S3-823738618
S1-88628073	S2-265630380,S2-659150286,S2-558742409,S3-865496581,S3-819560561,S3-376008857
S1-886303500	S2-280265588,S3-425142008,S3-901466284
S1-886350955	S2-120054856,S3-185044913,S3-34997280,S3-996004440,S3-268878550
S1-886425753	S2-788688847,S3-305377957,S3-861700716
S1-886583206	S3-505852687,S3-926230861,S3-53717672,S3-894454936,S3-628250303,S3-38219137
S1-886657351	S2-140814919,S3-154293811,S3-243025177
S1-886669345	S2-241609305,S2-351936046,S3-714553251,S3-839550620
S1-886776991	S2-758107402,S3-372932371,S3-228621614
S1-886946697	S2-257391570,S2-978962231,S2-641907476,S3-222032271
S1-887145860	S2-302493393,S2-738179099,S2-43130659,S2-679061137,S3-952981287
S1-887189756	S2-275374663,S2-174423247,S3-504581169,S3-207694906,S3-760911149
S1-887191760	S2-838884852,S3-547293215
S1-887208566	S2-733553556,S2-633020324,S3-638677279,S3-650723763,S3-880203150
S1-88724766	
S1-887254408	S2-477335111,S2-176145743,S3-435535892
S1-887269191	S2-550237976,S2-929846176,S2-152782766,S3-469104302
S1-887413092	S2-595085274,S3-866034629
S1-88744027	S2-258255198,S2-413449448,S2-367482472,S3-623736256,S3-989365395
S1-887455967	S2-320436490,S2-231414992,S2-783667746,S3-124997088
S1-887597054	S2-224141758,S2-983584696,S3-545617688
S1-887680549	S3-828149029,S3-873253827
S1-887716537	S2-415427136,S3-3019895,S3-937341084,S3-311218732
S1-887775894	S2-879647101,S2-139944904,S2-696070316,S3-273556390,S3-737987116
S1-887982856	S3-587657566,S3-630054109,S3-758314208
S1-888134891	S2-277926699,S3-17108173,S3-243338253
S1-888160124	S2-446988545
S1-888232392	S2-288419103,S2-950936729,S3-605680978,S3-581275315
S1-888286118	S2-804648576,S2-512917921,S3-901437092,S3-866442355,S3-452808203
S1-888317052	S2-870752079,S2-220689082,S3-102815297,S3-696107029,S3-120865310,S3-971979898
S1-888510400	S2-746596431,S2-520696922,S2-171920846,S3-426638885,S3-608342418,S3-921888516
S1-888512924	S2-767770868,S3-997307351,S3-748299141
S1-888625179	S3-334171887,S3-700574358,S3-831110575
S1-888651350	S3-780611780
S1-888664389	S2-619062131,S2-157007093,S3-640287190,S3-452579989,S3-114046291,S3-240196182
S1-888728493	S2-875098051,S3-898532830
S1-888779555	S2-328550100,S2-924337156,S3-653378050,S3-43142970
S1-888900805	S2-644227011,S2-35717181,S3-64543338,S3-623833055
S1-889120630	S2-81553862,S3-776226535,S3-395662706
S1-889159032	S2-244250172,S2-122080271,S3-249884657
S1-889159057	S2-193651877,S2-103377630,S2-875560197,S3-628789336,S3-191250718,S3-390691633,S3-236659516
S1-889172609	S2-691723507,S2-833401154,S3-422311636,S3-370021314
S1-889267809	S3-395055549,S3-637243647
S1-889398412	S2-867213112,S2-21920062
S1-88943939	S2-36092687,S2-161172900,S3-684226994
S1-889464988	S2-653106558,S3-843064311,S3-168188086
S1-889466678	S2-714543523,S3-951052519,S3-450820471,S3-634193933
S1-889516986	S2-514078400,S3-979483450,S3-176633554,S3-148188150,S3-312193003
S1-889576268	
S1-889610502	
S1-889663755	S2-849387730,S3-830429233
S1-889732907	
S1-889734499	S2-485344453,S2-641432523,S3-872648910
S1-889737190	S2-920092123,S3-199326394,S3-432190897
S1-889869505	S2-74518732,S2-878239718,S2-296002020,S3-627413247
S1-890033480	
S1-890220625	S2-609532725,S2-370149218,S2-771603601,S3-29229080,S3-138510354,S3-117419707
S1-890228867	S2-746307294,S3-472758874,S3-744630057
S1-890293444	S2-281287255,S2-152848042,S2-161928219,S2-784973591,S3-20076229
S1-890296692	S2-181684161,S3-43818336
S1-890415348	S2-859276518,S3-420885316,S3-885859742
S1-890452935	S2-149541491,S3-628285359
S1-890485759	S2-843798396,S2-522680186,S2-814475904,S3-162703435,S3-152286074
S1-890500366	S2-405846819,S2-628121156,S3-110817038
S1-890521531	S2-893332868,S2-345757126,S2-715018160,S2-25403791,S3-280375913,S3-387772450,S3-578156207,S3-617832142
S1-890544955	S2-664625347,S2-429412671,S2-585817249,S3-806181575,S3-37428534,S3-847215093
S1-890640668	S2-415182867,S3-207081609,S3-958840025
S1-890654418	S2-500151462,S2-6439407,S3-265717457
S1-890710527	S2-955831073,S2-975219973,S2-722695859,S3-366076444,S3-142025324
S1-890748583	S2-777160206,S2-554780147,S3-948321393
S1-890785162	S3-677931020,S3-525079072,S3-694509054
S1-890909618	S3-173325861,S3-322273498,S3-652408536
S1-890916605	S2-916496167,S2-400639363,S2-550419279,S3-131721382,S3-858226403
S1-891270810	S2-28179798,S2-321749724,S3-991907925,S3-347902819,S3-637050935,S3-937560621
S1-891366252	S2-82617020,S2-337147176,S2-481366881,S3-327133256,S3-193732972
S1-891373465	S2-896676634,S3-391829974,S3-809483536
S1-89144338	
S1-891499467	S2-149450152,S2-154667987
S1-891499530	S2-662319129,S2-144393583,S2-746031470,S2-783246486,S3-249888087,S3-54496836
S1-891500214	S2-88851836,S3-824896243
S1-891695993	S2-910087592,S2-264853400,S3-811646683,S3-229870109
S1-891714788	S2-945512124,S3-701302317,S3-524385299,S3-984213374
S1-891735903	
S1-89177213	S3-82933927,S3-643226583
S1-891844371	S2-963678042,S3-357585610
S1-891853055	S2-870870541,S3-520305278,S3-343248188,S3-761499670
S1-891865432	S2-310779740,S3-499740141,S3-377499368
S1-891903567	S2-657266287,S3-373650244
S1-892003795	S2-564172143,S2-744495936,S2-577899024,S3-687694084,S3-50417850
S1-89205523	S3-728689051
S1-892141927	S2-197382865
S1-892150929	S2-343387437,S2-461402279,S3-102622932,S3-277365383
S1-892194511	S3-156325212
S1-892267632	S2-880702398,S2-788833702,S3-482686712,S3-113022307,S3-8395562
S1-892280365	S2-491404646,S3-247210040,S3-274210915,S3-109365677
S1-89228178	S2-541461317,S2-572997436
S1-892300769	S3-840272254
S1-89236595	S2-666124535,S3-785754518
S1-892372508	S2-639770242,S2-703401821
S1-89253766	S2-995612879,S2-133360782,S2-926623133,S3-731536596,S3-972123145,S3-993029998
S1-892545070	S2-11101865,S2-759234177,S2-885305489,S3-967124112
S1-892590818	S2-542269031,S3-457319638,S3-519185914,S3-578150417
S1-892719236	S2-256693325,S2-417147276,S3-442932030,S3-945018951
S1-892764122	S2-818852513,S2-183040107,S2-780196457,S2-699252993,S3-790536873,S3-882817587
S1-892817371	S2-591134041,S2-84990181,S3-69566252,S3-748864358,S3-223173717
S1-892834670	S2-911256995,S2-305043238,S3-354498752,S3-173567441,S3-632595514,S3-187011856
S1-892884513	S2-490450393,S3-986311615,S3-846399161
S1-892906665	S2-439857454,S3-953060153
S1-893054367	S2-297816564,S2-188750320,S2-282201487,S2-563424391,S3-591563878
S1-893162781	S2-108501294,S2-281580995,S3-774966789
S1-893188340	S2-545280036,S2-260322447,S2-643087464,S3-854346242,S3-961335379,S3-631817703
S1-893272951	S2-304482361,S2-537470604,S2-588161361,S2-974434161,S3-257463238
S1-893275337	S2-357720798,S3-240460082
S1-893291713	S2-39025155,S2-999679244,S3-94745049,S3-853573550,S3-649478961,S3-387092874
S1-893296297	S2-416275775,S3-164199534,S3-600348522
S1-893362663	
S1-893458830	S2-104470756,S2-847674767,S3-205347247,S3-612212529,S3-991411441
S1-893528102	S2-867015376,S2-389837914,S2-787863510,S3-445833073,S3-954986780
S1-893537761	S2-713629364,S2-272790046,S3-994623092
S1-893544900	S2-37457473,S2-413621280,S2-716835396,S3-258130735,S3-752054580,S3-257856597
S1-893584009	S2-285182649,S3-764220544,S3-895057533,S3-286058156
S1-893671698	S2-238458649,S2-342947707,S3-377697376
S1-893711145	S2-672994759,S3-572930083,S3-767081972
S1-893746299	S2-883535801,S3-522205337,S3-217729606
S1-893878905	S3-134392875,S3-740125126
S1-893884328	S2-27682767,S2-892734574,S2-662092687,S3-157321748,S3-788879656,S3-809759763
S1-893929793	S3-819053775
S1-894040616	S2-323666297,S2-85158354,S2-87310073
S1-894064046	
S1-894118672	S2-506318314,S2-964114274,S3-982181980,S3-323914502
S1-894132218	S3-385020914,S3-92962536
S1-894195310	S2-443045158,S2-489459138,S2-490016428,S2-467870548,S3-688616716
S1-894243260	S2-615584291,S3-706680756,S3-518867522,S3-61026043
S1-894274976	S2-75804653,S2-72385325,S3-70035759
S1-894313186	S2-9227261,S2-551265739,S2-172940359
S1-894371775	S2-469740980
S1-894520426	S2-729769370,S3-411984464,S3-663469774,S3-192187381
S1-894557663	S2-631755617,S2-619607800,S2-123077836,S3-768536701,S3-687252847,S3-270929328
S1-894614839	S2-479262670,S2-963372261
S1-894736147	S2-93330789,S2-697758867,S2-508022508,S3-11573652,S3-914975591
S1-894739748	S2-573147540,S2-993441879,S3-741957373
S1-894757353	
S1-894798291	S2-424460679,S3-218321373,S3-945545423
S1-894801304	S2-615483727,S3-876679975,S3-44929148
S1-894868531	S2-671145853,S2-594090513,S3-655560902,S3-566090395,S3-753094848,S3-931960968,S3-473942794
S1-894868651	S2-389660546,S2-677953532,S3-554177802,S3-791184814,S3-210340373
S1-895183894	S2-843150125,S2-739609546,S3-589693079,S3-331000085
S1-895197215	S2-365620163,S3-220319560
S1-895245728	S2-703433016,S3-628891030,S3-974570832
S1-895281693	S2-501012931,S2-683179946,S2-343154800,S2-840609495,S3-934135325
S1-89531909	
S1-895329448	S2-860768679,S3-830669001,S3-887863757
S1-895349977	S2-1519936,S3-635159193
S1-895402799	S2-45412176,S3-690548466
S1-89553293	S2-281763598,S3-558076523,S3-289848440,S3-591656708,S3-188572655
S1-895537836	S2-557788202,S2-272232502,S3-399768973,S3-597988806
S1-895547640	
S1-895570092	S2-230754016,S2-90243744,S3-474985286
S1-895616933	S2-633821800,S2-611878088,S2-353009613,S2-422938629,S3-922898354,S3-368023328
S1-895710574	S2-106722915,S2-29832113
S1-895749942	S2-400080122,S2-982732454,S3-225810422
S1-895756733	S2-691159863,S2-42726349,S3-930660211,S3-914990896,S3-363426611
S1-895823173	S2-983774905,S2-597039915,S3-86278554,S3-693562871
S1-895865670	S2-227884007,S2-478429351,S3-657116822,S3-130977628
S1-895887407	S2-60139809,S2-182305414,S3-982787007
S1-895897479	S2-653281842,S3-452612686
S1-895902412	S2-967941917,S3-151978560,S3-303473833
S1-895944303	S2-545499106,S3-597352099,S3-503623010
S1-896103972	S3-881788570,S3-471259460,S3-573568943
S1-896114997	S2-312898788,S2-872156784,S2-519473287,S2-309763077,S3-227908455,S3-115362531,S3-314317373
S1-896129457	S2-438483525,S2-604940434,S2-850873090,S3-177523911
S1-896148968	S2-764858923,S2-873375547
S1-896169704	S3-745863663,S3-185214929,S3-801122770
S1-896372838	S2-931042356,S3-538892784,S3-292521237,S3-905725142
S1-896428973	S2-836752816,S2-890464143,S2-44784901,S2-133605354,S3-907190013,S3-345134675
S1-896633307	S2-296548861,S3-972753921
S1-896635396	S2-604541750,S2-837341031
S1-896641561	S2-247527708,S3-597466981,S3-821828102
S1-896660947	S3-212632487
S1-896680035	S3-701245482
S1-896753244	S2-546178397,S2-19556508,S2-72474750,S3-705467726,S3-747952318
S1-896754415	S2-921253074,S2-669857084,S3-927107246,S3-489832560,S3-549004420
S1-89679056	S2-632220202,S3-514883436,S3-167480754,S3-111042966
S1-896962213	S2-761379877,S2-621804408,S2-133035032,S3-721936758,S3-240847242,S3-958168580
S1-897157282	S2-113386385,S3-204790185
S1-897213036	S2-585476069,S2-6429708,S2-311474731,S3-215645919,S3-946830812
S1-897263885	S2-563977313,S3-726680324,S3-799411628,S3-979141822
S1-897282553	S2-13167917,S2-81463661,S3-591168231,S3-465011695
S1-897284954	S2-814050883,S3-55464005,S3-929153080,S3-8838748,S3-748634422
S1-897333716	S2-219619528,S2-125119686,S3-199023133,S3-303403338,S3-670559487
S1-897422624	S2-736276764,S3-807217444,S3-139023852,S3-504646720
S1-897446718	S2-118989463,S3-122447803,S3-734410425
S1-897485245	S2-934262837,S2-273455540,S3-203832268,S3-334789406
S1-89752088	S2-628186439,S3-884271789,S3-9798643,S3-660603089,S3-977392971
S1-89754275	S3-531839639,S3-736704600
S1-897588769	S2-294853409,S2-397340224,S2-597770411
S1-897611744	S2-377244143,S2-703264714,S2-679689403,S2-78239283,S3-465148827
S1-897818699	S2-382035426,S2-712798022,S2-427029826,S3-895163596,S3-425478259
S1-897902675	S2-527603993,S3-532880121
S1-898074739	S2-837645212,S2-426878825,S2-540733226,S2-118430762,S3-496140879,S3-623057507
S1-898086420	S2-885221700,S3-280998248
S1-898095019	S2-491988206,S3-289856432,S3-476224374,S3-627143459
S1-898146567	S2-338025974,S2-947874339,S3-773249055
S1-898318373	S2-731927859,S3-112509333
S1-898334717	S2-575655423,S2-550495193
S1-898355757	S2-746180732,S2-14988081,S3-653949096,S3-370008315
S1-898412577	S2-440778272,S3-269504456,S3-764810138,S3-970543529,S3-62329369
S1-898443939	S2-41826089,S2-1520212,S2-168933978,S2-193362601,S3-562777853,S3-621250499
S1-898459500	S2-570696157,S2-658363626,S2-412933075,S3-150644583,S3-666358036
S1-898481435	S2-317334919,S2-953708274,S3-665719596,S3-579229572,S3-83643968
S1-898525839	S2-675170236,S2-610091333,S2-367457468,S3-422218048,S3-797630705,S3-908750945
S1-898588293	S2-405054063,S2-994811797,S3-964262634
S1-898644521	
S1-898701115	S2-984065377,S2-492150687,S2-875886972,S3-264837611,S3-420994582,S3-224694698,S3-589582075
S1-898751542	S3-151302093,S3-936075307
S1-898817989	S2-886210565,S3-445847020
S1-898855221	S2-743579199,S2-378966670,S3-463833139,S3-205068155
S1-898919414	S3-764880348
S1-898947885	S2-700082203
S1-89902080	S2-108203752,S2-268766524,S2-139926340,S3-395646836
S1-899114547	S2-112629867,S3-937175027,S3-46543133
S1-899121913	S2-672052741,S2-46359974,S2-767780805,S3-484743841
S1-899453405	S2-791569416,S3-606149284,S3-516069265
S1-899500760	S2-842505357,S3-138156322
S1-899551872	S2-473469970,S2-681183068,S2-553268030,S3-402334481
S1-899553211	S2-724886025,S3-392187882,S3-738463830,S3-749788202,S3-392955850
S1-899615969	S2-265209122,S3-572825595
S1-899620153	S3-402389155,S3-549979965
S1-899727884	S2-960038203,S2-822968185,S3-722374474
S1-899742812	S2-338740167,S2-295259812,S3-374525376,S3-29607335,S3-600602070
S1-899793996	S2-89106691,S2-835003889,S3-798406435,S3-545934354,S3-910750930,S3-196454847
S1-899799553	S2-272783321,S2-401532941,S2-226725998,S3-445566077,S3-275125245
S1-899848655	S2-272322069,S2-74214325,S2-730642561,S2-741067877,S3-943635604
S1-899875946	S2-265469339,S3-765009952
S1-900037535	S2-585529235,S3-187321340,S3-473897662
S1-900049888	S2-363976963,S2-475941516
S1-900081289	S2-812956741,S2-55539536,S2-115281840,S3-618942735
S1-90014090	S2-289136138,S2-331569718,S2-233727792
S1-900249263	S2-836577800,S2-234690559,S3-859672708
S1-900282839	S2-859094754,S2-345493454,S2-34444523,S3-409882772,S3-397178695
S1-900286024	
S1-900322587	S2-941573455,S2-999112696,S3-3687459,S3-964530994,S3-72757376
S1-900331119	S2-801195287,S2-604495969,S3-154552476
S1-90037928	S2-414713251,S2-176339312,S2-669171074,S3-656799414,S3-399688743
S1-900453974	S2-721099508,S2-967302237,S2-163285749,S3-900051455
S1-900509931	S2-223236878,S3-292077106,S3-909053351
S1-900582766	S2-782829659,S3-390849730,S3-354710688,S3-142878418,S3-368845017
S1-90064450	S2-185694099,S3-158518806,S3-229328821,S3-545849289
S1-900755054	S2-173974194,S2-992827334,S2-58495307,S3-607172874
S1-900823970	S2-72691483,S2-113658482,S3-183796965,S3-678428788
S1-901010528	S2-267693860,S3-235556951,S3-47151849
S1-90101580	S2-602041071,S3-110942224,S3-544378277
S1-901021808	S2-20981330,S3-607426989,S3-307331754
S1-901142468	S2-763152342,S3-827484086
S1-901190777	S3-896856000,S3-684266624
S1-901221361	S2-875989622,S2-776438283,S2-356666280,S3-379333339
S1-901223222	S2-134112884,S2-435061338,S3-462056720
S1-901240577	S2-592218623,S2-440452287,S2-140622471,S3-997746921,S3-593119283
S1-901275968	S2-369572876,S2-408284441,S3-435481832,S3-737406089,S3-764493865
S1-901319633	
S1-901330685	
S1-901349187	S2-890000866,S2-2460231,S2-422232148,S2-707567267,S2-409728852,S3-887453377
S1-901387817	S2-207007713,S3-632895748,S3-572297918
S1-901395693	S2-194953025,S2-733167181,S3-309268282,S3-797492977,S3-398022853
S1-901657662	S2-305476053,S3-783427166
S1-901731088	S2-543288218,S2-780262548,S3-315224702,S3-818344315
S1-901735128	S2-973664329,S2-335870984,S2-784860809,S2-190041016,S3-189625332,S3-558025987,S3-684437530
S1-901803397	S3-611882394,S3-836939696
S1-901807938	S2-781063823,S2-817917225,S3-894707783,S3-608500884
S1-90180973	S3-541651476,S3-352892322,S3-250303394
S1-901879067	S3-110818661
S1-901950872	S2-38126127,S2-174181477,S2-354124144,S3-315136358,S3-17884720,S3-195642743
S1-902053071	S2-24805365,S2-789696273,S3-909006173
S1-902054396	S2-905087284,S2-367024906,S3-556873796,S3-459658289,S3-219143753
S1-902070378	S2-705439931,S2-713615633,S3-724921046
S1-902111302	S3-18486084,S3-653097736,S3-295506037
S1-902148031	S2-263767155,S3-757456814
S1-902189978	S2-479525112,S3-926845025
S1-902215882	S3-797642441,S3-141837023
S1-902472718	S2-997154334,S2-942062537,S2-528256809,S2-971312764,S3-527502972,S3-657051327
S1-902508731	S2-962655211,S2-57217527,S3-31655049,S3-948948589,S3-636974155
S1-902860209	S2-675646695,S2-389273635,S3-152112923,S3-44064816
S1-902963661	S2-875285193,S3-319946115,S3-230741721,S3-271959927
S1-903096233	S2-87301694,S3-777949300,S3-472381292
S1-903096560	S3-757010856,S3-116091189
S1-903130308	S2-549099220,S2-575290023,S3-801501285,S3-303540727
S1-903241457	S2-431885857,S3-780029544,S3-343827362
S1-903279475	S2-921606374,S3-688770448
S1-903301765	S2-36973285,S2-948576894,S2-388721954,S2-688984551,S3-27311354,S3-167863972
S1-9033644	S2-644719182,S3-406657065,S3-669561891,S3-426655327
S1-90337070	S2-428098533,S2-812893089,S3-317019155,S3-82289959,S3-856377104
S1-903408710	S2-674835048,S2-741025347,S2-369174348,S3-485858787
S1-903528838	S2-680383368,S2-821523687,S2-368314800,S3-537044745,S3-341735708
S1-903539459	S2-167375367,S2-138575806,S3-689274236,S3-933704341
S1-903766972	S2-188163655,S2-485485590,S3-214218853,S3-909705116
S1-903795058	S2-165513598,S2-819366789,S3-894332041,S3-157486920,S3-603970792,S3-181770673,S3-8197969
S1-903825911	S3-238723596
S1-90384449	S2-155486360,S3-220295871,S3-154547778,S3-651097490
S1-903886577	S2-217368020,S2-483480085,S3-559898530,S3-106387905
S1-90394237	S2-713961462,S2-746714744,S2-145527358,S2-328846939,S3-665043028
S1-903982124	S2-231647789,S2-538637510,S3-656581131,S3-45171934,S3-549461638
S1-90410951	
S1-904275931	S2-55328298,S2-26760677,S2-111194613,S3-957700171,S3-931890420
S1-904402910	S2-344943397,S2-197497836,S2-81997413,S3-764177095
S1-904418764	S2-867425388,S2-427478440,S2-696783663,S3-719948261,S3-898907586,S3-706752014,S3-764888996
S1-904453320	S2-201359573,S3-898123827,S3-628113591
S1-904476523	S2-314221003,S2-374330907,S3-48692316
S1-904502657	S2-116421479,S2-771224699
S1-90461414	S2-749248967,S3-943266603,S3-494796604,S3-420797786,S3-906924138
S1-904615514	S2-303732588,S2-60470160,S3-67665448
S1-904710323	S2-367532974,S2-156336887,S2-99364381,S3-870609346,S3-911089576,S3-211694615,S3-736947452,S3-271090956
S1-904817558	S2-326782235,S3-688807438
S1-904870112	S2-444043163,S3-793306441
S1-904937683	
S1-904965753	S2-328378166,S2-18333472,S3-778466508,S3-988879058
S1-904979793	S2-625960434,S2-457305207,S3-534717284,S3-643405442,S3-23396607,S3-382520411
S1-90499370	S2-373767301,S2-611156508,S2-137462667,S3-609602456
S1-905112931	S2-879329052,S2-853879448,S3-289764,S3-63871880
S1-905121355	S2-837238619,S3-73599980,S3-471760029
S1-9051957	S2-938349917,S3-450759180,S3-947473050
S1-905242355	S2-143321858,S3-645647161,S3-292856015
S1-905294959	S2-6751002,S2-257227408,S2-49196770,S3-782915186
S1-90535106	S2-183279361,S3-377204340,S3-83619643,S3-445320345,S3-175498791
S1-905355112	S2-400465368,S2-786866731
S1-905357645	S2-873675306,S2-654901016,S2-232896612,S3-947960178,S3-557464863,S3-315323010,S3-272002181,S3-792263313
S1-905411098	S2-413714400,S2-370304144,S3-485290437
S1-905513837	
S1-905636542	S3-507253709
S1-905731000	S2-692274129,S2-768996858,S3-804755807,S3-375386416
S1-905751242	S2-307760406,S3-939615938,S3-970582476
S1-905910662	S2-205436137,S3-228169966,S3-996942629
S1-90592322	S2-54254130,S2-572621335,S3-318842895,S3-601917313
S1-905929248	S2-464497540,S2-626129436,S3-171389992
S1-906032	S2-773777780,S2-80235258,S3-496590850,S3-571793365
S1-906048419	S2-264331366,S3-971841838,S3-973116066,S3-693224245
S1-90615632	S2-693452721,S2-323364845,S2-142725890
S1-906233493	S2-25857243,S3-693627525,S3-179282421
S1-906257587	S2-698017839,S3-364116085
S1-906284190	S2-319362354,S2-936542583,S2-636322460,S2-817491587,S3-171963882
S1-906302861	S2-803060608,S3-763973305,S3-506719751
S1-906395248	S2-48344563,S3-906844700,S3-550272511
S1-906428444	S2-91790174,S2-321816304,S2-664348256,S3-932095902,S3-751767229,S3-129054940,S3-71002681
S1-90643889	S2-453776249,S3-675343323,S3-924794057
S1-90648761	S2-863474446,S2-782015341,S3-309501187
S1-906512788	S2-436571266,S3-548793885,S3-532867524
S1-906518925	S3-558023840
S1-90652316	S2-378742895,S2-433657706,S2-198638057,S3-43343170,S3-714038930,S3-769451037
S1-906558745	S2-656155206,S3-699128861
S1-906563354	S3-383329894,S3-587488480,S3-293394598,S3-341863963,S3-191397707
S1-906669035	S2-5083141,S2-768848226,S2-715351045,S2-227839041,S3-204328262,S3-760378205
S1-906706358	S2-15463940,S2-835641989,S3-405006315
S1-906760573	S2-381983851,S3-707631830,S3-175010933,S3-611719622
S1-906796984	S2-137568497,S2-221983324
S1-906856251	S2-906617119,S3-328022382,S3-627344233
S1-906894660	S2-433196571,S3-863920731,S3-184194996
S1-90714117	S2-722441123,S2-379306860,S3-159987770,S3-282607645
S1-907261674	S2-817154659,S3-660629521,S3-1650863
S1-907313475	S2-655579534,S3-401151962,S3-566517493,S3-690516807,S3-47912747
S1-907373674	S2-132832587,S3-342076810,S3-86146475
S1-907402330	S2-268545216,S2-824115656,S3-520066462,S3-917622492,S3-260385826,S3-507743295,S3-273988224,S3-940954396
S1-907447296	S3-914774460,S3-85556052
S1-907456231	S2-380112429,S2-725218664,S3-156417033,S3-204080839
S1-907472085	S2-622440743,S2-429068395,S3-843686108,S3-587225447,S3-528420044
S1-90757918	S2-82248845,S2-777415892,S3-137971302,S3-671207871,S3-118071099
S1-907696701	S2-169579097,S2-89456135
S1-907845342	S3-409754488,S3-179774105,S3-791463474
S1-907868080	S2-282855146,S2-515837172,S3-200780752,S3-777059472
S1-907877315	S3-66567085
S1-907879742	S2-665058150,S2-404294790,S2-125424289,S2-673036562,S3-251704924,S3-151659720
S1-907882903	S2-404167240,S2-36408963,S2-239470030,S3-756233225
S1-907886774	S3-283780434,S3-716222765,S3-259958778
S1-907896508	S2-356259274,S3-644041227
S1-907971471	S2-479155099,S2-342663830,S3-987330104
S1-908034151	S2-408392887,S2-449215984,S2-79314479,S2-899220061,S3-305787227
S1-908041919	S2-185039760,S3-794404547
S1-908042950	S2-346960493,S2-851279665,S2-253559746,S2-475161261
S1-908053223	S2-725605933,S2-628456170,S3-320808853,S3-337722301
S1-908107075	S2-432767778,S3-8238727
S1-908130825	S3-27218611,S3-237023016,S3-42224200
S1-908151795	S2-425556956,S2-229867888,S3-729523816
S1-908218430	
S1-908283656	S2-672740838,S2-312011305,S2-464881805,S3-620479987,S3-994712484,S3-811311338
S1-908306036	S2-186527903,S2-590764063,S2-971466810,S3-142399694,S3-808656733,S3-36693956,S3-636180747
S1-908384998	S2-608354188,S3-113847985,S3-383974004,S3-341531942
S1-908392083	S2-35936874,S2-400150886,S2-982719926,S3-269253179
S1-908412057	S2-771087914,S3-351350648,S3-291095445
S1-908414430	S2-897945232,S2-405650592,S2-866791498,S2-229527297,S2-926762790,S3-700798077,S3-510926047,S3-981062592
S1-90867345	S2-177887822,S2-96085136,S3-797490167,S3-545827606,S3-53729223
S1-908727744	
S1-908744252	S2-11189393,S2-450292407,S2-291556345,S2-51998447,S3-119851809,S3-144118082
S1-908882300	S2-612826688,S2-403378220,S3-833946486,S3-665722909
S1-908960808	S2-660277217,S2-843326616,S3-268854182,S3-3474171,S3-507834119
S1-909128377	S2-402141723,S2-840002912,S3-7924384,S3-884566549
S1-909280943	S2-373638851,S2-774129050,S3-507118814
S1-909359943	S2-358215549,S3-182172911,S3-847052554
S1-90942205	
S1-909463437	S2-307903585,S3-723400862,S3-204842612,S3-655702992,S3-851102063,S3-201182092
S1-909534390	
S1-909602107	S2-403492985,S3-667720476
S1-909756027	S2-845628083,S3-159981651,S3-617465942
S1-90986421	S2-316760756,S3-680536447
S1-909870629	S2-285085644,S2-887287002,S2-752526040,S3-231602432,S3-457921303
S1-909951768	S2-287687746,S2-569289768,S3-707103241
S1-909998463	S2-607093117,S2-325450376,S2-16706812,S3-436748889,S3-545995711
S1-910016410	S2-359473227,S3-883028019
S1-9100492	S2-13553838,S3-722941172,S3-38789501
S1-910107186	S2-167182416,S3-324425623,S3-578495017
S1-910157811	S2-295467267,S2-857112216,S3-587715061
S1-910292237	S2-136747655,S2-572866964,S2-138341268,S3-751295434,S3-702617587,S3-202503617
S1-910311415	S2-464458107,S3-966198441
S1-910324261	S2-912272396,S2-521252959,S3-610821963
S1-910394875	S2-271166725,S2-31369683,S2-180471969,S3-914108216,S3-370536539
S1-910471994	S2-174035590,S2-957399939
S1-910506014	S3-676355738,S3-973939579
S1-910739557	S2-522260695,S2-673404333,S2-142331307,S3-634559848,S3-575602607
S1-910787115	S2-284439933,S3-540385209,S3-575407002,S3-517647585,S3-353874884,S3-702852217
S1-910808937	S3-431143396,S3-450011757,S3-459660927
S1-91085469	S2-107893375,S3-75715281
S1-910985046	S2-411496852,S3-249354614
S1-911114033	S3-67978612,S3-72572559
S1-911123820	S3-384751382,S3-69493423,S3-538633661
S1-911215113	
S1-91132620	S3-275917458,S3-846454095
S1-911335207	S2-32186302,S3-804966970,S3-890282189,S3-135805495
S1-911466358	S2-221669172,S2-527043966,S2-293737127,S3-414840349
S1-911477125	
S1-911539841	S2-374297304,S3-477642248,S3-908946364
S1-911606592	S2-719502795,S3-618170856,S3-640022772
S1-911611251	S2-299203281,S2-35529185,S3-96030324,S3-263464237
S1-911671547	S2-97937368,S2-496882210,S2-260326433,S3-817314957,S3-721557096
S1-911776765	S2-370758962,S2-762082322,S3-316491224,S3-423168300
S1-911783582	S2-45406226,S3-244362906,S3-569882213,S3-996509553,S3-871761627,S3-669467386
S1-912070502	S2-9703841,S3-675700981,S3-543308277,S3-599561198,S3-234698196,S3-12858979,S3-85373974
S1-912163075	S2-330326412,S2-196708810,S3-564218688,S3-95254481,S3-789642613
S1-912320521	S2-594328523,S3-178907144
S1-912387015	S3-875832912
S1-912451630	S3-372677621
S1-91254325	S3-133241582,S3-685330394
S1-912621022	S2-267545058,S2-618754255,S3-777197629
S1-912647451	S2-493914066,S2-114143215,S2-397981561,S3-151485662,S3-24866188,S3-452711570
S1-91272350	S2-927819770,S2-388402481,S2-2452880,S3-346865606,S3-534608212
S1-912763281	S2-697113089,S2-823506176,S3-405204422,S3-816078800,S3-449570813
S1-912982124	S2-1482007,S3-726976201,S3-69187044,S3-872522715
S1-912986180	S2-887480078
S1-913010782	S2-290839615,S2-870027386,S2-806567732,S3-868373837,S3-855625623
S1-913153337	S2-910543443,S3-898238496
S1-913172645	S2-55682566,S3-996446728
S1-913174065	S2-393920186,S3-529721139,S3-802152698
S1-913238996	S2-843907085,S2-431732397,S3-172448513,S3-738483806,S3-641949565
S1-913355532	S3-883602515,S3-234401510,S3-109064856
S1-913517874	S2-600966548,S3-678391837,S3-609587405
S1-913620755	S3-916256653,S3-766770664,S3-597877649
S1-913657988	S2-32944608,S2-604837091,S3-578728027,S3-600688082,S3-924333338
S1-913658761	S2-372944187,S3-7161576
S1-913690127	S2-580561875,S3-261048386
S1-91370437	S3-268574126,S3-722086602,S3-237462024
S1-913742125	S2-18346536,S2-5557854,S3-16926315,S3-561705079,S3-437613745,S3-848042854
S1-913784410	S2-895351912,S2-662792382,S3-168263898
S1-913867622	S3-76930299
S1-913936813	S2-622820403,S2-407905665,S3-472984754,S3-233032095
S1-914042964	S2-145075972,S3-539869030,S3-305212682,S3-956245794
S1-914172715	S2-64012149,S2-484970787,S2-610425656,S3-625527285,S3-84269985,S3-889454041
S1-914221787	S2-1708491,S2-432867252,S3-339507065
S1-914226476	S2-830260631,S2-960290006,S2-757535867,S3-557650750,S3-679553472
S1-914242033	S2-903322491,S2-146726066,S3-473270578
S1-9142669	S3-270434112,S3-789005043
S1-914369603	S3-655907619,S3-590863062
S1-914378437	S2-129512790,S3-796359544
S1-914433676	S2-549644929,S3-72270938,S3-836592700,S3-575252411
S1-914452631	S2-519196736,S2-851018427,S3-93547705
S1-91448943	
S1-914538618	
S1-914614949	S2-765310819,S3-686638095
S1-914634304	S2-685443501,S3-870925942,S3-405618488
S1-91463972	S2-947031989,S2-11727115,S3-632075272,S3-508609224
S1-914737643	S2-675681244,S2-571525606
S1-914759429	S2-393036271,S3-236736334,S3-220116630
S1-914792108	S2-426605787,S2-496909627,S2-957345265,S2-239184460,S3-459585673
S1-914857162	
S1-914877194	S2-382153748,S3-909539671
S1-914920691	S2-409538641,S3-987354569
S1-915001307	S2-863854802,S2-981017657,S3-468312212,S3-579836645,S3-39687495,S3-748409883
S1-915153245	S2-963257741,S3-426618778
S1-915158589	S2-29320950,S2-305436219,S2-392804889,S2-980254869,S3-93580036,S3-972791224
S1-915177880	S2-645963218,S3-824405392,S3-561425455
S1-915263685	S2-336961194,S2-635620103,S2-49696900,S3-86404832,S3-184668997,S3-938825112,S3-109357039
S1-915277690	
S1-915520773	
S1-915531958	
S1-915539458	S2-844138226,S2-817743203,S2-317579287,S3-850933937,S3-603909939
S1-915562684	S2-618352883,S2-89556073,S3-542419086
S1-915625601	
S1-915701622	S2-805082954,S2-515102519,S3-994715260,S3-75512595
S1-915750342	S3-934611544,S3-439984427,S3-806687734
S1-915848600	S2-595765431,S3-156532543,S3-45399437,S3-983926347,S3-838168379
S1-915951146	S2-519151467,S3-370866978,S3-43548210
S1-915996178	S2-185942883,S3-217728033,S3-730097279
S1-916016068	S2-575002957,S2-606057644,S3-895242262,S3-427020674
S1-916035922	S2-497853944,S3-857914936,S3-447569213
S1-916105470	S2-920841464,S3-277483603
S1-916139993	S2-946960820,S3-546075398
S1-916201198	S2-761050014,S2-925508285,S2-420531244,S3-492414457
S1-916201217	S2-955934736,S2-745865060,S2-100038480,S3-369058196,S3-594768836,S3-400236030
S1-916258197	S2-820131699,S3-107101418
S1-916293596	S2-483827609,S2-169489361,S3-158947946,S3-687080783
S1-916336236	S2-316151903,S2-643464628,S3-923617440,S3-64334732
S1-9163457	S2-921346674,S2-804841577,S3-887439484,S3-993291996
S1-916389327	S2-126920543,S3-368750618,S3-145238821
S1-916407411	S2-27497805
S1-916434278	S2-482918025,S2-955548293,S3-227799425,S3-406514327
S1-916436842	S3-34143823,S3-912909833,S3-24065900,S3-25025279
S1-916464361	
S1-916472469	S2-584859180,S3-662850837,S3-75310476
S1-916524694	
S1-916534307	S2-656367524,S2-881385006,S3-119165282,S3-881693665
S1-916650300	S2-473346897,S2-609830722,S3-693946469,S3-582447704
S1-916657363	S3-954348596,S3-506129712,S3-347716660,S3-497669770
S1-916822096	S2-910628901,S2-543136349,S2-539732471,S3-205793243
S1-916825026	S2-240632137,S2-685552082,S3-159432689
S1-916834401	S2-737293379,S2-469757062,S3-702829349,S3-576260566
S1-91686527	S2-572399193,S3-691926721
S1-9169986	S2-359992649,S3-854809137,S3-401161703
S1-917122198	S3-760766336
S1-917166846	S3-775896850,S3-277761503,S3-440278855,S3-918359973,S3-794143531
S1-917223990	S2-121498356,S3-580601462,S3-976560211,S3-276459381
S1-917283247	S2-13174276,S3-39401897
S1-917303824	S2-156115872,S3-246525533
S1-91734651	S2-175158461,S3-297368932,S3-598863845
S1-917392763	S2-171574559,S2-660002222,S2-3894313
S1-917404373	
S1-917448615	S2-884157608,S2-313674353,S3-702666275,S3-264236455,S3-919970485
S1-917534688	S2-908207888,S2-549962327,S3-387227771
S1-917620103	S2-235645293,S3-99829138
S1-917637231	S2-853432721,S2-576096939,S3-243409215,S3-881616654,S3-145092843
S1-917785511	S3-925506919
S1-917840190	S2-802407117
S1-917937383	S2-3727192,S2-969723407,S3-400901132,S3-73015375
S1-917963213	S2-776258968,S2-483642182,S3-610044657,S3-904868504
S1-917969575	S2-682151823,S2-300367328,S3-474075071
S1-918052349	S2-518681708,S3-577171074
S1-918197363	S2-341304190,S3-43705002,S3-729086658
S1-918276852	S2-969833611,S2-207689286,S3-670339361
S1-91843594	S2-308336250,S2-969079316,S3-513045433
S1-918456271	S2-207954652,S2-431625903,S3-404538183
S1-918458639	S2-527341573,S2-330350980,S3-673746310
S1-91846025	S2-435995698,S2-290761592,S3-607591862
S1-918487039	S2-653524024,S2-914581026,S3-26831287,S3-184580879,S3-124309670
S1-918530793	S2-489867110,S2-145674293,S2-758588920,S2-526115350,S3-729267524
S1-918541783	S2-103671030,S3-104448647,S3-270243215,S3-816018247
S1-918621024	S3-487104611
S1-9186737	S2-39547501,S2-984241641,S2-992438755,S3-117146737,S3-441903129,S3-287695224
S1-918843531	S2-918784450
S1-918949983	S2-791239265,S3-368093130
S1-918977469	S3-297949104,S3-173011478
S1-919050476	S2-846079265,S2-215064470,S2-304295100,S3-126070584,S3-811098469,S3-679776013
S1-919148391	S3-304365689,S3-328148104
S1-919409351	S2-674077895,S3-754426815,S3-757826563
S1-91953469	S2-422251832,S2-101189595,S2-546269969
S1-919570509	S2-307835
S1-919612500	S2-330810003,S2-160371133,S2-884392446,S3-727908166,S3-583089149
S1-919682011	S2-262980622,S3-129249280,S3-77990171
S1-919724960	S2-325506572,S2-794720753,S3-573191512,S3-109895961,S3-353006935
S1-919725615	S2-347595581,S2-193267353,S3-704960463,S3-222035344
S1-919975886	S2-106727450,S2-561319802,S3-213165645,S3-71949996,S3-397780700
S1-919978344	S2-789229090,S2-931804857,S3-854828153,S3-63563949
S1-919985288	S2-234109359,S3-496277853,S3-727058022
S1-920068662	S2-676188392,S2-777976444,S3-891194887,S3-209140244,S3-572882175
S1-920136298	S2-145822726
S1-920209308	S2-523703980,S3-435553213,S3-654045464,S3-237448712
S1-920251633	S2-894896102,S3-682624341,S3-285017987
S1-920359570	S2-739623475,S3-568584357,S3-246574081
S1-920375071	S2-261213220,S3-520775980,S3-300744787
S1-920460887	S2-18181921,S2-164209963,S2-225344117
S1-920508256	S2-576779819,S2-874269108,S2-939491337,S3-954814162,S3-356856734,S3-179739339
S1-920636631	S2-372443982,S3-400798659
S1-920638422	S3-630956651
S1-920680011	S2-232885069,S2-235187804,S2-748304440,S3-853909537
S1-920687480	S2-673629257,S3-479560482,S3-267705221
S1-920722879	S2-182829680,S2-813370636,S2-312681800,S3-736915812,S3-349086245,S3-778547294
S1-920734781	S2-596205193
S1-92075250	S2-597695452,S2-284345155,S2-897343843,S3-269912181,S3-823868554,S3-265380717,S3-991120878,S3-545403449
S1-92079778	S2-817741671,S2-359944034,S2-84186582,S2-224324047
S1-920800597	S2-299628542,S2-880990904,S2-629240320,S3-752364340
S1-920811855	S2-401227266,S3-923752341
S1-920814918	S2-211013753,S2-844211651,S2-52813086,S3-203736250,S3-974131458
S1-920842926	S2-145386392,S3-247048608,S3-867050796,S3-94428346,S3-959439855,S3-935690487
S1-920910534	S2-399804031,S2-264200311,S3-653999389
S1-920946257	S3-812032709,S3-932032941,S3-451469704
S1-920967437	S3-121777190
S1-92105617	S2-243696651,S2-169184538,S2-951498337,S3-152764126,S3-173540904,S3-766433826
S1-921081776	S2-205898325,S2-695059509,S2-772921863,S2-665162608,S3-940073764
S1-921093169	S2-529550800,S2-941456237,S2-408131818,S3-89523658,S3-361080398,S3-33986009
S1-921118640	S2-59367918,S2-22927181,S3-300564825
S1-921154992	S2-502309478,S2-343108905,S3-438423588,S3-144643819
S1-921290715	S2-624385384,S2-852835468,S3-925345998,S3-394699832,S3-262802939
S1-921330152	S2-378192313,S3-27610844,S3-504103858
S1-921441220	S2-19604813,S3-883602345
S1-921452564	S2-762349880,S2-113908872,S3-765001836,S3-802391134,S3-47724654
S1-92147634	S2-585215430,S2-743344025,S3-49230646,S3-196702470
S1-921548293	
S1-921620732	S2-937715575,S3-788543166,S3-734578676
S1-921680005	S2-194151362,S3-399550108,S3-75382207,S3-443420000
S1-921703392	S2-301319538,S3-521363272,S3-68883942,S3-306283772,S3-879926709,S3-720830114
S1-921900552	S2-894846404,S2-224823995
S1-92196602	S2-319415802,S3-320352503,S3-829098726
S1-921982633	S2-612953753,S2-461704957,S2-315879454,S2-947610670,S3-461601290,S3-144942556
S1-921993503	S2-995525058,S2-821933282,S3-72987421,S3-65520582
S1-922036373	S2-790189180,S3-546329598,S3-749652770,S3-433226207
S1-922240309	S2-696757984,S2-348642934,S2-34390074,S3-910961718,S3-24868117,S3-744005082,S3-114770192,S3-854742518
S1-922363229	S3-629803750,S3-739010649,S3-118374258
S1-922412758	S2-590617502,S3-621400040,S3-117981622
S1-922487978	S2-223636412,S2-401425712,S2-805509623,S2-767276007,S2-346321885,S3-935820390
S1-922611913	S3-654704948
S1-922640236	S2-140452217
S1-922746101	S2-484180365,S2-120767398,S3-478170181,S3-323091788,S3-507287994,S3-421218234
S1-922807225	S2-788536330,S3-218192239,S3-32498698,S3-567769896
S1-922994065	S2-436384186,S3-772978028,S3-628913782
S1-923041924	S2-767715158,S3-812784281
S1-923067086	S3-521457017,S3-315390010
S1-923415541	S2-228944567,S2-614647583,S2-35617728,S3-981685386,S3-230523919
S1-923455413	S2-713496184
S1-923527350	S2-56474153,S2-844493159,S2-215969651,S3-902095911
S1-923533250	S2-288957033,S3-543516052,S3-608611385,S3-277015810
S1-923533493	S3-657441821
S1-923536272	S2-880352987,S2-248016001,S3-204363542,S3-578136315,S3-514157236,S3-545237374
S1-923706442	S2-794944410,S3-686609781
S1-923763717	S2-130272981,S3-184283828,S3-738024162
S1-923791161	S2-104213119,S2-75948522,S3-658759804,S3-188797503
S1-923834759	S2-210188496,S2-241305649,S3-517755054
S1-923972582	S2-259482584,S2-492269797,S2-927127,S3-446204667
S1-924006421	S2-995313229,S2-731199919,S3-414610455,S3-178273963,S3-100089797,S3-413982758
S1-92410708	S2-312131574,S2-69614578,S2-99265557
S1-924122818	S2-277328406
S1-924135692	S2-146438098,S2-17901535,S2-546153617,S2-623140439,S2-602759872,S3-600364901,S3-955563638,S3-170358081
S1-924161489	S2-264142544
S1-924196229	S2-626841458,S2-552201202,S3-316722372,S3-781960828,S3-939536425
S1-924211203	S2-139280013,S3-479276307,S3-415237078,S3-877621284
S1-92423205	S2-84179615,S2-189878047,S3-414337123,S3-54622659,S3-734030063
S1-924383570	S2-619150035,S3-529444246
S1-92439462	S2-800712006,S2-662293977,S2-437238043,S3-780106085,S3-483535650,S3-515320170,S3-822528564,S3-23306004
S1-924460790	S2-219055332,S2-210577505,S2-742400964,S3-232568863,S3-137173290,S3-522363077
S1-924467902	S2-837802109,S2-442152089,S3-785168417,S3-735924552
S1-92453816	S2-692977780,S2-13607327,S3-636682454
S1-924741363	S2-430543386,S2-518245904,S3-531200601,S3-41298707,S3-875615015
S1-924748431	S2-307537066,S2-608128825,S2-761994278,S2-832012205,S3-399772764,S3-321362399,S3-289739441,S3-921974469
S1-924768853	S2-129676716,S2-920439877,S3-881487135,S3-999030393
S1-924791906	S2-777713924,S2-132525473,S3-812978228
S1-924822539	S2-867994838,S2-462194545,S3-497222767
S1-924885448	S2-690683326,S2-27802839,S2-828688209,S3-508018021
S1-924893186	S2-633553180,S2-8026740,S3-598622479
S1-924900900	S2-80695313,S2-1672005,S3-181789455
S1-924939414	S3-583038117,S3-469400470
S1-924982585	
S1-92499818	
S1-925008663	S2-919321324,S3-391644461
S1-92508697	S2-535543986,S2-224890503
S1-925132520	S2-401468974,S2-836714979,S3-224657761,S3-628596309
S1-925145254	S2-187634146,S3-826036320,S3-366840677,S3-476814378
S1-925338702	S3-528222633
S1-925368985	S2-455924864,S3-114221319,S3-929380810
S1-92550441	S2-674548549,S2-955070854,S3-209841474,S3-235896512,S3-195544679
S1-925523670	S2-99978927,S2-893450782,S3-965796059,S3-634247166
S1-925529412	S2-667798018,S3-576765146
S1-925611981	S2-794516773,S2-878398169,S2-687426667,S2-121191658,S3-410208405
S1-925629349	S2-737379314,S3-952626553
S1-925683309	S2-968768010,S2-732410989,S2-30283307,S3-317916941,S3-397018277
S1-925712852	S2-774161710,S2-7443623,S2-831364520,S2-411970755,S3-467964016
S1-925740011	S3-161564974,S3-739829645
S1-925746665	
S1-92576582	
S1-925803284	S3-838578281
S1-925864950	S2-317537610,S3-546237276,S3-830014457
S1-926020703	S2-628906401,S2-550778970,S3-855006705,S3-995908993,S3-707012717
S1-926055883	S2-248594199,S2-965651472,S3-449316505,S3-206528478,S3-360099601,S3-733613711
S1-926063331	S2-723003758,S3-48141812,S3-548859781
S1-926111639	S2-616634744,S3-498370824
S1-926126243	S2-166540731,S3-41684138,S3-825480521
S1-926151110	S2-604411261,S2-917260167,S2-33414961
S1-926152138	S2-253019557,S2-765329102,S3-928399887
S1-92618332	S2-582136334,S2-28441459,S3-491772243,S3-454153762
S1-926297624	S2-550106861,S2-670521416,S3-166458460,S3-34916546
S1-926326548	S2-126126496,S2-513989891,S3-475055839,S3-378237613
S1-926347713	S2-99415708,S2-163499402,S2-648042322,S3-697915678,S3-870854044
S1-926356505	S2-287006934,S2-668311672,S3-710431815
S1-92642112	S2-475395393,S2-74750222,S3-164113047,S3-753165553,S3-187389489,S3-961222817
S1-926432881	S2-30128615,S3-340315568,S3-508855621,S3-64905628,S3-171984580
S1-926436635	S2-5643261,S2-407750639,S2-875170829,S2-905259045,S3-734057656
S1-92644839	S2-439530468,S3-599579540
S1-926554273	S2-836464938,S2-20450666,S3-548686062
S1-92671878	S2-471105112,S3-236168497,S3-968416985,S3-50507880,S3-314229628,S3-52897465
S1-926808570	S2-832293798
S1-926818405	S3-274645927
S1-926853735	S2-810381792
S1-92688292	S2-176457152,S3-137467483
S1-927048663	S2-416020222,S3-827098606,S3-867456168
S1-927051850	S3-541338279,S3-223359473
S1-92705361	S2-795324402,S3-256481106,S3-921525298
S1-927063934	S2-710984720,S3-80389554,S3-212148761
S1-927225127	S2-895713245,S3-643278966,S3-56156472
S1-927228731	S2-148832559,S3-351963869,S3-541387123,S3-689438241
S1-927246588	S2-806397740,S2-831978060,S3-598834492
S1-927279393	S2-714517051,S3-336776999,S3-852032362
S1-927293615	S2-135243860,S3-391945460,S3-423903593,S3-881604837
S1-927340457	S3-389738019,S3-676549677,S3-975544622
S1-927348559	
S1-927389933	S2-448502861,S2-476817682,S2-678176320
S1-92744156	
S1-927480250	S2-394220870,S3-935444253,S3-753141333,S3-74255778,S3-830267355,S3-14573566
S1-927533452	S2-547969136,S3-561046569
S1-927707815	S2-673527919,S2-339930823,S3-161473726
S1-9278587	S2-41150874,S2-290431643,S2-221059567,S2-580973107,S3-852609764,S3-855078761
S1-927883563	S2-612809818,S2-248102268,S3-58838171
S1-927886911	S2-653420000,S2-193724816,S3-491191655,S3-8811096,S3-629051121
S1-927904624	
S1-928027005	S2-165353120,S2-888452548,S2-169091623,S2-932946030,S3-516834016,S3-713314837,S3-455144624,S3-881912192
S1-928056180	S2-232608136,S2-378092172,S3-384215906,S3-417735370
S1-928201377	
S1-928244202	S2-252671672,S2-531354156,S3-608787922,S3-598023982
S1-928285036	S2-128118525,S2-115348613,S2-835284492,S3-361672400
S1-92833667	S3-280651,S3-530763736
S1-928341270	S2-461777410,S2-59884074,S2-270496814,S3-505023494
S1-928378962	S2-97385937,S2-847501176
S1-928440281	S2-920882034,S2-585231075
S1-928450431	S2-571207679,S3-183115163
S1-928751140	S2-843676754,S2-913773048,S2-409594478,S2-455080842,S3-325638951,S3-207805559,S3-864073588
S1-928827338	S2-679355982
S1-92886983	S2-103160829,S3-755908293,S3-731409051
S1-928920430	S2-278649812,S2-306208206,S3-27365396
S1-928967292	S2-162607836,S3-544088937,S3-478077187,S3-131121491
S1-92908201	S3-726247216
S1-929103941	S2-100169849,S3-679298933
S1-929192276	S2-989459121,S3-477510479
S1-929203903	S2-347321937,S2-417938461,S2-122577987,S3-539607251,S3-500731489,S3-35748956
S1-9292884	S2-161916136,S2-932842627,S3-332133074,S3-105393708,S3-916165926,S3-950386493,S3-621835188
S1-929324636	S2-157171580,S2-979392422,S3-155040197,S3-192944187
S1-929328888	S2-805751243,S2-379472655,S2-71345297,S2-993350147,S3-906723778
S1-929404620	S2-653149925,S2-624532868,S3-494421835,S3-486198076,S3-123222288,S3-795993807
S1-929478551	S2-986703930,S2-746291886,S3-269212795,S3-732422474
S1-929523331	S2-505256756,S3-138471871
S1-929528725	S2-303778178,S2-563163280,S3-358613506,S3-242573650,S3-991814707,S3-35001865
S1-929545388	S2-183840884,S2-590601349,S2-580014084,S2-545735900,S3-151813051,S3-877364260
S1-929581732	S2-951945069,S3-299603058
S1-929632789	S2-179322578,S2-437149276,S3-960717331,S3-712327373,S3-899313720
S1-929645779	S2-460877413
S1-929789539	S2-81630643,S2-963714031,S3-184450393
S1-930000938	S2-175154429,S2-387020202,S3-943751933,S3-115444157
S1-930157990	S2-574871776,S2-125702849,S2-524467919,S3-392610817,S3-865900087
S1-930334397	S3-229345982,S3-991056228
S1-930395553	S2-207641977,S2-365798021,S2-9964880,S3-142107312,S3-547978401
S1-930399123	S3-149505008,S3-103438778
S1-930407701	S2-884642076,S3-156793654
S1-930729155	S2-598754245,S3-702971477,S3-49873918
S1-930878296	S2-898178894,S2-808397845,S3-335199164,S3-367828497,S3-951957019
S1-93102589	S2-297733251,S3-478166451
S1-931177148	S2-442344434,S2-977634643,S3-828048629,S3-491030788
S1-931196426	S2-77670459,S2-900845975,S3-288883654
S1-931304484	S2-295061199,S3-8127898,S3-607148768
S1-931308603	S2-837396604,S2-629638686,S2-300840269,S2-219878863,S2-155186406,S3-916765884
S1-931372313	S2-804826444,S3-742730067
S1-931439923	S2-129399898,S2-275531337,S2-400752743,S3-883626259,S3-756792447
S1-931471604	S2-905019598,S3-788364715,S3-647198988,S3-891451571,S3-198753366
S1-931482856	S2-843979428,S2-93262093,S2-481678707,S3-331960001
S1-931516370	S2-961823680,S2-862984517,S3-28646326
S1-931519781	S2-723550919,S2-443221799,S3-961009605,S3-117565553
S1-93169238	S2-61078909
S1-931726739	S2-624059490,S2-836220511,S2-805150931,S2-24321047,S3-786158771,S3-273102016
S1-931746974	S2-6687605,S2-794368130,S3-352152265,S3-296439409,S3-882366646
S1-931774650	
S1-931859268	S2-302744499,S2-302427622,S3-35020664
S1-931876844	S2-630790529,S3-442179009,S3-682397995
S1-931894552	S2-842312687,S3-940165472
S1-931895033	S2-739184858,S3-791131282
S1-931925925	S2-112194298,S2-996566294
S1-931926054	S2-660298789,S2-475270298,S2-236617143,S3-956051618
S1-931943760	
S1-932030400	S2-38040053,S3-296544359
S1-932107623	S2-970741990,S2-467986657,S3-126248627
S1-932115288	S2-881640089,S2-83097751
S1-932119016	S2-221716350,S2-105077375,S3-422523619
S1-932123910	S2-659717327,S2-391928123,S3-989643966
S1-932199822	S2-52468133
S1-932240848	
S1-932257155	S2-261266692,S3-509554961,S3-545955466
S1-932263247	S2-591495235,S3-497217685,S3-496501918
S1-932269281	
S1-932309971	S2-804243611
S1-932346394	S2-708697279,S3-132593585,S3-693442362,S3-479158986
S1-932382906	
S1-932461122	S2-396050856,S2-571854149,S2-579680181,S3-835512500,S3-998954444,S3-307721913
S1-932518291	S2-897651974,S3-468786811
S1-932520429	S2-716408407,S3-824617908
S1-932565753	S2-50923506,S2-152650216,S2-243483284,S3-293501820
S1-932637009	S2-961124838,S2-882296458,S3-42031500,S3-24782865,S3-292869312,S3-491736541,S3-281278331
S1-932684164	S2-483986777,S3-983053990,S3-313099999
S1-932736910	S2-755098677,S3-189660481
S1-932813481	S3-329678280,S3-148348569
S1-932821170	S2-898232523,S3-559729724,S3-869569075
S1-932937621	S2-181094071,S2-232009092,S2-97220247,S3-107604957,S3-184684812
S1-932958315	S2-22068573,S2-553871642,S2-98585732
S1-93305679	S2-202153974,S3-989376127,S3-514842050
S1-933083821	S2-178227929,S2-893462970,S3-694204682
S1-933168993	S2-242284326,S2-364696953,S3-155973496,S3-794813769
S1-93328954	S2-383148661,S3-837437483,S3-32449581,S3-982849845
S1-933301904	S2-353619074,S2-622401946,S2-740920666,S3-910628692,S3-107692590,S3-603459803,S3-872844120
S1-93331207	S2-684532446,S3-469998164,S3-806351034
S1-933423542	S2-668218075,S2-346386923,S2-449405284,S3-719900317,S3-863118451,S3-913091109
S1-933424836	S2-85431867,S3-949008898,S3-115353474
S1-933562826	S2-364772484,S3-668091065,S3-37856446,S3-949130010,S3-991255970
S1-933741174	
S1-933746937	
S1-933761826	S2-377423869,S3-320028656,S3-830988104,S3-185777155
S1-933783413	
S1-933830232	S2-627442312,S2-383658573,S3-508316617,S3-274659150,S3-951462361
S1-93387390	S2-81752785,S2-591421050,S3-311419291
S1-933899111	S2-984823877,S2-449879635,S2-960848302,S3-542660282,S3-940329881
S1-933935240	S2-287652010,S3-462427565,S3-676815986
S1-933971967	S2-836903758,S2-888234454,S2-463609316,S3-297784982,S3-948454669
S1-934108424	S2-627980569,S3-381820696,S3-202594126
S1-934118345	S2-414748429,S3-344466850,S3-926539657,S3-352369931,S3-337518675
S1-934189696	S3-448053285,S3-838609548,S3-643813644
S1-934209210	S2-328742799,S2-541895729,S2-626805586,S3-787826649,S3-358027473
S1-934388188	S2-538696763,S2-73960346,S2-993062904,S3-296273395,S3-720486912
S1-934404133	
S1-934417462	S2-982429157,S2-695964988,S3-96453249
S1-934435125	S3-902061723
S1-934452501	S2-121496728,S2-37813871,S2-508098409,S2-352937614,S3-983415412
S1-93447917	S2-867386850,S2-571049483,S3-391248833,S3-980979251
S1-934496405	S2-140694986,S2-583751540,S3-490834344
S1-934606384	S2-854402024,S2-585918098,S2-477167617,S3-322877858
S1-934777227	S2-876377525,S2-851499341,S2-540823432,S3-207033480,S3-865104580,S3-69849068
S1-934841972	S2-951839655,S2-407955014,S3-926438970
S1-934852231	S2-588519002,S3-210426688,S3-740982212
S1-934870402	S2-554568435,S2-761218243,S3-541789357
S1-934870677	S2-31532041,S2-923651895,S3-617713602
S1-93498050	S2-52820535,S3-510411052,S3-811321939,S3-728319450
S1-935019890	S2-976918176,S3-131774959
S1-935031977	S2-975083177,S2-141884661,S3-748830017
S1-935060306	S2-835433251,S2-686717623
S1-935125234	S2-377236642,S2-307562095,S2-809209109,S3-712503398
S1-935154458	S2-194435462,S3-796146449,S3-588899010
S1-935390220	S2-360674109,S2-827871389,S3-834275355,S3-277574501
S1-935491442	S2-577731076,S2-504328523,S2-486705161,S2-839176734,S3-275105590
S1-935512246	S2-443743764,S2-796624122
S1-935515085	S2-517836694,S3-763102828,S3-674261795,S3-290888066,S3-894080123
S1-935551795	S3-732846670,S3-928380324,S3-692869913
S1-935566039	S2-564569549,S3-531118640
S1-935643536	S2-646512022,S3-22748800
S1-935858452	S2-528792521
S1-935900875	S2-966213348,S2-332146388,S3-179389683,S3-809504875,S3-446930203
S1-935948301	S2-827826969,S3-304194851,S3-831837355,S3-165740796,S3-35013093
S1-935976647	S3-477803334,S3-887911387,S3-71769404,S3-944841120
S1-935981974	S3-375886172,S3-343055517
S1-935983401	S2-957590161,S3-312990098,S3-333616797
S1-936059580	S2-772127393,S2-515637139,S3-656372987
S1-936077943	S2-226240354,S2-24231052,S2-349502577
S1-936115324	S2-926874499,S2-263688085,S2-235324443,S3-973173239,S3-522310195
S1-936302201	S3-63375335,S3-575441086
S1-936330778	S2-207234432,S2-242191577,S2-337366761,S3-670077766,S3-953144922,S3-560606333
S1-936335189	S2-486807251,S2-48336779,S3-661878653,S3-576531253
S1-936391265	S2-423918541,S2-176261013,S3-552740834,S3-18301384,S3-966099329
S1-936453917	S2-382425615,S2-447438291,S2-969597051,S3-751767910,S3-856661675
S1-936458425	S2-17623828,S2-83335122,S2-217839233,S3-62090550,S3-176432958
S1-936476845	S2-890041449,S3-615204139,S3-720929137
S1-93648185	S2-37005810,S3-74384402,S3-880496488
S1-936489104	S2-208948053,S2-394003658,S3-488770242,S3-281397515,S3-457606488,S3-299042462
S1-936527464	
S1-936560322	S2-977453150,S2-818186710,S3-552170563,S3-360950089
S1-93659454	S2-25706170,S2-843273254,S2-978886623,S2-634535578,S2-900114726,S3-90622137,S3-660609447
S1-936694240	
S1-936695573	
S1-936708521	S2-133544562,S2-996537352,S3-170317238
S1-936829390	S2-655713724,S2-650176346,S2-51613853,S2-744226661,S3-49867368
S1-936846458	S2-412246061,S2-735216129,S2-555825336,S2-161734332,S3-810945262
S1-936846668	S2-775451132,S3-997741625,S3-188566533
S1-93686112	S2-87948684,S2-217935531,S2-276663499,S3-482736506
S1-936874260	S3-331085415
S1-936957587	S2-784752768
S1-937117021	S2-599959282,S2-517920285,S2-61884750,S3-243148520,S3-444669096
S1-937143947	S2-319088751,S2-956936912,S3-578381123,S3-465491192,S3-605256835
S1-937155767	S2-113129056,S3-740559025,S3-812269950
S1-937222226	S2-336672534,S2-346998953,S2-88801084,S3-663962007,S3-698824484
S1-937254109	S2-381562219,S2-952634383,S3-26896332,S3-436043492,S3-80318558
S1-937277030	S2-251570897,S2-201596028,S3-583276252,S3-278671833
S1-937345703	S2-230174085,S3-54998173,S3-680326370,S3-96157864
S1-937430165	S2-587270025,S3-818193813
S1-937545358	S2-278515032,S3-434392541
S1-937572505	
S1-937588777	S2-253308634,S2-31769,S2-247275469,S2-837533067
S1-937753795	
S1-937946329	
S1-938083706	S2-678391290,S2-312341564,S3-176411831,S3-379546013,S3-293723345,S3-66585721
S1-938132728	S2-143165236,S2-719368561,S3-221386686
S1-938132987	S2-381959358
S1-938231935	S2-553424936,S3-609860324
S1-938257297	S3-464350091,S3-295100206,S3-870716942
S1-938284414	S3-896771173,S3-876918818,S3-847456183
S1-938300729	S2-721595073,S2-119105481,S3-146827527,S3-287447933
S1-93831891	S3-158048133,S3-210981648,S3-983083060
S1-938327585	S3-537557017,S3-709695693
S1-938337093	S2-947359441,S2-911839417,S3-82733246
S1-938379137	S2-383897292,S3-666079975,S3-723211127
S1-938390784	S2-194531886,S2-254334624,S2-624991618,S3-114525912,S3-904269672,S3-549770603
S1-938512993	S3-139968937
S1-938541165	S2-317022970,S3-724668166
S1-938547659	S2-379275190,S2-457051399
S1-938567123	S3-900351899
S1-938643216	S2-344460017,S2-552071005,S3-521599532,S3-183752952
S1-938684594	
S1-938809330	
S1-938810726	S2-988567493,S2-333142774,S2-152667817,S3-730050473
S1-938855008	S2-216366836,S2-478183622,S2-738138256,S2-893368736,S3-550739794,S3-126738178,S3-690902647,S3-774170348
S1-938867002	S2-673512850,S2-639778758
S1-938870242	S3-591238509
S1-938896345	S2-547699166,S2-222430968,S2-737904684,S3-129337271
S1-938916810	S2-699190346,S2-174503093,S3-553161220,S3-59426658,S3-625932733
S1-938929805	S2-398822356,S2-994063715,S3-421520281,S3-23593540
S1-939052072	S2-217727493,S2-704905508,S3-327229265,S3-429393304
S1-939087921	S2-77684749,S3-554844369,S3-465080786
S1-939100023	S2-107569218,S3-215902327
S1-939107410	S2-427101102,S2-376243606,S3-908247529
S1-93913789	S2-807916143,S3-590922417
S1-939173645	S2-149422908,S2-402988602,S3-962246101,S3-16705803
S1-93918756	S2-866880302,S3-352642092
S1-939239862	S2-341179446,S2-255058436,S2-792130975,S3-721756981
S1-939246098	
S1-939270442	S2-803834044,S3-893444099,S3-978998194
S1-939287354	S2-881947923,S3-383884302,S3-770257964,S3-45945215,S3-419592674
S1-939297608	S2-888276091,S2-939972446,S2-656760939,S3-880254954,S3-708192499,S3-229263817
S1-939356578	S2-216708443,S2-958880836,S3-312434400,S3-72031750
S1-939367002	S2-886470357,S2-672371140,S2-303111139,S2-873767451,S3-165489943,S3-971942632,S3-502213917
S1-939385350	S2-164904406,S3-374820898
S1-939398544	S2-281941094,S3-735647413,S3-578593992
S1-939400886	
S1-93942046	S2-778743041,S3-964445468
S1-939449435	S2-862317773,S3-893213035,S3-749504358,S3-7727357,S3-596146492
S1-939754571	S3-647574873
S1-93985201	S2-414279651,S2-529553949
S1-939879273	S2-399189185,S2-677200009,S2-3545655,S2-143202581,S3-792417352,S3-363796108
S1-939881093	S2-456068760,S2-309515377,S2-162715368,S3-781040152,S3-869643597
S1-939913106	S2-366414727,S2-511262469,S2-454363045,S3-225719763,S3-73419356
S1-939918946	S2-411729676,S2-851779316,S3-685311845,S3-739775041,S3-391766212,S3-129049616,S3-423392704
S1-939950446	S2-711703979,S3-642853155,S3-259488796
S1-940010701	S2-330765280,S2-31606205,S3-794983303
S1-940043176	S2-806440696,S2-932196275,S2-666554857,S3-41533214,S3-967574804
S1-940044454	S2-626615284,S3-205464781,S3-237018286,S3-646503570
S1-940050292	S2-46613744,S2-720551878,S2-710431738,S3-566718422,S3-904070624,S3-345050464
S1-940059796	S2-38576902,S2-584940974,S3-635385305,S3-380811167
S1-940156804	S2-65548705,S3-719383712,S3-519303360
S1-940222048	S2-801784076
S1-940242945	S2-154446441,S2-725717108,S2-160688021,S3-391693959,S3-79641573
S1-940255440	S2-629935379,S2-316482546,S3-868335911
S1-9404450	
S1-940481142	S2-963308037,S3-357747412
S1-940492985	S2-959914928,S3-811079942
S1-940543057	S2-244242467,S2-136717913,S3-887966335
S1-940608940	S2-502869973,S2-563386947,S2-878134761,S3-448824110
S1-940615948	S2-454188232,S2-2829437,S2-849179097,S3-539524810,S3-841748253,S3-836330825
S1-940624288	S2-118376362,S3-415911468
S1-94067889	S2-838821080,S3-243565992
S1-940685655	
S1-94071181	S2-444065693,S3-782097589
S1-940789932	S2-158397256,S3-691932612,S3-638641095
S1-94082288	
S1-940844807	S2-145917075,S3-994632569,S3-820330975
S1-940880069	S2-964961497,S2-867154540,S2-549665706,S2-521658027,S3-867063793,S3-419817077,S3-677291705,S3-557914699
S1-940970037	S2-293984288,S2-876342874,S2-5362939,S3-944565281,S3-515828471,S3-991703365,S3-815650719,S3-107565062
S1-941003500	S2-243728522,S3-651951759,S3-586866945
S1-941182144	S2-2942846,S3-403985132,S3-166435179
S1-941252243	S2-911201404,S2-836291478,S3-162251953
S1-941358142	S2-902337330,S3-871142105,S3-326700204,S3-522246434
S1-941508289	S3-777794,S3-584788263,S3-157018712
S1-941541613	S2-944525380,S3-255026362
S1-941544680	S2-856602133,S2-204616555,S2-505743634,S2-213928050,S3-364016725
S1-941563754	S2-844561506,S3-606008024
S1-941600764	S2-273284964,S2-668218025,S2-85825630,S3-767413809,S3-756323785,S3-175439193
S1-941629615	S2-437199122,S3-271547286,S3-107538024,S3-538573346
S1-9417191	S2-53133842
S1-941725653	S2-911070949,S2-344653309,S3-397876725
S1-941770777	S2-397567144,S2-787941793,S3-628779395
S1-941789373	S2-963438469,S3-625992220
S1-941802142	S2-514359927,S3-959707301,S3-350935766,S3-226298249
S1-941999516	S2-483482278,S3-958298086,S3-496174848,S3-407907111
S1-942081186	S2-730603244,S2-537703829,S2-257249887,S3-197134640,S3-212694747
S1-942091517	S2-86110783,S2-294993924,S3-781138779
S1-942099694	S2-524080476,S2-535786427,S3-280426008
S1-942172466	S2-492067344,S3-180073896,S3-865133819
S1-942298758	S2-723072771,S2-361321641,S3-799465085,S3-787411531,S3-705244845
S1-942320072	S2-846641864,S3-943237842
S1-942333788	S3-520587023,S3-401765453
S1-942421219	S2-895000993,S3-42851629,S3-311131651
S1-942625597	S2-724698633,S2-21917493,S3-282611658,S3-930048309,S3-70455956,S3-742281481
S1-942677356	S2-477514927,S3-798646685,S3-783892705,S3-90424497,S3-293368605
S1-942707762	S2-682818539,S2-343835608,S3-19588917,S3-702641107
S1-942766172	S2-257882576,S3-308370487
S1-942882655	S2-692029513,S2-795354206
S1-9428966	S2-410429518,S2-639755776,S3-238664185
S1-942984753	S2-609051549,S3-569257291
S1-943008190	S2-780654180,S3-156888170
S1-943025599	S3-987398816,S3-838369317,S3-443186700,S3-710020562
S1-943071914	
S1-943108216	S3-443233831
S1-943129687	S2-737014396,S3-49705452,S3-452554351
S1-943202568	S2-412102735,S2-824098554,S2-358998818,S3-772553656
S1-943234503	S2-916749401,S3-213260266,S3-924577451,S3-648739677
S1-943249224	S2-7540032,S2-313530148,S2-575206958,S2-836099799,S3-500140603,S3-864282322,S3-763085227,S3-22590828
S1-94325099	S2-846898020,S3-260216562
S1-943300268	S2-180930502,S2-977536016,S3-876932485
S1-943358663	S2-961076201,S3-63977502,S3-60467874,S3-761672078,S3-55970336
S1-943436384	S2-357499156,S3-391814797,S3-537696302,S3-707750136
S1-943498592	S2-779884150,S2-138730362,S2-608529801,S3-945682039,S3-730066308,S3-435973810
S1-943644962	S2-466091230,S2-423262645,S2-600143070,S3-297955793,S3-518695042
S1-943661881	S3-379475849,S3-703446897,S3-510111030
S1-943787875	S2-215998353,S3-762903719,S3-476810168
S1-943834528	S2-283536646,S2-700146346,S2-635131927,S3-638245267,S3-671772138,S3-856585837
S1-943906749	S2-75895933,S2-81628645,S2-225206554,S3-229130014,S3-413100585,S3-83463345,S3-88775219
S1-943924749	S2-290816330,S3-181905089
S1-943947349	
S1-944067745	S2-617828526,S2-285298699,S3-171526637,S3-788730024,S3-389265210
S1-944088530	S2-2288460,S2-551081257,S3-496483327,S3-616008628,S3-307287075
S1-944121336	S2-126028710,S3-381166321,S3-586137357,S3-155624073
S1-944132320	S2-650179901,S2-417292868,S2-689173792
S1-944170193	S2-310072622,S2-256822960,S2-340992348
S1-944170428	S2-808240531,S2-179344485,S3-726398192
S1-944199443	S2-926201069,S3-804484121,S3-656749977,S3-498215706,S3-704590646
S1-944201023	S2-727543716,S2-75753221,S2-253653604,S2-902175494,S3-534012045,S3-356356198
S1-944219096	S2-283417785,S2-939461901,S2-249377617,S3-565472019,S3-966511878
S1-944321474	S2-70981654,S2-931342147
S1-944381787	S2-510219903,S2-909417656,S3-196077840,S3-249059586
S1-944411713	S3-577334746,S3-787075331,S3-475923058,S3-703622698
S1-944474279	S2-196160360
S1-944490661	S2-466032721,S2-916292205
S1-944519860	S2-199745612,S2-955269630,S3-739355783,S3-848729051,S3-442607294,S3-123538830,S3-707411951
S1-944552689	S2-653979764,S3-847639825
S1-944587401	S3-765164977,S3-27709958
S1-944593054	S2-415479009,S2-440373880,S3-823789875
S1-944710497	S2-765228477,S2-322426520,S3-496466049,S3-739637178,S3-215028553
S1-944773370	S2-595657944,S2-933353245,S3-406761757,S3-736023590
S1-944805998	S2-835617957,S2-961854576,S3-122990747
S1-944931606	S2-853034304
S1-944969760	S2-561742562
S1-945006732	S2-387542694,S3-713164303,S3-171849094
S1-945029123	S2-800811918,S3-325366160,S3-469124744,S3-820280860
S1-945054586	S2-82183088,S3-915257757,S3-788753904
S1-945210533	S2-622224549
S1-945238851	S2-760836354,S2-668550347
S1-945253253	S2-266213037,S2-70512199,S2-202454826,S3-102114562
S1-945287705	S2-670240523,S3-476022094
S1-945294370	S2-639159273
S1-945338992	S2-289707326,S2-578708553,S3-81940351,S3-510041539
S1-94535992	S3-940361342,S3-990781546,S3-620747273
S1-94540696	S2-814343584,S2-198288785,S2-887831929,S2-233229087,S3-878771537,S3-964599788,S3-319999289
S1-945448059	S2-356846500
S1-945450014	S2-555044985,S2-945576087,S3-82624040,S3-592404200
S1-945452950	S2-528880633,S3-395924654,S3-10528494,S3-775032643
S1-945498259	S2-223603227,S3-133183751
S1-945541443	S2-993870087,S2-27680757,S3-454464299,S3-461947605
S1-945762791	S2-464138932,S2-612961507,S2-410441775
S1-945830911	S2-460922859
S1-94586586	S3-66171910,S3-75716820,S3-559233637,S3-196151177
S1-945895935	S2-727058836,S2-381195681,S2-992549878,S3-475676437,S3-61003567
S1-945988525	S2-317172481,S2-667492714,S3-819013038,S3-262738447,S3-927762310
S1-945997640	S2-755252920,S2-257921065,S3-776305327,S3-403043468,S3-438607358
S1-946037862	S2-137979272
S1-946049586	S2-78828359,S3-563868737,S3-727339460
S1-946089014	S2-86056645,S2-65334300,S2-944859569,S3-4683278,S3-321692120,S3-571249196,S3-23583588
S1-946144977	S2-663583727,S2-845895443,S2-797498784,S3-452055240
S1-946204738	S3-576001187,S3-299287662
S1-946210442	S3-405011248,S3-671736970
S1-946214942	S2-479971182,S2-616808680,S3-673904693
S1-946360486	S2-988832811,S2-83265552,S3-711130448,S3-448049171,S3-186866127
S1-946413396	S2-984968090,S2-737153987,S2-55271504,S3-297311331,S3-481228229,S3-518168459,S3-728577863
S1-946531592	S2-440868139,S2-96508179,S2-336969446,S2-317721276,S2-885694958,S3-959699466
S1-946544204	
S1-946562421	S2-130314815,S3-731667355,S3-514056443
S1-946606044	S2-775846911,S2-919570319,S3-710088738,S3-310752054,S3-22342385
S1-946628037	S3-779871932,S3-877006067
S1-94664046	S2-167790283,S2-231540364,S3-990489623,S3-57647353,S3-452582925
S1-946689931	S2-839112402,S2-338939980,S3-54402634,S3-21546339,S3-691585829
S1-946720553	S2-929385449,S2-984000306,S3-532650648,S3-537603070
S1-946785857	S2-643446333,S2-996738658,S2-683579933,S3-694150520
S1-946802800	S2-826591514,S3-777190047
S1-946887352	S2-155037410,S2-66960118
S1-946897016	S2-715369410,S2-467183148,S3-202190002,S3-345851167
S1-946944643	S2-246161056,S2-261689444,S2-17547775,S3-854621448,S3-737175836
S1-947069958	S2-548850897,S2-561886007,S2-270996591,S3-629388381
S1-9471580	S3-321848029,S3-828588962
S1-94725891	S2-200920713,S2-345971085,S3-814270826
S1-947266465	S2-798351284,S2-369245628,S3-556432228,S3-565584270,S3-672672346
S1-94734892	S2-30271617,S2-155548504,S3-764001577,S3-519351119
S1-94737273	S2-391657135,S3-579500578
S1-947387268	S2-352734067,S3-301583403,S3-986814999
S1-947414122	S2-43444607,S2-488083272,S3-759186237,S3-413751553
S1-947421280	S2-387723762,S2-274966827,S2-473931499,S3-993825631
S1-94743753	S2-89482318,S3-950363698
S1-94750954	S2-683844031,S2-470821060,S3-759729899,S3-761319934
S1-94754754	S2-513688738,S2-556477088,S3-766029856,S3-275284855,S3-803569366
S1-947591689	S3-994489177,S3-575317788
S1-947620219	S2-69263640,S2-297012122,S3-95284123,S3-693832273,S3-184544296
S1-947673646	S2-904182370,S3-631922774
S1-947791427	S2-537053984,S3-957161832,S3-745174649
S1-94779542	S2-673833768,S2-249686732,S3-913751151
S1-947889965	S2-588544739,S2-604839778
S1-948032540	S2-550887864,S2-730126002,S3-292650466,S3-757566424
S1-948042344	S2-465139269,S3-333297308,S3-230507164,S3-477570983
S1-948090173	S2-249862555,S2-498956457,S2-992939381,S3-547744790,S3-113422896
S1-94816016	S2-737216337,S2-533732967,S2-959393049,S3-750983949,S3-953710578
S1-948186991	S2-847702227,S2-710190190,S3-339189116
S1-948219084	S2-700610122,S3-290577651,S3-917361933
S1-948229291	S2-203327639,S3-510069311,S3-909596961
S1-948334590	S2-187326113,S2-927939063,S3-194757756,S3-722220410,S3-458128249
S1-948345129	S2-895759860,S3-934861526,S3-371918152,S3-536824870
S1-948668029	S2-476696931,S3-551770517
S1-948673455	S2-790057349,S2-335225001
S1-948771528	S2-455444233,S3-158669717,S3-170498554,S3-448786304
S1-948825168	S2-947670224,S2-155034970,S3-41135332,S3-195392832,S3-869158966
S1-948954025	S2-928973056,S3-192331794
S1-949015222	S2-902985418,S2-77128665,S2-610903722,S3-659332728,S3-772138241,S3-394658080,S3-814287623
S1-949035645	S2-108388558,S3-235487093,S3-230713295
S1-949056462	S2-900962954,S3-598900872
S1-949100995	S2-483211499,S2-498603018,S3-65586929,S3-627107521,S3-143842182
S1-949150078	S2-185293785,S2-358366280,S2-683684380,S3-465759934
S1-949150890	S2-494443858,S2-15856472,S2-877174219,S3-84880899
S1-949231495	S2-956515616,S3-401217268,S3-406636995
S1-949270141	S2-547658747,S2-365805693,S2-669666807,S2-573938931,S3-493650195,S3-913923399
S1-949287375	S2-645081988,S3-539609961
S1-949326376	S2-987374511,S2-621618370,S3-572111331
S1-949362120	S2-194770391,S2-349085981,S3-821227359,S3-272034647
S1-949369965	S2-15141818,S2-271330447,S3-673470152
S1-949573034	S2-919823391,S2-998903084,S2-425942936,S3-878708157,S3-169795816,S3-19709492
S1-949596571	S2-898597255,S3-587088404,S3-823069419
S1-949627052	S2-937236815,S2-89826761,S3-957221298
S1-949702108	S3-870052657
S1-949705198	S2-482656254,S3-440489669
S1-949795575	S2-341862613,S3-749055296,S3-470894118,S3-740357354
S1-949832808	S2-523166987,S2-918606408,S2-284461998,S3-322812105,S3-297990816
S1-949858731	S2-914266855,S2-802598927,S3-643168809,S3-303074505,S3-93612826
S1-949859861	S2-337179697
S1-94986424	S2-343308076,S3-720566295
S1-949873551	S2-97745410,S3-164936496
S1-949911262	S3-192262502,S3-576756644,S3-465835753,S3-232627726
S1-949939290	
S1-949977120	S2-275882249,S2-499431475,S2-714388654,S3-204267109
S1-949990786	
S1-950328068	S2-783654262,S3-604575230
S1-950363806	S2-438994108,S2-773652395,S2-313465277,S3-268590397,S3-244275892
S1-950393960	S2-901410739,S3-688066690,S3-612289002,S3-344955057
S1-950405550	S3-932207312,S3-244337904
S1-950434529	S2-315965863,S2-643438360,S3-608355199
S1-950445913	S2-349490916,S3-621457584,S3-22940263
S1-950460289	S2-856687285,S2-89690682,S3-90316282,S3-608472446
S1-950478593	S2-910944892,S3-259273099
S1-950568962	S2-730117700,S2-316620483,S3-942565513
S1-95059540	S2-149947181,S2-658758861,S2-853667817,S3-716566430,S3-946570911,S3-118744713
S1-950675793	S2-560554990,S3-320235313,S3-973350379
S1-950684285	S2-898102420
S1-950800858	S2-653690113,S3-453818247
S1-950864225	S2-23564666,S3-247292456,S3-963616333
S1-950894249	S2-935537364,S2-496196003,S2-956189451,S3-722933327
S1-950976650	S2-227564192,S2-425532925,S2-660716692
S1-95104655	
S1-951061572	S3-851167295
S1-951088592	S2-933282161,S2-913192693,S3-558494648,S3-459583119
S1-951151588	S2-676807850,S2-488485091,S2-804807972,S2-439192599,S3-384244636
S1-951153162	S2-414823987,S2-374010610,S3-597539006,S3-249649532,S3-547706179,S3-909692250
S1-951171117	S2-543553320,S2-19764725,S3-203772161,S3-896254135
S1-951207751	S2-882631910,S3-487378589,S3-16736760,S3-775810834
S1-951327301	S2-157946021,S2-659908032,S2-841823672,S3-507020323,S3-381862048,S3-793235226
S1-951436782	
S1-951440595	
S1-95147046	S2-128855241,S3-116752093,S3-431083057
S1-951474561	S2-991288854,S2-237023294
S1-951476572	S2-657027073,S2-151886750,S3-190572614,S3-185925579,S3-396942712,S3-279992241
S1-951485777	
S1-951505396	S2-556433587,S2-211908023
S1-951538296	S2-715739291,S2-54762584,S3-815990331,S3-696228822
S1-951604820	
S1-951731129	S2-677209635,S2-407198731,S2-662801455,S2-255391076,S3-884447124,S3-25313384
S1-951741056	S2-409953677,S2-466141052,S2-322242974,S2-797162068,S3-44685559
S1-951750498	S2-704266185,S3-86782318,S3-384606106
S1-951753113	S2-260014543,S3-301409577,S3-268513091
S1-951772982	S2-265804353,S3-669298652
S1-951799860	S2-252887531
S1-951821107	S2-144887503,S3-805522966
S1-951840816	S2-166897074,S3-387149633
S1-951864974	S2-340806238,S2-72614303,S3-791643476,S3-137062902
S1-9519295	
S1-951930445	S2-736125697,S2-491663505,S3-268916286
S1-951947625	S2-832862067,S2-262640034,S3-441787183,S3-150630118,S3-629773849
S1-952086022	S2-103518173,S3-802642170,S3-323251154,S3-212079053
S1-952125488	S2-984381590,S2-882145225,S2-447589396,S3-894253940
S1-952191791	S2-809680226,S2-801970612,S3-800483331
S1-952225613	S2-707563245,S2-272082414,S3-219016327
S1-952445046	S2-191712023,S3-619036858
S1-952488665	S2-710201729,S3-786950774,S3-255046079,S3-633901124
S1-952643188	S2-856994306,S3-197408608
S1-952657514	S2-627259952,S2-66294875,S3-288032342,S3-658464428,S3-174977510,S3-7994830,S3-555845053
S1-952659978	S2-564674040,S3-636459555
S1-952731806	S2-459178513,S2-892334975,S3-532560825,S3-13581559,S3-267512179
S1-952749551	S2-467703741,S3-328190150
S1-952820	S2-863158274,S3-934061125,S3-316661287,S3-171605352
S1-952983834	S2-532886009,S3-952187194
S1-953019452	S2-558207009,S3-574569198
S1-953019763	
S1-953077036	S2-427828495,S2-631555320,S3-698678242,S3-375713834
S1-953111385	S2-57456936,S2-882546442,S3-597851766
S1-953129628	S2-517204199,S2-443401873,S3-32215504
S1-953187796	S3-516969390,S3-860378494
S1-953214787	S2-246576639,S2-642078250,S2-327100017,S3-652728084,S3-920090273
S1-95323736	S2-645581370,S2-722891657,S3-575452331
S1-953314193	S2-45075041,S3-981930931,S3-268552708
S1-953325029	S2-132988854,S3-189268139,S3-960480024
S1-95333427	S2-778439227,S2-913646941,S2-803041976,S2-889597099,S3-507544536,S3-278041724
S1-953420447	S2-401698885,S2-684092091,S2-348383990,S3-396790402
S1-953440823	S2-801652462,S2-963711405,S3-160024436
S1-953502391	S2-666457138,S3-15513683
S1-953504350	S2-601479265,S2-968187968,S2-101319488,S3-706889910
S1-953530447	S3-151297820,S3-80161034
S1-953568112	S2-405162137,S2-493234739,S3-955515316,S3-909994263
S1-953725549	S2-291333308,S2-872712992,S3-109054661,S3-974971928
S1-953743003	S2-3227651,S2-900383058,S2-816417500,S3-537693697,S3-409548709
S1-953801414	S2-964679712,S3-253293714
S1-953832164	S3-232878624,S3-930843292,S3-429771519
S1-953864650	S2-461748634,S3-246849158,S3-67178616
S1-953870342	S2-35698437,S2-652355962,S3-841278218,S3-414194657
S1-953927829	S2-464461682,S2-624135566,S3-572030147,S3-667007653
S1-953955429	S2-522031880,S2-994475309,S2-567075781,S3-39089087,S3-538884122
S1-954008613	S2-544380352,S2-793773356,S2-635869969,S2-394230094,S3-483743336
S1-954176938	S2-30762181,S3-116651421
S1-954193979	S2-913933228,S2-630495192,S3-878512890,S3-83847489
S1-954204865	S2-355695621,S3-213026338,S3-940211771,S3-12711270
S1-954338062	S2-187889069,S3-631589774,S3-598277552
S1-954455367	S3-866072116
S1-954575008	S2-762168379,S2-879881430,S2-546009054,S2-321080529,S3-917724583
S1-954662187	S2-296587606,S3-242191401,S3-178883201
S1-954665528	S2-869571738,S3-861178400,S3-997690510,S3-827316029
S1-954815782	
S1-954870496	S2-740154657,S2-198560716,S3-702856194,S3-450495495,S3-703453374,S3-837880194
S1-954927774	S2-904587435,S3-970521168,S3-793956326,S3-591767944
S1-954931819	S2-914630610,S3-842134394,S3-195251437
S1-954985189	S2-214905707,S2-805363528,S3-762935338
S1-955062408	S2-216875427,S2-208576849,S3-924855395,S3-945616248
S1-955117010	S2-899722777,S3-541107106,S3-182105185,S3-439777111
S1-955140554	S2-411673531,S3-99005725
S1-955223475	S2-991302349,S3-353491465,S3-514234930
S1-955332608	S2-848521069,S2-239222331,S2-523922770,S2-264502379,S3-949754028
S1-955409359	S2-891416769,S3-864854528,S3-149411941,S3-926663602
S1-955450200	S2-821888130,S2-296975896,S3-493767791,S3-485893950,S3-705321316,S3-314274144
S1-955505331	S2-265831699,S2-757596766,S2-890597200,S3-500300773,S3-199455417,S3-346337928,S3-831950799
S1-955560228	S2-396426219,S2-285035891,S2-325509253,S2-264361210,S3-7605484,S3-784179968
S1-955583523	S2-19694489,S3-787401546,S3-37698484,S3-786722951
S1-955635992	S2-751307399,S2-580415996,S3-280318108,S3-321700513,S3-479860212
S1-955953969	S3-796440809
S1-956044203	S2-73590085,S2-355728352,S3-233246663,S3-771987334,S3-529687518,S3-52459731,S3-422028909
S1-95633873	S2-149528485,S3-740327561
S1-956383574	S2-718326234,S2-784292193,S3-968154249,S3-749836339,S3-884865639,S3-722357493,S3-926575875
S1-956515241	S2-279140146,S2-442361209,S3-272867571,S3-124849661
S1-956549549	S2-705877639,S3-827452858
S1-95659734	S3-832731246
S1-956640157	S2-710307212,S2-209339578,S2-615705418,S2-978472796,S3-431025712
S1-956661810	S2-616078234,S2-851394354,S2-749948934,S3-856641520
S1-95669618	S2-985272828,S3-50849563,S3-546558085,S3-416619484,S3-9499085
S1-956705589	S2-703760327,S2-449115610,S2-219331256,S3-504118775,S3-359254994
S1-956754293	
S1-956791744	S2-512933560,S3-393872326,S3-152521328
S1-956860212	S2-736069912,S3-76534380,S3-935133131,S3-456969813
S1-956886352	S2-312163369,S3-380016557
S1-956904892	S3-755210573,S3-432162172
S1-956949016	S2-977179996,S3-613645569
S1-956960460	S2-872970585,S3-777240640,S3-918026735
S1-956993961	S2-462475089,S2-503672097,S2-53296800,S2-407906678,S3-654714074,S3-4059970
S1-957022566	S2-751602702,S2-304851045,S3-649380008,S3-554891572
S1-9570256	S2-146109422,S2-621181152,S3-646729685
S1-957098606	S2-422959629,S2-93007731,S3-360979465,S3-266434558,S3-134017918
S1-957132708	S2-729346139,S2-933986639,S3-119086351,S3-755260595
S1-957151167	S2-5438319,S3-314701011
S1-957162796	S3-893753396
S1-95720672	S2-969263168,S2-975448339,S3-549719557
S1-957228236	S2-995467691,S2-462502819,S3-55615650
S1-957234796	S2-775052037,S2-926979800,S3-72544267
S1-957264296	
S1-95728801	S2-785218335,S2-27622780,S3-446538873,S3-987714251,S3-521160155,S3-620895109
S1-957317378	S2-883177834,S3-580404789,S3-663142759
S1-95745487	S2-303366033,S2-790764847,S2-688976422,S3-28354160,S3-572451033,S3-238510866,S3-188023931
S1-957520410	S2-901825785,S3-101358933,S3-825573668,S3-812243089
S1-957682700	S2-509887498,S2-350501487,S3-391883012
S1-957723782	S2-589333220,S3-67914734
S1-957747987	S2-416097473,S3-57633096,S3-336256153,S3-472469797
S1-957765030	S2-32881981,S2-626090762,S3-717376847,S3-387061993,S3-172545010
S1-95777117	S2-148750336,S2-659842586,S2-620090465,S2-475119379,S2-650645822,S3-810444985,S3-249232
S1-957874763	
S1-957886221	S2-934596843,S2-287035900,S3-92200128,S3-107372188,S3-441832504
S1-957924609	S2-679255772
S1-957949617	S2-975092908,S2-61401044,S3-281020948
S1-958061613	S2-193483779,S3-641190990
S1-958090892	S2-38508370,S2-674422960,S3-344311234,S3-242007417
S1-958117830	S2-374630515,S2-638171246,S3-240760659,S3-374288128
S1-958145401	S2-951965085,S3-177908830
S1-95814559	S2-831338169,S2-222139824,S3-698526445,S3-636869183,S3-781774622,S3-998888156
S1-958173912	S2-177582061,S2-829594603,S3-275515873,S3-608533639,S3-223608620,S3-802784999
S1-958189650	S2-985993386,S2-812399639,S3-994643698
S1-958243058	S3-108187410,S3-359784873
S1-958285092	S2-192705974,S3-612767451
S1-958323185	S2-19281991,S2-409010436,S3-104044978,S3-977168445
S1-958385330	S2-866423113,S3-608440697
S1-958402518	S2-739817961,S3-368011339
S1-958414719	S2-487239249,S2-790996438,S3-289289354,S3-331003769
S1-958428880	S2-407543924,S2-665129395,S3-875135860,S3-806387656
S1-95852672	S2-920434883,S2-941976066,S3-927700508,S3-283632081,S3-944377876,S3-810456246
S1-958534704	S2-706282182,S2-137895639,S2-341740180,S3-964044322,S3-51538862,S3-859504594
S1-958560753	S2-375487756,S2-950006915,S3-935896362
S1-958593673	S3-440234083
S1-958738849	S2-72604046,S2-388983187,S3-461656371,S3-959887834
S1-958957624	S2-967464373,S2-167726949,S2-559579153,S3-198107245,S3-852967128
S1-959140734	
S1-959150692	S3-635679560
S1-95923346	S2-23223420,S2-121668335,S3-632104298,S3-837367701,S3-452703166,S3-878000397
S1-959265544	S2-654492996,S3-103040903
S1-959286477	S3-918066925,S3-936952704
S1-959466951	S2-559717044,S3-943221250
S1-959622415	S2-610294233,S3-874034961,S3-948078025,S3-249685409
S1-959659406	S2-522603159,S2-523703308
S1-959661472	S3-758786882,S3-323200076,S3-129677060
S1-959684523	S2-334778595,S2-721549947,S2-574240395,S3-572901532
S1-959694983	
S1-959892756	S2-326536776,S2-557025998,S2-161570133,S2-427051163,S3-247512650
S1-960006201	S2-719667158,S3-993950657,S3-927891802
S1-960010270	S2-121852357,S3-590101409
S1-960030882	
S1-960168358	S2-867175487,S2-292418243,S3-825068266
S1-96038450	S2-811227570,S3-478675644,S3-583892094
S1-960405530	S2-211903401,S3-544520260,S3-75685367,S3-66694544,S3-516963547
S1-960501216	S2-428244645,S2-828157559,S2-604682766,S3-345666173,S3-787785753,S3-748250157,S3-311165759
S1-960556052	S2-200425043,S2-68884779,S3-147394378,S3-129421283,S3-985382821,S3-896281032
S1-960661807	S2-386139108,S2-416268652,S2-554066520,S3-7794939,S3-708587126
S1-960706643	S2-754354136,S3-856752379,S3-98906788,S3-338900954
S1-960835324	S2-128806906,S3-890417284,S3-442003458
S1-960914664	S2-543517567,S2-747644392,S3-296231534,S3-441863799,S3-269526635
S1-960929854	S2-176502250,S2-837838184,S3-205520702
S1-960959176	S2-136832353,S2-543040065,S2-622772015,S3-481422490
S1-960992779	S2-707935086,S2-612457545,S2-796146357,S2-643367018,S3-157503720
S1-961047811	S2-3900693,S2-594799132,S2-996944680,S3-295766548,S3-262424931,S3-21008872
S1-961118293	S2-88980165,S3-371379798
S1-961212909	S2-937920440,S2-411778611
S1-961419318	S2-310116898,S2-787694341,S3-955071446,S3-334640989,S3-2696677
S1-961455902	S3-65333965,S3-465986399,S3-40662615,S3-332989022
S1-961493232	S3-171286380
S1-961507088	S2-902586742,S3-641420919,S3-628950031,S3-593620580
S1-961512130	S2-555175480,S2-614172659,S2-215062858,S2-469330337,S3-3193028
S1-961760672	S2-289395059,S2-511596543,S2-120333911,S3-591686057,S3-7640690,S3-370646982
S1-961911300	S2-194156342,S3-660633972,S3-392272619
S1-961998673	S2-289974756,S2-531143939,S2-603518027,S2-756866792,S3-389545383,S3-548909870,S3-775029981
S1-962002080	S2-441123656,S2-997748138,S2-338888746,S3-542545470,S3-867495673
S1-962017134	S2-655384356,S3-310253713,S3-541096429,S3-356666095,S3-975002113
S1-962065919	S3-555194938,S3-119968984
S1-962099109	S2-69279546,S3-762564942
S1-96214489	S2-736039913,S2-197232635,S3-155204921
S1-962249754	S2-916668868,S3-554425701,S3-280051354
S1-962344812	S2-914831146,S2-374299221,S2-73089059,S3-792132232,S3-599610151
S1-962410706	S2-811110568,S2-596387492,S2-54280959,S2-598612538,S3-885378451,S3-968289006
S1-962464941	S2-256825981,S3-186219262
S1-962512557	S2-700512206,S2-953015384,S3-133549657
S1-96258904	S2-165376596,S3-547633146,S3-738882816
S1-962618948	S2-457402910,S2-52812609,S3-976037444
S1-962633109	S2-932961371,S2-582971077,S2-141661938,S3-588529484,S3-949151083,S3-182293186
S1-962762222	S2-578907472,S3-26351473,S3-971839022
S1-96278204	S2-182065455,S3-622984688,S3-275563969,S3-852825898
S1-963125591	S2-508867040,S2-619815943,S3-671694682,S3-691873722,S3-795675
S1-963176573	S2-981057119,S3-461559219,S3-399707194,S3-185051150
S1-963179770	S2-422734821,S3-544167668,S3-536741744
S1-963197719	S3-436952706,S3-469822663,S3-876613888
S1-963258971	S2-790123406,S2-14557247,S3-140586652,S3-654137083
S1-963367935	S2-448434924,S3-351777800,S3-547493680
S1-963390543	S2-113269434,S3-962941339,S3-983898844
S1-963415952	S3-378878786,S3-167935910,S3-872749753
S1-963467412	S2-780096872,S2-151583593,S2-716779817,S2-851298775,S3-274136043
S1-963559763	S2-870016141,S3-884014228
S1-963622605	S2-756424039,S3-370703861
S1-963697289	S2-762620104,S3-226016435,S3-518125406
S1-963699512	S2-127158892,S2-254508733,S2-32202065,S2-99765810,S3-545643116
S1-96379737	S2-458470791,S2-755102769,S3-762703304
S1-963884587	S2-556500775,S2-256776991,S3-296807619
S1-963976556	S2-536298974
S1-964138232	S2-609742702,S2-334872668,S3-41259484,S3-8677754
S1-964185913	S2-430679137,S2-828792029,S3-921328048
S1-9642592	S2-283079624,S3-698215134
S1-96426625	S2-807281672,S2-402197469,S3-541378902,S3-581386825
S1-96443214	S2-789746721,S3-566113124
S1-964677631	S3-417124837,S3-259674882
S1-96475437	S2-682119226,S2-597022947,S3-314648103,S3-768019318,S3-386029521
S1-964792243	S2-609151190,S2-409102693,S3-260421904
S1-964918403	S2-802362036,S2-601601667
S1-964933581	S3-430170394
S1-964941267	S2-750153394,S3-599520415
S1-96496215	S2-908519940,S2-473609622,S2-985534593,S2-258642296,S3-797686255
S1-965048529	S2-643924505,S2-524211091,S2-987157084,S2-228039380,S2-152565310,S3-115162486,S3-260287341
S1-965118060	
S1-965146870	
S1-965149455	S2-720317508,S2-651131087,S2-485912042,S2-719149386,S2-35047358,S3-854321688,S3-515951425,S3-579185591
S1-96517242	S2-809085874,S2-15272028,S3-898148924
S1-96518623	S2-891387267,S3-733200268
S1-965203659	S2-352389006,S2-145070157,S3-769599351
S1-965245040	S2-87789974,S2-169926489,S3-355144105,S3-910479386,S3-329594124
S1-965361244	S2-140403366,S3-126976977
S1-965373925	
S1-96565420	S2-971681686,S2-191899537,S2-200384971,S2-345862360,S3-19354781
S1-965658318	S2-327718605,S2-85242309,S2-75160874,S3-869941096
S1-965661120	S2-320074332,S2-492006545,S2-162318601,S3-220784525
S1-965810658	S2-365763547,S2-455664316,S2-108438301,S3-337459450
S1-965840663	S2-696305085,S2-418612462,S3-607802764,S3-468563056
S1-96586059	S2-756423663,S2-580627810,S2-713992206,S3-505569135,S3-952580340,S3-661675496
S1-966069584	S2-125248364,S2-381592054,S2-400415760,S2-845093565,S3-807261866,S3-774136014
S1-966163744	S2-522300885,S2-1964104,S3-450988344,S3-373524401,S3-616608999
S1-966211718	S2-790680217,S2-8507750,S3-125045675
S1-966242874	S2-485800519,S2-28698727,S3-661102265,S3-136102283,S3-466062888,S3-337342936,S3-719464069
S1-966269431	S2-477359451
S1-966285632	S2-886816684,S3-255020790
S1-966312848	
S1-966374820	S3-784539275
S1-966386663	S2-122283392,S2-482710335,S3-987960869
S1-966407083	S2-215305017,S2-301201517,S3-379042231,S3-585686129
S1-966433840	S2-616084812,S2-90197496,S2-395900041,S3-71353845
S1-966594110	S2-840008875,S2-402929866,S2-995337869,S2-295576223,S3-840863443,S3-411923477,S3-909238499
S1-966739660	S2-126190299,S2-668443848
S1-966844612	S2-740369767,S3-110356785
S1-966863912	S2-274134496,S2-302682733,S2-236205899,S3-719381413
S1-96688183	S2-978781636,S2-332509995,S3-4082665
S1-966918689	S2-775775351,S3-211071430,S3-960215278,S3-98762919
S1-967065108	S2-632268953,S3-854974075
S1-967119081	S2-977565405,S3-617949902,S3-491355182
S1-96712717	S2-698382391,S2-784830849,S3-468669682
S1-96715469	S2-743325432,S2-608260361,S3-171773993,S3-16743340
S1-967237206	S2-202560221,S3-880000552,S3-789265095,S3-632587224
S1-967273310	S2-164563501,S2-403393741,S3-7451701,S3-684921055
S1-96728307	
S1-967290903	S2-253882659,S2-526180734
S1-967350456	S2-539916471,S2-36349779,S2-760331507,S3-301288064
S1-967365553	S2-360313800,S3-445741699,S3-720286926,S3-550184313
S1-967431029	S2-936740363,S3-340379158
S1-967439642	S2-609662577,S3-993503330
S1-96744235	S2-561770500,S3-534750449,S3-133373229,S3-146955271
S1-967454323	S2-923393494,S3-793418394,S3-120692669,S3-597480242
S1-967675763	S2-987872033,S3-293310544,S3-107197307
S1-967803164	
S1-967827785	S2-534968716,S2-886715457,S3-678242029,S3-585489310,S3-282738445,S3-934942240
S1-967929753	S2-538447544,S3-140599097,S3-449528556
S1-967942548	S2-325439909,S3-387046232
S1-967952646	S2-640513932,S2-701028361,S2-555179203,S3-699987952,S3-741574892,S3-867894430,S3-167009266,S3-412920833
S1-967967227	
S1-967971536	S2-986330913,S2-280918801,S3-192257234,S3-707178922
S1-967973988	S2-518608063,S2-405925687,S2-383536462,S3-707955341
S1-967975743	S3-885082819
S1-968018231	S2-670153558,S2-276817420,S3-19093127
S1-968027599	S2-911488686,S2-475803623,S2-219172512,S3-731669914,S3-327022858,S3-415803483
S1-96813244	S2-994408894,S3-807923236,S3-347159947
S1-968198988	S2-332906945,S2-799758020,S2-729653956,S2-235991966,S3-533895961,S3-439287645
S1-968200098	S2-437777653,S2-205198310,S3-910205410,S3-344770932
S1-968219267	S2-845589109,S2-59349849,S3-436047315,S3-195657049
S1-968234581	S2-554442677,S3-934948669,S3-595366397
S1-968251923	S2-274964248,S3-752272496,S3-424062824
S1-968269545	S3-648664181,S3-540523708
S1-968277363	S2-82265156,S2-356579340,S2-619128797,S3-488582299,S3-544120441
S1-968302896	S2-341771536,S2-71382193,S2-838685370,S3-300935785
S1-968315503	S2-430961462,S3-911313153
S1-968318130	S3-668844862,S3-494800905
S1-9684171	S2-525198995,S2-288213101,S2-269287100,S3-487751757,S3-189965794
S1-968442100	S2-111514227,S2-549713625,S2-763294678,S2-913540845,S2-841925265,S3-498273453
S1-968459072	
S1-96855360	S2-856130782,S2-185352178,S3-827764179
S1-968603343	S2-378356672,S2-718420818,S3-210287970,S3-705531029
S1-968710231	S2-747780675,S2-598516139,S3-509544919
S1-968742269	S3-839042335,S3-622946106
S1-968795182	S2-335519064,S2-288911704,S2-40747069,S3-429040784,S3-940474422,S3-916394327,S3-885391043,S3-454944397
S1-968879549	S2-80200223,S2-699038214,S2-778318003,S2-564286909,S2-771182373,S3-767509612,S3-352699598
S1-968911396	S2-872708899,S2-780858176,S3-683126594,S3-562548613
S1-968959879	
S1-968997463	S2-249251105,S3-530226915
S1-969082956	S2-823795523,S2-797649991,S2-509364453,S3-417663905,S3-493409495,S3-498862524,S3-764952578
S1-969091877	S2-802359623,S3-478046267,S3-656928070,S3-739649927
S1-969143693	S2-499803066,S2-592608802,S2-294276053,S3-947105917,S3-135347197,S3-435687102
S1-969187097	S2-804260384,S2-71083859,S2-169080366,S3-798275844,S3-61043522
S1-969232035	S2-786238317,S2-123544518,S2-64085661,S3-52113858,S3-11038642
S1-969251340	S2-499688476,S2-73619346,S3-310095533
S1-96928877	S2-441147464,S2-455306082,S3-617904883,S3-838538640,S3-287005818
S1-969295407	S2-179652428,S2-304041318,S2-77901096,S3-113300298
S1-969356476	S3-17921247,S3-670357112
S1-969374846	S2-62489799,S2-354882282
S1-969478800	S2-5323861,S3-923757009
S1-969520453	S2-248025070,S3-56061670
S1-969574257	
S1-969578999	S2-237343264,S2-931159810,S3-367442096,S3-713850620
S1-969619338	S2-368663995,S3-740732071
S1-970019526	S2-243492610,S3-58047556
S1-970126264	S2-728602959,S2-45822801,S2-529832460,S3-392976882,S3-938706022,S3-786787433,S3-540819436
S1-970155344	S2-241808076,S3-440726725,S3-559221585
S1-970174868	S2-376521424,S2-992927772,S3-290892463,S3-920210807,S3-138507162
S1-970221338	S2-237364070,S3-711701573
S1-970231722	S2-811040033,S3-559353514,S3-345467020
S1-970373484	S2-618082056,S2-883735424,S3-388278508,S3-948443745,S3-804358401
S1-970405486	S2-959137952,S2-817708667
S1-97046632	S2-314208044,S2-306941707,S3-835950538,S3-327565628,S3-13197876
S1-970512688	S2-304252537
S1-970543893	
S1-970588999	S2-27843133,S2-963665368,S2-753695071,S3-110784923,S3-16881069,S3-493216948
S1-970683998	S2-602449347,S2-42239445
S1-970764870	S2-491977223,S3-844526635
S1-970822854	S2-212497970,S2-119227680,S2-654944545,S3-450402140,S3-577336377
S1-970823880	S2-135747021,S2-756044257,S2-628740536,S3-749915069,S3-812809617,S3-347641292
S1-970857557	S2-951534084,S3-412745857
S1-970911416	S2-391533559,S2-650307157,S3-822807965
S1-971069978	S2-477337909,S2-24520814,S3-166741713,S3-271398914
S1-971123470	S2-724172089,S3-945710738
S1-97113098	S2-41725855,S2-790553017,S2-355278190,S3-570557395
S1-971167024	S2-733462860,S3-167417715
S1-971173708	S2-388961031,S2-490917091,S3-547535857
S1-9713287	S2-768900959,S2-740838676,S3-835079761,S3-781344098,S3-826067150
S1-971346358	S2-100580812,S2-358885117,S2-555258971,S3-595928344,S3-223613173
S1-97136767	S2-924624248,S2-970921292,S2-48133503,S3-407318409,S3-632212533,S3-204641157
S1-971385362	S2-881526839,S2-216063736,S3-837152020,S3-15432704,S3-201294244
S1-971399918	S2-666362845,S2-686873758,S2-839574916,S2-921897746,S3-941069188,S3-537117061
S1-971412818	S2-71300360,S3-259089760
S1-971462175	S2-338430191,S2-508369436,S2-41148749,S2-773616936,S3-842163388,S3-511433501
S1-971578808	S2-115196266,S3-65513826,S3-778492952
S1-971590115	S2-938619866,S2-428583415,S2-495828370,S3-154544688,S3-946433419,S3-833831393,S3-877451676
S1-971752739	S2-245594711,S2-312184622,S3-948317389,S3-470385128
S1-971840847	S2-421269925,S2-3074657,S3-330008954,S3-40080279,S3-974809899
S1-971985414	S2-987706177,S2-120040068,S2-740845388,S3-707532727,S3-650502727
S1-972003565	
S1-972241559	S2-334193781,S3-962937338,S3-26694214
S1-972285523	S3-260426313,S3-558902934,S3-554201182,S3-613658849,S3-574098188
S1-972356685	
S1-972430574	S2-883839310,S2-706214801,S3-898949213,S3-573930556,S3-534372553
S1-972563252	S2-315813135,S2-531573109,S3-896768630
S1-972622080	S2-848070922,S3-827496325
S1-972696833	S2-672558273,S3-937217002,S3-793554947,S3-693551715
S1-972792809	S2-265929726,S2-714613869,S2-878939743,S3-120774886
S1-972797626	S2-906963869,S2-944843452,S3-121907334
S1-972901114	S2-723785625,S3-97944096
S1-97291153	S2-245334947,S3-905289729
S1-972933450	S2-745993484,S3-690744278,S3-730640250,S3-350111258,S3-83286392
S1-972995490	S2-946857825
S1-973001351	S2-802857168,S2-168826747,S2-224315514,S3-943315423,S3-657130001
S1-973023943	S2-612831,S2-742785497,S3-751649229,S3-429297467
S1-973035204	S2-779901287,S3-577109367,S3-790985720
S1-973207207	S2-110509765,S3-774078117,S3-109756038,S3-273677916,S3-346465905
S1-973436373	S2-966308610,S2-146178613,S3-755105521,S3-532792044
S1-973453197	S2-10352991,S2-720779470,S3-302531125
S1-973457626	S2-78213527,S2-921736161,S2-148928804,S3-915798558,S3-154661790
S1-973566184	S2-672946480,S3-421297263,S3-650293845,S3-156006164
S1-973594761	S3-236717607,S3-63155204
S1-973620090	S2-570041154,S3-227366975,S3-106936856
S1-973626870	
S1-973700530	S2-485193222,S2-399137797,S3-639286241,S3-748500545
S1-973713049	
S1-973742175	S2-857882947,S2-561649546,S3-180244914,S3-972558219
S1-973758753	S2-291188184,S3-879650873,S3-441075557
S1-973769026	S2-464650922,S2-183176638,S2-621738437,S3-319266390,S3-455042420,S3-629226071
S1-97398327	S2-378720327,S2-228848665,S3-55875068
S1-973993357	S2-196317772,S3-613061277,S3-923554248,S3-721552119
S1-974080085	S2-984813148,S3-522029498,S3-175910148,S3-44417637,S3-144929735,S3-872055810
S1-974202570	S2-411132220,S2-425210907,S3-718404806
S1-974239686	S2-494505885,S2-31559997,S2-434574573,S3-815275838
S1-974342026	S2-367520205,S2-74477487,S2-978462024,S3-485314724,S3-100329049,S3-267568796
S1-97445569	S2-694806839,S3-23234592
S1-974473774	S2-644563547,S3-201951916,S3-563374982,S3-842799360
S1-974484389	S2-407363872,S2-752924785,S3-442741549
S1-974565910	S2-804432844,S2-316582026,S3-478479666,S3-485595966
S1-974607588	S2-984886050,S2-767658652,S3-88387414,S3-783005278,S3-701441758
S1-974652072	S2-138466258,S2-463723344,S2-272500627,S3-575720283,S3-219435763
S1-974679357	S2-349321730,S2-417917285,S3-513903331
S1-974683799	S2-967132957,S3-548326516
S1-974745518	S2-517759115,S2-694050232
S1-974755730	S2-91671505,S2-874331394,S2-235082177,S3-156436242,S3-723416256,S3-187640906
S1-974782628	S2-969488949,S3-976473384,S3-259477720
S1-97495420	
S1-974966100	S2-413972040,S2-724793700,S2-990407978,S3-611008228,S3-779859156
S1-974983051	S2-925459926,S3-441229156,S3-182597891
S1-975040964	S3-614516583,S3-250354666,S3-663272492
S1-975202388	S2-92770848,S2-622448903,S3-775479702,S3-841831613
S1-97526727	S2-389638532,S3-844793928,S3-548112725
S1-975267298	S2-251524813,S3-214265479,S3-100795261
S1-9753338	S2-690857808,S2-518255340,S2-422948657,S3-542780372,S3-347824626,S3-287177663,S3-822408751,S3-681268321
S1-975352296	S2-947751103,S2-692345184,S2-42663649
S1-97535416	S2-221001086,S2-813164909,S3-582744792
S1-975359280	S2-464566268,S3-196706859
S1-975420190	S2-845778292,S3-664632255,S3-373372237,S3-875859912
S1-975433177	S2-388996565,S2-60511056,S2-107430782,S2-417121997,S3-706188958,S3-365199325
S1-975559259	S3-264224663
S1-975578346	S2-633505283,S3-958975047,S3-332240711,S3-225189467
S1-975587128	
S1-975597706	S2-818811743,S3-270306679
S1-975611837	S2-480508719,S2-104969251,S2-579187959,S3-350437122
S1-975715721	S3-40199432
S1-975782938	S2-68038810,S2-437770880,S2-569258697,S2-284431248,S3-627055396,S3-13913453,S3-664867794
S1-975858552	S2-428411106,S3-564315326,S3-365924055,S3-112398092
S1-975918088	S2-563913160
S1-976024581	S3-512670243,S3-152270633,S3-56598392
S1-976035620	S2-676203119,S2-392928600,S3-608701776
S1-976035826	S2-436810361,S3-117019383,S3-234280345,S3-684562332
S1-976054888	S3-409192381,S3-271436358
S1-976100047	S2-510912017,S3-528028985
S1-976100687	S2-970299418,S2-996352040,S2-2651580,S3-536483833
S1-97612003	S2-360020220,S2-454503284,S3-299873047
S1-976251126	S2-114218597,S2-854793198,S3-128099043,S3-903206686
S1-976314678	S2-463242820,S2-654757675,S3-961557954,S3-436059024
S1-976361540	S2-22879706,S2-317686144,S3-454107645,S3-691614589
S1-976368227	S2-648556403,S3-401433333,S3-665107779
S1-976422995	S2-601642402,S2-959165344,S3-896314779
S1-976426527	S2-563971899
S1-976520556	S2-160743512,S2-141416170,S3-956032623
S1-976577794	
S1-976689366	S3-304167864
S1-976740335	S2-890339734,S3-403179536,S3-494325386
S1-976868440	S3-178640965,S3-104334511
S1-976950461	
S1-976950564	
S1-976953841	S2-342032614,S3-986683428,S3-403753515,S3-272274878
S1-977153928	
S1-977293578	
S1-977394798	S2-432108902,S2-910477282,S2-612711910,S3-15339556,S3-680786197,S3-971328889
S1-977400013	S2-553401883,S2-33615561,S2-633862284,S2-457150596,S3-877377896
S1-977432997	S2-34199940,S3-979069388
S1-977441923	S2-931212591
S1-977556748	S2-100722901,S2-660516426,S2-869843028,S3-554540232
S1-977558657	S2-869904368,S2-271258347,S3-93641803
S1-977561482	S2-864378656,S2-761488300,S3-84448707,S3-5403079,S3-21156336
S1-977638737	S2-86517588,S2-818435745,S3-451062830
S1-977671509	S2-932344641,S2-345484348
S1-977761828	S2-49905685,S3-633532709,S3-755397430
S1-977835105	S2-925442163,S3-742604602,S3-181689162,S3-666378364
S1-97802018	S2-957617486,S2-162561808,S2-329128126,S3-431027416,S3-301958166
S1-978041779	S2-706385614,S2-307050051,S2-769522178,S3-150803376,S3-746517853,S3-493432875
S1-978067532	S2-120691296,S3-258428081,S3-883249142
S1-97807208	S2-885492269,S3-246210024,S3-660882853,S3-277031107,S3-30931530
S1-978081048	S2-404521049,S2-416527717,S2-701264476,S3-188401639,S3-976364904,S3-639040408
S1-978207079	S2-436444582,S3-377986621,S3-213337866
S1-978290859	S2-679569721,S3-758377285
S1-97829853	S2-404949795,S2-593991231,S2-823042758,S2-145786846,S3-63014199,S3-263618089,S3-752919685
S1-978421811	S2-798657992,S2-346720876,S2-687120101,S2-847503139,S3-453096432
S1-978481937	S2-434149920,S2-700540796,S2-823719750,S3-546673663,S3-597373173,S3-843899281
S1-978627633	S2-243518018,S2-242808222,S3-683224467,S3-838054916,S3-852328787,S3-882026302,S3-169940611
S1-978702741	S2-530419654,S3-315453197,S3-931791931
S1-978779753	S2-200895976,S3-647382678
S1-978785454	S2-136745894,S2-410320411,S3-717137576,S3-818631398
S1-978944884	
S1-978958016	S2-19555644,S3-516172161,S3-992181381,S3-612603554
S1-97897835	S2-940120369,S2-834743985,S2-891030982,S2-620864222,S3-458049333
S1-979016963	S2-872773875,S2-258684049,S2-646959656
S1-979077465	S2-934263998,S2-38189952,S2-848815040
S1-979091918	S2-779364027,S2-253935960,S3-741429082,S3-727659476
S1-979110037	S3-987942851,S3-678758326
S1-979118996	S2-318526395,S2-762475424,S2-199380564,S2-118848390,S3-1125212,S3-681801392,S3-746382079
S1-979141891	S2-376363948,S3-583595099,S3-458996066,S3-21698295
S1-979177038	S3-749677093,S3-71644914
S1-979441010	S2-256862103,S3-814701022,S3-641602877
S1-979525320	
S1-979641318	S2-316963067,S2-252620131,S3-989502228,S3-471082063
S1-979688816	S2-67435719,S3-137087442
S1-979720934	S2-171510864,S2-997890311,S3-971193295
S1-979729653	S2-70132275,S2-442641305,S2-5102833,S3-472726298,S3-22087839,S3-103897250
S1-979782313	S2-252430961,S2-593015534,S2-680369794,S3-390642555,S3-477338538,S3-381981268
S1-979812359	S2-554346451,S2-542813217,S3-757281209
S1-97984481	S2-379366501,S3-783051592
S1-979855140	S2-931663095,S3-259994926
S1-980163998	S2-616179328,S3-104448891
S1-980249553	S2-606155894,S2-926777209,S3-982211362,S3-450391713
S1-98027087	S3-542421719,S3-945093356
S1-980315221	S2-302012315,S2-984845579,S3-679115212,S3-291214878
S1-980428883	S2-789623939,S3-483028087,S3-401002954
S1-98045224	S2-838600671,S3-189347057,S3-812915397
S1-980459741	S2-238996050,S3-625395436
S1-980517857	S3-539494804,S3-899056327
S1-98053417	S2-749534257,S3-371356846,S3-203610974,S3-535869978
S1-980604313	S2-136046480,S2-751189639
S1-980647955	S2-695392547,S2-49226667,S3-991169456,S3-850510886
S1-980713966	S2-540606458,S3-169409133,S3-738302342,S3-800254472,S3-602048886
S1-980723900	S2-903309802,S2-42238290,S2-450593940,S3-828827303
S1-980743935	
S1-980765459	S2-893598269,S3-949423356,S3-712792866,S3-486256278,S3-749859289
S1-980837631	
S1-980896022	S2-66409112,S2-787569406,S2-52094254,S3-555014302
S1-98094375	S2-964229449,S2-652760637,S3-222306445,S3-58963613
S1-980952753	S2-256210979,S3-8301610
S1-980962065	S2-934738668,S3-677566070,S3-68280279
S1-980995973	S2-656602064,S3-317291486
S1-98101354	S2-930855249,S2-441783912,S3-745879715
S1-981067342	S2-892241008,S2-180629302
S1-981079578	S2-582410681,S2-934085789
S1-981113832	S2-952328649,S2-164050996,S3-340696077,S3-504362419,S3-18168752,S3-491486277
S1-981230299	S2-785880289,S2-485507085,S2-765515047,S3-731210168,S3-693929488
S1-981277172	S2-406456516,S2-694988290
S1-981322415	S2-379441767,S2-816832730,S2-366763742,S3-876546152,S3-679177950
S1-981348858	S2-408095095,S2-511325418,S3-489219123,S3-634690340,S3-553878829
S1-981374926	S2-649007752,S2-999497175,S3-550726013,S3-494410893,S3-900376324,S3-629555396
S1-981456212	S2-511076527,S3-773257997
S1-981472733	S2-786019219,S3-804293461
S1-981529168	S2-952989988,S2-124972990,S2-434086916,S2-863827022,S3-475006400,S3-629650973,S3-72973122
S1-981535067	S2-445857908,S2-580846050,S3-444800911,S3-141363468,S3-646522854
S1-981598665	S2-237878459,S2-454403924,S2-343884469,S3-839983384,S3-25416993,S3-91468677
S1-981598721	S3-467733408
S1-981722438	
S1-981796386	S2-15060085,S2-695472998,S2-272538390,S3-836070335,S3-699885191,S3-424768946,S3-982429181
S1-981810981	S2-868265929,S3-525430127
S1-981827007	S2-250787138,S3-879536172
S1-981829395	S2-626193645,S2-754894099,S3-212204611
S1-981953023	S3-64747179,S3-563174223
S1-982212323	S2-769046292,S2-199405657,S3-572074347,S3-914099415
S1-982386673	S2-742279466,S2-77628773,S3-888538377,S3-380794192
S1-982401402	S2-406843805,S2-526659206,S3-942204180
S1-982461440	S2-943639431
S1-982540056	S2-915977386,S2-668967907,S3-216167069
S1-982568416	
S1-982681948	S2-241529357,S2-234081095,S2-930090715,S3-57695674
S1-982686829	S2-404154962,S2-526005490,S3-617557648,S3-165625912,S3-242523612
S1-98269059	S2-716072265,S2-782571090,S3-921738210,S3-519623496
S1-98270099	S2-840780261,S2-744109744,S3-172419680
S1-982727242	S2-576752737,S2-686339091,S3-267570767
S1-982778827	
S1-982793504	S2-502213248,S2-408246022,S3-882154805,S3-665381738
S1-982868694	S2-5133905,S2-716100176,S3-369203561,S3-855816988,S3-959546347
S1-982920604	S2-841380629,S3-305967921,S3-658923920,S3-335495516
S1-983005786	S3-860819886,S3-183462058
S1-983020527	S2-126040959,S2-673580738,S2-141704431,S3-61349275
S1-983045181	S2-293501709,S3-821539035,S3-35011984,S3-237073035,S3-358061046,S3-681925449
S1-983142592	S2-378861086,S2-191461516,S3-864197123,S3-104942109
S1-983147950	S2-488042665,S3-104066009,S3-546792702
S1-983209064	S2-49162254,S2-811969477,S2-412454946,S2-883550056,S3-840713069
S1-983227020	S2-261428039,S3-230194475,S3-626384143,S3-671422662
S1-983238622	S2-646045412,S2-144703472,S2-234818952,S2-353209914
S1-983389656	S2-684144654,S3-547460786,S3-17356812
S1-983559258	S2-554232471,S3-595874000
S1-983717673	S2-881251351,S2-899266922,S2-761499544,S3-802309368,S3-515605269,S3-679979468
S1-983770216	S2-70305000,S3-749761199,S3-207384708,S3-831729254,S3-235993356,S3-244551229
S1-983783982	S2-261797486,S2-715067400,S3-874274545
S1-98379633	S2-830499821,S2-89516815,S3-680565823,S3-717235115,S3-270141837
S1-983830588	S2-176823816,S2-571449167,S2-480139394,S3-804387232
S1-983841430	S2-773833791,S3-660226694,S3-782601974
S1-983865246	S2-383608744,S3-792972051,S3-655176597,S3-903316069,S3-621640911,S3-613513801
S1-984026438	S2-165709454,S2-538912339,S3-725112902,S3-8906703
S1-984034359	S2-130113780,S2-255116572,S2-426401086,S2-310220474,S3-814929356
S1-98406063	S2-973603118,S3-297675928,S3-944152394,S3-133292518
S1-984202273	S3-493768313,S3-860305059
S1-984272208	S2-871523120,S2-559783874,S2-40007846,S3-184675902,S3-674254421,S3-46337256
S1-984366594	S2-645587225,S3-215637860,S3-583536091
S1-984391780	S2-249994838,S2-331918974,S2-356424552,S3-97742382
S1-9845198	S2-349742603,S3-918990968,S3-656786207
S1-984601598	S2-939750053,S2-718827722,S3-583378626,S3-67829077
S1-984643435	S2-845504669
S1-984675116	S2-284531411,S2-374210047,S2-960934346,S2-320595453,S3-167181728,S3-818823857
S1-984719248	S2-823972127,S3-105105097
S1-984739120	S2-367097110,S3-813219469,S3-881055567
S1-984758345	S2-886603276,S2-6373612,S2-362131903,S3-506895296,S3-178359751,S3-491173933,S3-802775968
S1-98489499	
S1-984936616	S2-448735541,S2-110131394,S3-900428880
S1-984954248	S2-834293892,S2-193908838,S3-65842945,S3-858675848
S1-984999301	S2-114194408,S3-815315792,S3-968664668
S1-985029820	S2-11653448,S3-156314549
S1-985115950	S2-487973596,S2-814535454,S3-529544967,S3-130280851,S3-376717646
S1-985219722	S2-901552920,S3-298428680,S3-23390905,S3-74151398
S1-985478007	S2-344409049,S2-126319368,S2-369525360,S2-299399402,S3-263779511,S3-437365450
S1-985737720	S2-871762546,S3-626664284,S3-325881435
S1-985768276	S2-709632172
S1-985797292	S2-229962462,S2-108341739,S3-208708169,S3-403810258
S1-985812498	S2-763840359,S3-400318649,S3-691897735
S1-985875082	S2-164455282,S3-135343147,S3-514665685,S3-752483248,S3-6019491
S1-985965218	S2-102386627
S1-986004711	S2-321256326,S2-983621202,S2-594709853,S3-906309013,S3-181634095,S3-749178640
S1-986042724	S2-534863678,S2-378540710,S3-258754552
S1-986050576	S2-36758652,S2-635568417,S2-220108550,S2-452497268,S3-67829167
S1-986053145	S2-473773660,S3-266001276
S1-986074597	S2-183726418,S2-464311955,S2-481530538,S3-126164336
S1-986159053	S2-387293082,S3-478233060,S3-475556238
S1-986185886	S2-90709140,S2-893513076,S2-243335201,S3-436443483,S3-574599411
S1-986211643	S2-22701523,S2-475824934,S2-747215997,S2-162253642,S3-681856924,S3-60098064
S1-986247710	S3-842070845
S1-986247855	S3-231117083,S3-138886434
S1-986274033	S2-352081518,S2-267056709,S3-77406692
S1-986341688	S2-508062562,S2-86107946,S3-42650180
S1-98641401	S2-886304338,S2-724038468,S3-624471331
S1-986449948	S2-864740331,S3-14753625,S3-448959623
S1-986477102	S2-340768367,S2-593758503,S3-489812105,S3-948405243
S1-986500366	S3-913591554,S3-84259720
S1-986539930	S2-813093920,S2-439139181,S2-614449478,S3-685946876,S3-691266465,S3-60239710
S1-986555638	S2-486446065,S3-969328893
S1-986669870	S2-726966483,S2-480672999,S3-933668196
S1-986774871	S2-86636105,S3-735146437,S3-335805855,S3-242642783
S1-986809492	S2-648440295,S2-249459026,S3-826512465,S3-116388869
S1-986883228	S2-111054755,S2-263615494,S3-824429231
S1-986919872	S2-251280813,S2-254833507,S3-290854977,S3-378087532
S1-986921557	S2-738110676,S2-395580837,S3-197174809,S3-156020061
S1-986937571	S2-234246108,S2-303721686,S2-462408254,S3-59245641,S3-293681311
S1-98694350	S2-105203599,S2-983394484,S2-916467141,S2-318569672,S3-714327457
S1-98695132	S2-69480855,S3-676462627
S1-987268237	S2-287789334,S2-646326138,S3-580522669,S3-815282535,S3-362472765
S1-987319973	S2-209283718,S3-496575025
S1-987325671	S2-985301702,S2-329746029,S2-497974686,S3-278018180,S3-346483057
S1-98732730	
S1-987359781	S2-149623778
S1-987377471	S2-181009022,S3-500841450,S3-13997290
S1-987433229	S2-881981173,S2-645427909,S2-316840565,S2-591863816,S3-323727475
S1-987581440	S2-129608426,S2-119054408,S3-299586902,S3-697407937,S3-65365817
S1-987729195	S2-684357502,S3-664603579,S3-250202209
S1-987792028	S2-146573610,S3-723697078,S3-834182127
S1-987797639	S2-57195643,S2-265452495,S3-367420194,S3-304651060,S3-511627969
S1-987852033	S3-225964967,S3-263793954
S1-987857116	S2-680442818,S2-128627106,S2-653506377,S2-642546646,S3-259708124,S3-972371064
S1-988050204	S2-283889982,S2-17004091,S3-561865586
S1-988066227	S2-279755140,S2-284512992,S3-645860600,S3-909811468,S3-264239262
S1-988192508	S2-836349705,S2-825190524,S3-90248249,S3-779221374
S1-988196784	S2-450137190,S3-852612942
S1-988243294	S2-577496001,S2-256689889
S1-98837442	S2-194505922,S2-70255217,S3-631642556
S1-988424122	S2-594322841
S1-988472214	S2-297225952,S3-688463577,S3-620774851
S1-988634923	S2-538774200,S2-42503544,S2-915585998,S3-957843147
S1-988665756	S2-782300304,S3-567662756,S3-133396462,S3-536969412
S1-988719576	S2-953427223,S2-180466902
S1-98875	S2-602170506,S3-374341994,S3-673759775,S3-847020402
S1-988750843	S2-678267552,S2-291627645,S2-249749480,S3-257984754,S3-791583237,S3-570437565
S1-98877568	S3-534263035,S3-833754358,S3-829342407
S1-988781886	S2-51302108,S2-422568696,S3-659307801,S3-217762286
S1-988880659	S2-800554971,S3-868040997
S1-988944700	S2-408261614,S3-100104889
S1-989012060	S2-860412950,S2-724730106,S3-770429757,S3-786647960,S3-950045374
S1-989024332	S2-318935315,S3-365857568
S1-98907782	S2-819710060,S3-855191797,S3-23372531
S1-989089690	S2-621577533,S3-646326110
S1-989170532	S2-193605194,S2-173679535,S2-462448272,S2-185785332,S3-621469669
S1-98939419	S2-348283691,S2-882674165,S2-17809864,S2-864886464,S3-217744202
S1-989431481	S2-885617434,S3-714225391
S1-989463005	S2-289907198,S2-596030202,S2-443132539,S3-767961737
S1-989548386	S2-884311329,S3-626106554,S3-260284309,S3-748750749,S3-201853542
S1-989624497	S2-102016982,S3-846333509,S3-308907221
S1-989673476	S2-578675615,S3-716212579,S3-545482939,S3-769887076
S1-989697739	S2-854526264,S2-629120356,S2-265821273,S3-772565474
S1-989711186	S2-190210414,S2-238085063,S2-676641037,S3-496972884
S1-98975202	S2-732369506,S2-132684609,S2-392349725,S3-120712531
S1-989756915	S2-357396248,S3-254501369,S3-850096948,S3-411793583
S1-989793473	S3-576317924
S1-989795821	S2-977458941,S3-721781624,S3-557118240
S1-989828721	
S1-989871299	S2-606282451,S2-560837889,S2-173801951,S3-417273036
S1-989907143	S2-785357963,S2-383095635,S3-393867345,S3-38696540,S3-920555007
S1-989992018	S2-310401983,S2-880546750,S3-467321432,S3-352128056,S3-361393487,S3-614337665
S1-990055786	S2-657681786,S3-332822558,S3-959683265
S1-990091013	S2-745354776,S3-756920312
S1-990101162	S2-426143036,S2-299623745,S2-495465328,S3-453142925,S3-491347924,S3-448089936,S3-534208127,S3-573256773
S1-990135533	S2-223731374,S2-581442681,S2-649651950,S3-198291658,S3-89192692,S3-155807115
S1-990167370	
S1-990171216	S2-589496762,S3-728154493,S3-824402410,S3-240630405
S1-990237311	S2-516373110,S3-794773270
S1-990268501	S2-346598284,S3-874518772,S3-259543267
S1-990390187	S2-252335802,S2-577421798,S2-938597756,S3-977567780
S1-990496898	S2-498688727,S2-928165361
S1-990716144	S2-964972430,S3-616892265,S3-169979065,S3-178421278
S1-990719226	S2-327046860,S2-726218147,S3-49451449
S1-990771172	S2-752040350,S3-734289586,S3-52990510,S3-667451704
S1-990827644	S2-267838256,S2-446264977,S3-344895411,S3-508752773,S3-62001771
S1-990915256	S2-587993768,S3-462533256
S1-990950410	S2-815680443,S2-314555726,S3-946778228,S3-466020565
S1-990956952	S2-859926103,S2-880718918,S3-360883095,S3-555164869
S1-990963385	S2-75294065,S2-722502905,S3-704912005,S3-13839276
S1-99111987	S2-923984189,S3-624485701
S1-991181699	S2-191723125,S3-123655559
S1-991238265	S2-958251619,S3-420729052,S3-934982624
S1-991274072	S2-258434033
S1-991340569	S2-582995786,S2-333548542,S2-769803497,S2-115387510,S3-912172197,S3-989961437,S3-897651514
S1-991414195	S2-933138318,S3-778710221
S1-991495703	S2-160762912,S2-378366218,S3-523281320,S3-459019898
S1-991537262	S2-976424540,S2-408270784,S3-895807504
S1-991668615	S2-812822155,S3-736395483,S3-212626829
S1-991759776	S3-449324373
S1-991765298	S2-648133590,S3-414853219,S3-425121755
S1-991769982	S2-377552064,S2-160028367,S3-445466106,S3-792954529,S3-592992823
S1-991913884	S2-766356945,S3-376040695
S1-991918857	S2-712120262
S1-992000756	S2-557851161
S1-992038962	S2-743511743,S3-111421331
S1-992082801	S2-4980817,S3-439474784,S3-333174613
S1-99214300	
S1-992152685	S2-930636063,S2-733934553,S3-207697622,S3-92813415
S1-992220169	S2-38402522,S3-519314175,S3-866256808,S3-516069327,S3-307654433
S1-992273564	S2-576779340,S3-636189948,S3-503006943
S1-992285403	S2-859458417,S2-497296372,S3-19215701,S3-771111127
S1-992308023	
S1-992351945	S2-485180843,S2-535457454,S3-338608979,S3-417372281,S3-509135050,S3-827977071
S1-992377597	S2-475272593,S2-702375690,S3-835746062,S3-112960747
S1-992385809	S2-434322298,S3-946629856,S3-746247359
S1-992399324	S2-923259327,S2-525506046,S2-465160308,S3-211763173,S3-641735805,S3-425575651
S1-992527248	S2-397803203,S2-459258279,S3-356278414,S3-35514536
S1-992546498	S2-220196581,S2-900528702,S2-375393727,S3-49982181,S3-709958722,S3-787380712,S3-390522384
S1-992753279	S2-312404985,S2-755631581,S2-990706504,S2-607034463,S3-670973319,S3-12557728
S1-992811668	S2-291679205,S3-7459859,S3-284825293,S3-238392401,S3-669657152,S3-589516836,S3-703394942
S1-992820561	S2-757208096,S3-682893323
S1-992838145	S2-620913355,S3-32316103,S3-448737771
S1-992841194	S2-442892982,S2-841334191,S2-930529835,S3-881923060
S1-992878411	S2-181423589,S3-576611757,S3-886558308
S1-992904680	S2-622803707,S2-72116820,S3-239128920,S3-629146901
S1-992931899	S2-181928713,S3-553803380
S1-992934101	S2-760371363,S3-177124477
S1-992945206	S2-361964646,S3-511828312
S1-992960172	S2-827941085,S3-987540080,S3-782435422
S1-992974748	S2-457075356,S3-477341010,S3-213035099
S1-993042684	S2-932283562,S2-500296583,S3-744909401
S1-99312876	S2-311411309,S3-293820194,S3-99972209,S3-182483889
S1-993138990	S2-390940787,S3-996665221,S3-521805045
S1-993170234	S2-950409624,S3-795844484,S3-318020875
S1-993308333	S2-105053319
S1-993474825	S2-538159879,S2-199116122,S3-859273283,S3-808638388
S1-993557886	S2-26649389,S2-146798543,S3-234391763,S3-104728941,S3-625119806
S1-993616051	S2-231596669,S2-835964163,S3-735440538,S3-176949951,S3-792318706
S1-993748463	S2-487968062,S3-47817583
S1-993749406	S2-911793604,S2-268792030,S3-482647078
S1-993757696	S2-995576480,S2-948744755,S3-619202057
S1-993800061	S2-589908767,S2-606743945,S3-460448654,S3-920719301,S3-709071615,S3-567515522
S1-993813306	S2-164873834,S2-455671100,S3-798801650
S1-993830044	S2-934570570,S3-673961595
S1-99383171	S2-40447499,S3-451698430
S1-994001855	S2-134146238,S3-478311576
S1-994058751	S2-5708747
S1-994068196	S3-576457173,S3-232015152
S1-994103824	S2-152621640,S2-870622068,S3-171841501,S3-675941019,S3-142238950
S1-994104384	S2-139444677,S2-589750281,S2-516549188,S3-666914083
S1-994134687	S2-404940547,S2-812538645,S3-891006716
S1-994194951	S2-760431176,S2-837013174,S3-414335061,S3-80753198,S3-92097573
S1-994242238	S2-554519206,S2-552007106,S2-411983211,S2-80404404,S3-67407218,S3-442427698,S3-454311100
S1-994621626	S2-607087957,S2-665812251,S2-30288420,S3-964400958
S1-994647429	S2-364106218,S2-913474202,S2-888979832,S3-594873499
S1-994750683	S2-969749352,S3-776566764,S3-955156053,S3-245220173
S1-994886197	S2-188718311,S2-721963932,S2-347020936,S3-919736559,S3-687981985
S1-994916498	S2-378297123,S3-122217055,S3-667148542,S3-396071487
S1-994923714	S2-108021864,S3-942662911,S3-993682219,S3-395451214,S3-763459874,S3-561052323
S1-994981371	S2-688821163,S3-897368132,S3-643208132,S3-260946776,S3-181226946
S1-994985573	S2-89274149,S2-105128371,S3-695833500,S3-575459170
S1-995089146	S2-355659609,S2-11855381,S3-815182758
S1-995119531	S2-766393967,S2-907006949
S1-995142506	S2-929211273,S2-69755169,S3-249704174,S3-263022890
S1-995217504	S2-4201320,S3-771481338
S1-995239695	S2-405968798,S2-144777507,S3-871830574
S1-995373191	S2-641635808,S2-349128317,S3-616174331,S3-591892411
S1-995413308	S2-119160686,S2-271523835,S2-416913833,S3-177780067
S1-995415236	S2-56764137,S2-73672391,S2-515990867,S3-516588447,S3-139385374,S3-86612268,S3-108024015
S1-995505791	S2-48267424,S2-986593917,S3-75710071,S3-449191883,S3-732721027
S1-995573593	S2-715698546,S2-1565902,S3-719328887,S3-271289080
S1-995582808	S2-598274918,S3-569062273,S3-579778111,S3-133722772
S1-995598895	S2-695350736,S2-64837117,S2-355593156,S3-683281146,S3-320768284,S3-162599127
S1-995599332	S2-210746911,S3-697781483,S3-862967018
S1-995628031	S2-205424592,S2-684131997,S3-274051022
S1-995824763	S2-447902032,S2-347397912,S3-981339050,S3-270164409
S1-995832923	S2-566028660,S3-546373645,S3-362732922,S3-718963112
S1-995917306	S2-484940524,S2-486068654,S3-609804716,S3-788580581
S1-995931913	S2-990086950,S2-150876412,S3-790444053
S1-995973779	S2-71763476,S2-255549892,S3-453835486,S3-325738184
S1-996050074	S2-874203630,S2-855554493,S2-115481514,S2-709146652,S3-691691399
S1-996052950	S2-148290860,S3-328503268,S3-768709839
S1-996088765	S2-40922104,S3-216842571,S3-797932731,S3-976881452,S3-407217677,S3-212907793
S1-996094653	S2-464897012,S2-409414608,S2-120018317,S3-325158032,S3-181491433
S1-996112288	S2-37026299,S3-909266589,S3-290235153,S3-772708554,S3-68331620
S1-996138745	S3-974451221
S1-996198358	S2-816316867,S2-52395652,S2-701437686,S2-598579389,S2-983633878,S3-527745690,S3-932010838,S3-581579913,S3-757726688
S1-9962245	S2-388089625,S2-233640358,S3-746501012
S1-996233499	S2-74688975,S2-962209450,S2-885158759,S3-8213387
S1-996343863	S2-357165531,S2-892769748,S3-369824999,S3-815606106
S1-996350302	S2-694655394,S2-851279244
S1-99646038	S2-912001265,S2-99174011,S3-159249689
S1-996564980	S2-806357024,S2-269798819,S3-880989926
S1-996714867	S2-213456267,S3-336127623,S3-225526002,S3-370190244,S3-428797196
S1-996758769	S2-883699406,S2-110781246,S2-516767785,S3-147754460,S3-408665436
S1-996771371	S2-570080653,S3-565419901,S3-7327388
S1-997044471	S2-125357535,S2-448701806,S2-831674914,S3-376261806,S3-919645361,S3-948202641,S3-925731880,S3-359835786
S1-997093320	S2-295467666,S2-907955846,S2-181411933,S3-546291884,S3-166545720,S3-147364100,S3-281342598
S1-997118085	S2-882957866,S3-728741119
S1-997135668	S2-781765989,S2-920896769,S3-186754250,S3-54408848,S3-110933961,S3-849680775
S1-997153330	S2-948075204,S2-290759603,S2-282360447,S3-441865669,S3-760422268
S1-997182181	S2-255927140,S3-190371363,S3-934537405
S1-9972431	S2-948632604,S2-786210652,S3-678991568
S1-997271935	S2-857613889,S2-383191482,S2-999381930,S3-331051172,S3-297350518
S1-997327949	S2-149281845,S2-530617961,S3-963125838,S3-595042905
S1-997463922	
S1-997514387	S2-437398309,S3-408062374,S3-777450822,S3-236937170
S1-997577105	S3-503264518,S3-599039864
S1-997595882	S2-196956636,S2-16460962,S3-746647380,S3-740382703
S1-997608635	S2-747566535,S2-881620474,S3-164736407,S3-194076088
S1-997621816	S2-135637139,S2-213772768,S3-996617622
S1-997634092	S2-107327582,S2-91267473,S3-710818296,S3-846748595
S1-99778047	
S1-997843033	S2-409335610,S3-190021583,S3-715748700
S1-997901714	S2-615355172,S3-599795472,S3-480531839
S1-99790837	S2-580351942,S3-778780520
S1-997913396	S2-862126583,S2-68743707,S3-825971999
S1-997917971	
S1-997945502	S2-935825997,S2-267111844,S2-551625743,S3-524700830
S1-997989453	S2-89788144,S3-765750541
S1-997993932	S2-866373148,S2-213577083,S3-660846333
S1-997994133	S2-573879596,S2-690396685,S3-419468265,S3-213387618,S3-595802008
S1-99800460	
S1-998072112	S2-694848477,S2-372728560,S2-80897995,S2-95296190,S2-265580545,S3-461303130,S3-617313567
S1-998099591	S2-14778728,S2-803157865,S3-245730444,S3-479272292
S1-998100199	S2-976463364,S2-723909978,S3-792218645,S3-579054166
S1-998107318	S2-955054964,S2-122410499,S2-259258454,S3-695627496,S3-613421614,S3-898504821,S3-709577300,S3-759478283
S1-998351003	S2-209399685,S2-911508063,S2-548104133,S3-407592698,S3-842000319,S3-555374278,S3-776960886
S1-99843763	S2-771820571,S3-500182961,S3-635542370
S1-998456067	S2-229680450,S2-249615899,S3-704667915,S3-8400450
S1-998516824	S3-495359222
S1-998613706	S2-253123571,S3-278612069,S3-217234792
S1-99865654	S2-746605593,S2-487713354,S2-382292647,S3-12402154,S3-867240677
S1-9986668	S2-19793728,S3-286041468,S3-348661114
S1-998680053	S2-771070395,S3-77497468,S3-196063760,S3-142038437
S1-998752988	S2-978571531,S3-545413474
S1-998868171	S2-184028254,S2-223837438,S2-747253613,S3-645381414
S1-998878079	S2-200200861,S2-854486442
S1-998926961	S2-537745251,S3-579915688
S1-99895545	S2-575244754,S2-300537257,S2-48265624,S3-250806318,S3-275945913
S1-999029343	S2-513528222,S2-689770318,S2-337596439,S3-282284267,S3-468167876
S1-9991680	S2-740280703,S2-682289970,S2-371056784,S3-982082020,S3-878651606
S1-999172736	S2-57634060,S3-275953620,S3-963371117
S1-999184688	S2-641924194,S2-181262873,S2-408376429,S3-306306894,S3-512661902,S3-29615172
S1-999306918	S2-48345637,S3-600906965,S3-573043812,S3-666871737,S3-21940720
S1-999312791	S3-87968880,S3-775748143
S1-999363341	
S1-999393253	S2-936267842,S3-299505422,S3-386759356
S1-999458101	S2-243038250,S2-427000360,S2-64537545,S2-261095891,S3-969076426
S1-999539277	S2-281186849,S2-62280873,S3-681325210,S3-984541839,S3-18449781
S1-999558845	S2-88921568,S2-287781612,S2-233323319,S3-734097793
S1-999989223	S2-810833496,S3-747398132,S3-133143893,S3-123721017
